<?xml version="1.0" encoding="UTF-8"?><gpx creator="Health" xsi:schemaLocation="http://www.topografix.com/GPX/1/0 http://www.topografix.com/GPX/1/0/gpx.xsd" version="1.0" xmlns="http://www.topografix.com/GPX/1/0" xmlns:xsi="http://www.w3.org/2001/XMLSchema-instance"><metadata><time></time></metadata><trk><type>Lari lintas alam</type><extensions><totalTime>5429.0</totalTime><cumulativeDecrease>388.3999938964844</cumulativeDecrease><cumulativeClimb>382.29998779296875</cumulativeClimb><totalDistance>10630.0</totalDistance><routeType>0</routeType></extensions><trkseg><trkpt lat="-8.091103227778765" lon="113.66488719345254"><ele>424.1</ele><time>2026-08-14T08:52:38.000Z</time></trkpt><trkpt lat="-8.091119494445799" lon="113.66488366011905"><ele>424.1</ele><time>2026-08-14T08:52:39.000Z</time></trkpt><trkpt lat="-8.091128534445795" lon="113.66487660345236"><ele>424.1</ele><time>2026-08-14T08:52:40.000Z</time></trkpt><trkpt lat="-8.091140824446047" lon="113.66487239011902"><ele>424.1</ele><time>2026-08-14T08:52:41.000Z</time></trkpt><trkpt lat="-8.091151954446289" lon="113.66486748678571"><ele>424.1</ele><time>2026-08-14T08:52:42.000Z</time></trkpt><trkpt lat="-8.091162721113268" lon="113.66486428345245"><ele>424.1</ele><time>2026-08-14T08:52:43.000Z</time></trkpt><trkpt lat="-8.09117489111348" lon="113.66485961345249"><ele>424.1</ele><time>2026-08-14T08:52:44.000Z</time></trkpt><trkpt lat="-8.091188111113757" lon="113.66485476345244"><ele>424.1</ele><time>2026-08-14T08:52:45.000Z</time></trkpt><trkpt lat="-8.091201021113955" lon="113.66484947678573"><ele>424.1</ele><time>2026-08-14T08:52:46.000Z</time></trkpt><trkpt lat="-8.09121393111415" lon="113.66484467678568"><ele>424.1</ele><time>2026-08-14T08:52:47.000Z</time></trkpt><trkpt lat="-8.091229104447605" lon="113.66483903011897"><ele>424.1</ele><time>2026-08-14T08:52:48.000Z</time></trkpt><trkpt lat="-8.091243897781187" lon="113.66483414678558"><ele>424.1</ele><time>2026-08-14T08:52:49.000Z</time></trkpt><trkpt lat="-8.091259974448178" lon="113.66482966011893"><ele>424.1</ele><time>2026-08-14T08:52:50.000Z</time></trkpt><trkpt lat="-8.09127610778172" lon="113.66482403011896"><ele>424.1</ele><time>2026-08-14T08:52:51.000Z</time></trkpt><trkpt lat="-8.091292991115122" lon="113.6648171634524"><ele>424.1</ele><time>2026-08-14T08:52:52.000Z</time></trkpt><trkpt lat="-8.091308301115216" lon="113.66481001345247"><ele>424.1</ele><time>2026-08-14T08:52:53.000Z</time></trkpt><trkpt lat="-8.091323004448611" lon="113.66480404345252"><ele>424.1</ele><time>2026-08-14T08:52:54.000Z</time></trkpt><trkpt lat="-8.091335804448649" lon="113.6647976334526"><ele>424.1</ele><time>2026-08-14T08:52:55.000Z</time></trkpt><trkpt lat="-8.091346761115455" lon="113.66479306345263"><ele>424.0</ele><time>2026-08-14T08:52:56.000Z</time></trkpt><trkpt lat="-8.091357064449102" lon="113.66478980678593"><ele>424.0</ele><time>2026-08-14T08:52:57.000Z</time></trkpt><trkpt lat="-8.091366401116149" lon="113.66478696678595"><ele>424.0</ele><time>2026-08-14T08:52:58.000Z</time></trkpt><trkpt lat="-8.091376444449965" lon="113.66478275345267"><ele>424.0</ele><time>2026-08-14T08:52:59.000Z</time></trkpt><trkpt lat="-8.091388284450343" lon="113.66477912678599"><ele>424.0</ele><time>2026-08-14T08:53:00.000Z</time></trkpt><trkpt lat="-8.091401934450737" lon="113.66477522011932"><ele>423.7</ele><time>2026-08-14T08:53:01.000Z</time></trkpt><trkpt lat="-8.091416221117683" lon="113.66477173345265"><ele>423.7</ele><time>2026-08-14T08:53:02.000Z</time></trkpt><trkpt lat="-8.091431141117818" lon="113.66476821011929"><ele>423.7</ele><time>2026-08-14T08:53:03.000Z</time></trkpt><trkpt lat="-8.09144598445122" lon="113.66476579678593"><ele>423.7</ele><time>2026-08-14T08:53:04.000Z</time></trkpt><trkpt lat="-8.0914601177847" lon="113.66476361011924"><ele>423.7</ele><time>2026-08-14T08:53:05.000Z</time></trkpt><trkpt lat="-8.091472957784893" lon="113.66476056011918"><ele>423.5</ele><time>2026-08-14T08:53:06.000Z</time></trkpt><trkpt lat="-8.091485211118352" lon="113.66475742345241"><ele>423.5</ele><time>2026-08-14T08:53:07.000Z</time></trkpt><trkpt lat="-8.091497844451897" lon="113.66475452011898"><ele>423.5</ele><time>2026-08-14T08:53:08.000Z</time></trkpt><trkpt lat="-8.091509197785394" lon="113.66475150345225"><ele>423.5</ele><time>2026-08-14T08:53:09.000Z</time></trkpt><trkpt lat="-8.091519994452222" lon="113.66474807678551"><ele>423.5</ele><time>2026-08-14T08:53:10.000Z</time></trkpt><trkpt lat="-8.091530451118906" lon="113.66474469678542"><ele>423.4</ele><time>2026-08-14T08:53:11.000Z</time></trkpt><trkpt lat="-8.091541987785718" lon="113.664740533452"><ele>423.4</ele><time>2026-08-14T08:53:12.000Z</time></trkpt><trkpt lat="-8.091553507785923" lon="113.66473584678529"><ele>423.4</ele><time>2026-08-14T08:53:13.000Z</time></trkpt><trkpt lat="-8.091566557786129" lon="113.66473077345181"><ele>423.4</ele><time>2026-08-14T08:53:14.000Z</time></trkpt><trkpt lat="-8.091580054452844" lon="113.66472597345167"><ele>423.4</ele><time>2026-08-14T08:53:15.000Z</time></trkpt><trkpt lat="-8.091595521119556" lon="113.66472089678489"><ele>423.1</ele><time>2026-08-14T08:53:16.000Z</time></trkpt><trkpt lat="-8.091610967786298" lon="113.66471566345145"><ele>423.1</ele><time>2026-08-14T08:53:17.000Z</time></trkpt><trkpt lat="-8.091626677786234" lon="113.66471098678467"><ele>423.1</ele><time>2026-08-14T08:53:18.000Z</time></trkpt><trkpt lat="-8.091640981119465" lon="113.66470589345127"><ele>423.1</ele><time>2026-08-14T08:53:19.000Z</time></trkpt><trkpt lat="-8.091655141119539" lon="113.66470095011789"><ele>423.1</ele><time>2026-08-14T08:53:20.000Z</time></trkpt><trkpt lat="-8.091668397786286" lon="113.66469715678451"><ele>422.8</ele><time>2026-08-14T08:53:21.000Z</time></trkpt><trkpt lat="-8.091681034453087" lon="113.66469440345114"><ele>422.8</ele><time>2026-08-14T08:53:22.000Z</time></trkpt><trkpt lat="-8.091692764453196" lon="113.66469202345111"><ele>422.8</ele><time>2026-08-14T08:53:23.000Z</time></trkpt><trkpt lat="-8.091706697786544" lon="113.66469088011777"><ele>422.8</ele><time>2026-08-14T08:53:24.000Z</time></trkpt><trkpt lat="-8.091721474453092" lon="113.66468998345108"><ele>422.8</ele><time>2026-08-14T08:53:25.000Z</time></trkpt><trkpt lat="-8.09173606445296" lon="113.6646881901177"><ele>422.6</ele><time>2026-08-14T08:53:26.000Z</time></trkpt><trkpt lat="-8.09175173445274" lon="113.66468688345101"><ele>422.6</ele><time>2026-08-14T08:53:27.000Z</time></trkpt><trkpt lat="-8.09176819445254" lon="113.66468574011768"><ele>422.6</ele><time>2026-08-14T08:53:28.000Z</time></trkpt><trkpt lat="-8.091784731119287" lon="113.66468421678432"><ele>422.6</ele><time>2026-08-14T08:53:29.000Z</time></trkpt><trkpt lat="-8.091801507785894" lon="113.66468268345099"><ele>422.6</ele><time>2026-08-14T08:53:30.000Z</time></trkpt><trkpt lat="-8.091819764452469" lon="113.66468107345099"><ele>422.3</ele><time>2026-08-14T08:53:31.000Z</time></trkpt><trkpt lat="-8.091837567785804" lon="113.66467895011768"><ele>422.3</ele><time>2026-08-14T08:53:32.000Z</time></trkpt><trkpt lat="-8.091855887785867" lon="113.66467634011765"><ele>422.3</ele><time>2026-08-14T08:53:33.000Z</time></trkpt><trkpt lat="-8.091873431119158" lon="113.66467380678432"><ele>422.3</ele><time>2026-08-14T08:53:34.000Z</time></trkpt><trkpt lat="-8.091891201119493" lon="113.66467085345099"><ele>422.3</ele><time>2026-08-14T08:53:35.000Z</time></trkpt><trkpt lat="-8.091908474453287" lon="113.66466834345101"><ele>422.0</ele><time>2026-08-14T08:53:36.000Z</time></trkpt><trkpt lat="-8.091926097786887" lon="113.66466612678437"><ele>422.0</ele><time>2026-08-14T08:53:37.000Z</time></trkpt><trkpt lat="-8.091945147787055" lon="113.66466405011772"><ele>422.0</ele><time>2026-08-14T08:53:38.000Z</time></trkpt><trkpt lat="-8.091965404453688" lon="113.66466184345104"><ele>422.0</ele><time>2026-08-14T08:53:39.000Z</time></trkpt><trkpt lat="-8.091986581120256" lon="113.66465974678431"><ele>422.0</ele><time>2026-08-14T08:53:40.000Z</time></trkpt><trkpt lat="-8.092009861120314" lon="113.66465762011758"><ele>421.8</ele><time>2026-08-14T08:53:41.000Z</time></trkpt><trkpt lat="-8.092034111120338" lon="113.66465525011749"><ele>421.8</ele><time>2026-08-14T08:53:42.000Z</time></trkpt><trkpt lat="-8.092058954454037" lon="113.66465272678411"><ele>421.8</ele><time>2026-08-14T08:53:43.000Z</time></trkpt><trkpt lat="-8.092085324454802" lon="113.66465024011741"><ele>421.8</ele><time>2026-08-14T08:53:44.000Z</time></trkpt><trkpt lat="-8.092111634455438" lon="113.66464777678407"><ele>421.8</ele><time>2026-08-14T08:53:45.000Z</time></trkpt><trkpt lat="-8.092137741122578" lon="113.66464582678407"><ele>421.4</ele><time>2026-08-14T08:53:46.000Z</time></trkpt><trkpt lat="-8.092163987789723" lon="113.66464400011739"><ele>421.4</ele><time>2026-08-14T08:53:47.000Z</time></trkpt><trkpt lat="-8.092188761123206" lon="113.66464250678405"><ele>421.4</ele><time>2026-08-14T08:53:48.000Z</time></trkpt><trkpt lat="-8.092213027789622" lon="113.66464139678403"><ele>421.4</ele><time>2026-08-14T08:53:49.000Z</time></trkpt><trkpt lat="-8.09223739112274" lon="113.66464066345068"><ele>421.4</ele><time>2026-08-14T08:53:50.000Z</time></trkpt><trkpt lat="-8.092260481122327" lon="113.66463998678401"><ele>420.9</ele><time>2026-08-14T08:53:51.000Z</time></trkpt><trkpt lat="-8.092283891121872" lon="113.66463953345067"><ele>420.9</ele><time>2026-08-14T08:53:52.000Z</time></trkpt><trkpt lat="-8.092307634454832" lon="113.66463899011731"><ele>420.9</ele><time>2026-08-14T08:53:53.000Z</time></trkpt><trkpt lat="-8.092329264454637" lon="113.66463878345061"><ele>420.9</ele><time>2026-08-14T08:53:54.000Z</time></trkpt><trkpt lat="-8.092348264454344" lon="113.66463866011729"><ele>420.9</ele><time>2026-08-14T08:53:55.000Z</time></trkpt><trkpt lat="-8.092365097787498" lon="113.66463873678393"><ele>420.8</ele><time>2026-08-14T08:53:56.000Z</time></trkpt><trkpt lat="-8.09238003445424" lon="113.66463977345055"><ele>420.8</ele><time>2026-08-14T08:53:57.000Z</time></trkpt><trkpt lat="-8.092394167787507" lon="113.66464088011716"><ele>420.8</ele><time>2026-08-14T08:53:58.000Z</time></trkpt><trkpt lat="-8.092408841120625" lon="113.66464078678379"><ele>420.8</ele><time>2026-08-14T08:53:59.000Z</time></trkpt><trkpt lat="-8.092424747787117" lon="113.66464079345045"><ele>420.8</ele><time>2026-08-14T08:54:00.000Z</time></trkpt><trkpt lat="-8.092441557786938" lon="113.66464073011711"><ele>420.5</ele><time>2026-08-14T08:54:01.000Z</time></trkpt><trkpt lat="-8.092458771120176" lon="113.6646407934505"><ele>420.5</ele><time>2026-08-14T08:54:02.000Z</time></trkpt><trkpt lat="-8.092476017787055" lon="113.66464096678388"><ele>420.5</ele><time>2026-08-14T08:54:03.000Z</time></trkpt><trkpt lat="-8.092492981120769" lon="113.66464145011719"><ele>420.5</ele><time>2026-08-14T08:54:04.000Z</time></trkpt><trkpt lat="-8.092508864454569" lon="113.66464369678383"><ele>420.5</ele><time>2026-08-14T08:54:05.000Z</time></trkpt><trkpt lat="-8.092524071121877" lon="113.6646457367838"><ele>420.3</ele><time>2026-08-14T08:54:06.000Z</time></trkpt><trkpt lat="-8.09253723778897" lon="113.66464644345042"><ele>420.3</ele><time>2026-08-14T08:54:07.000Z</time></trkpt><trkpt lat="-8.092547277789262" lon="113.66464700678371"><ele>420.3</ele><time>2026-08-14T08:54:08.000Z</time></trkpt><trkpt lat="-8.092555741122883" lon="113.6646492734504"><ele>420.3</ele><time>2026-08-14T08:54:09.000Z</time></trkpt><trkpt lat="-8.092563781123117" lon="113.66464952345041"><ele>420.3</ele><time>2026-08-14T08:54:10.000Z</time></trkpt><trkpt lat="-8.092571731123162" lon="113.66464947011711"><ele>420.3</ele><time>2026-08-14T08:54:11.000Z</time></trkpt><trkpt lat="-8.092579874456504" lon="113.66464971011715"><ele>420.3</ele><time>2026-08-14T08:54:12.000Z</time></trkpt><trkpt lat="-8.092590187789924" lon="113.66465019678385"><ele>420.3</ele><time>2026-08-14T08:54:13.000Z</time></trkpt><trkpt lat="-8.092602054456679" lon="113.66465034678386"><ele>420.3</ele><time>2026-08-14T08:54:14.000Z</time></trkpt><trkpt lat="-8.092613727790027" lon="113.6646507501172"><ele>420.3</ele><time>2026-08-14T08:54:15.000Z</time></trkpt><trkpt lat="-8.092626684456786" lon="113.66465174345053"><ele>420.3</ele><time>2026-08-14T08:54:16.000Z</time></trkpt><trkpt lat="-8.092639521123616" lon="113.66465291345052"><ele>420.3</ele><time>2026-08-14T08:54:17.000Z</time></trkpt><trkpt lat="-8.09265160112364" lon="113.66465403345053"><ele>420.3</ele><time>2026-08-14T08:54:18.000Z</time></trkpt><trkpt lat="-8.0926640377902" lon="113.66465482011722"><ele>420.3</ele><time>2026-08-14T08:54:19.000Z</time></trkpt><trkpt lat="-8.092677251123535" lon="113.66465619011724"><ele>420.3</ele><time>2026-08-14T08:54:20.000Z</time></trkpt><trkpt lat="-8.092690757790127" lon="113.66465795345057"><ele>420.3</ele><time>2026-08-14T08:54:21.000Z</time></trkpt><trkpt lat="-8.09270614112338" lon="113.6646601334506"><ele>420.3</ele><time>2026-08-14T08:54:22.000Z</time></trkpt><trkpt lat="-8.092723371123437" lon="113.66466228011727"><ele>420.3</ele><time>2026-08-14T08:54:23.000Z</time></trkpt><trkpt lat="-8.0927388611237" lon="113.66466397011727"><ele>420.3</ele><time>2026-08-14T08:54:24.000Z</time></trkpt><trkpt lat="-8.092753891123994" lon="113.66466572678397"><ele>420.3</ele><time>2026-08-14T08:54:25.000Z</time></trkpt><trkpt lat="-8.092766671124382" lon="113.66466706011734"><ele>420.3</ele><time>2026-08-14T08:54:26.000Z</time></trkpt><trkpt lat="-8.092777487791393" lon="113.6646684834507"><ele>420.3</ele><time>2026-08-14T08:54:27.000Z</time></trkpt><trkpt lat="-8.092785864458351" lon="113.66467009678406"><ele>420.3</ele><time>2026-08-14T08:54:28.000Z</time></trkpt><trkpt lat="-8.092794687791818" lon="113.66467254011744"><ele>420.3</ele><time>2026-08-14T08:54:29.000Z</time></trkpt><trkpt lat="-8.092803871125184" lon="113.66467524011748"><ele>420.3</ele><time>2026-08-14T08:54:30.000Z</time></trkpt><trkpt lat="-8.092813017791867" lon="113.6646786167842"><ele>420.2</ele><time>2026-08-14T08:54:31.000Z</time></trkpt><trkpt lat="-8.092820811125227" lon="113.66468265011756"><ele>420.2</ele><time>2026-08-14T08:54:32.000Z</time></trkpt><trkpt lat="-8.092828334458556" lon="113.66468666345092"><ele>420.2</ele><time>2026-08-14T08:54:33.000Z</time></trkpt><trkpt lat="-8.092836127792024" lon="113.66469064345094"><ele>420.2</ele><time>2026-08-14T08:54:34.000Z</time></trkpt><trkpt lat="-8.092843164458795" lon="113.66469294011756"><ele>420.2</ele><time>2026-08-14T08:54:35.000Z</time></trkpt><trkpt lat="-8.092853191125565" lon="113.66469496678414"><ele>420.2</ele><time>2026-08-14T08:54:36.000Z</time></trkpt><trkpt lat="-8.0928662211258" lon="113.66469671345071"><ele>420.2</ele><time>2026-08-14T08:54:37.000Z</time></trkpt><trkpt lat="-8.092879704459381" lon="113.66469819345062"><ele>420.2</ele><time>2026-08-14T08:54:38.000Z</time></trkpt><trkpt lat="-8.092892384459487" lon="113.66469949345051"><ele>420.2</ele><time>2026-08-14T08:54:39.000Z</time></trkpt><trkpt lat="-8.092904787792943" lon="113.66470345345051"><ele>420.2</ele><time>2026-08-14T08:54:40.000Z</time></trkpt><trkpt lat="-8.092914461126446" lon="113.66470746678382"><ele>420.2</ele><time>2026-08-14T08:54:41.000Z</time></trkpt><trkpt lat="-8.092923034459853" lon="113.66471083345054"><ele>420.2</ele><time>2026-08-14T08:54:42.000Z</time></trkpt><trkpt lat="-8.092933607793318" lon="113.66471460345058"><ele>420.2</ele><time>2026-08-14T08:54:43.000Z</time></trkpt><trkpt lat="-8.092946114460204" lon="113.66471800345064"><ele>420.2</ele><time>2026-08-14T08:54:44.000Z</time></trkpt><trkpt lat="-8.092961384460574" lon="113.66472011345067"><ele>420.2</ele><time>2026-08-14T08:54:45.000Z</time></trkpt><trkpt lat="-8.09297862446094" lon="113.66472156678405"><ele>420.2</ele><time>2026-08-14T08:54:46.000Z</time></trkpt><trkpt lat="-8.092995607794624" lon="113.6647219201174"><ele>420.2</ele><time>2026-08-14T08:54:47.000Z</time></trkpt><trkpt lat="-8.093011341128324" lon="113.66472161678409"><ele>420.2</ele><time>2026-08-14T08:54:48.000Z</time></trkpt><trkpt lat="-8.093024037795304" lon="113.66472151011746"><ele>420.2</ele><time>2026-08-14T08:54:49.000Z</time></trkpt><trkpt lat="-8.093034501128878" lon="113.66471965678411"><ele>420.2</ele><time>2026-08-14T08:54:50.000Z</time></trkpt><trkpt lat="-8.093045161129007" lon="113.66471769345075"><ele>420.3</ele><time>2026-08-14T08:54:51.000Z</time></trkpt><trkpt lat="-8.093057241129191" lon="113.66471576678407"><ele>420.3</ele><time>2026-08-14T08:54:52.000Z</time></trkpt><trkpt lat="-8.093070957795959" lon="113.66471416011738"><ele>420.3</ele><time>2026-08-14T08:54:53.000Z</time></trkpt><trkpt lat="-8.09308727112945" lon="113.66471265345066"><ele>420.3</ele><time>2026-08-14T08:54:54.000Z</time></trkpt><trkpt lat="-8.093103137796216" lon="113.66471169011731"><ele>420.3</ele><time>2026-08-14T08:54:55.000Z</time></trkpt><trkpt lat="-8.093116831129702" lon="113.66471035345062"><ele>420.4</ele><time>2026-08-14T08:54:56.000Z</time></trkpt><trkpt lat="-8.09312910112977" lon="113.66470929678394"><ele>420.4</ele><time>2026-08-14T08:54:57.000Z</time></trkpt><trkpt lat="-8.093139524463243" lon="113.66470734678387"><ele>420.4</ele><time>2026-08-14T08:54:58.000Z</time></trkpt><trkpt lat="-8.093149537796782" lon="113.66470430678378"><ele>420.4</ele><time>2026-08-14T08:54:59.000Z</time></trkpt><trkpt lat="-8.093160694463723" lon="113.66470118678369"><ele>420.4</ele><time>2026-08-14T08:55:00.000Z</time></trkpt><trkpt lat="-8.093172514464133" lon="113.664697500117"><ele>420.7</ele><time>2026-08-14T08:55:01.000Z</time></trkpt><trkpt lat="-8.093186851131112" lon="113.66469279345031"><ele>420.7</ele><time>2026-08-14T08:55:02.000Z</time></trkpt><trkpt lat="-8.093202954464804" lon="113.66468758011698"><ele>420.7</ele><time>2026-08-14T08:55:03.000Z</time></trkpt><trkpt lat="-8.09321841113164" lon="113.66468213678368"><ele>420.7</ele><time>2026-08-14T08:55:04.000Z</time></trkpt><trkpt lat="-8.09323315779834" lon="113.66467632011704"><ele>420.7</ele><time>2026-08-14T08:55:05.000Z</time></trkpt><trkpt lat="-8.093247081131594" lon="113.66467092011699"><ele>421.3</ele><time>2026-08-14T08:55:06.000Z</time></trkpt><trkpt lat="-8.093258907798301" lon="113.6646657667836"><ele>421.3</ele><time>2026-08-14T08:55:07.000Z</time></trkpt><trkpt lat="-8.09326972779825" lon="113.6646600301168"><ele>421.3</ele><time>2026-08-14T08:55:08.000Z</time></trkpt><trkpt lat="-8.09327963779825" lon="113.66465384345004"><ele>421.3</ele><time>2026-08-14T08:55:09.000Z</time></trkpt><trkpt lat="-8.093289184464988" lon="113.66464763011663"><ele>421.3</ele><time>2026-08-14T08:55:10.000Z</time></trkpt><trkpt lat="-8.093299714465147" lon="113.66464015678321"><ele>421.6</ele><time>2026-08-14T08:55:11.000Z</time></trkpt><trkpt lat="-8.093310934465258" lon="113.66463142678302"><ele>421.6</ele><time>2026-08-14T08:55:12.000Z</time></trkpt><trkpt lat="-8.093322047798786" lon="113.66462194344963"><ele>421.6</ele><time>2026-08-14T08:55:13.000Z</time></trkpt><trkpt lat="-8.09333399779911" lon="113.66461109678275"><ele>421.6</ele><time>2026-08-14T08:55:14.000Z</time></trkpt><trkpt lat="-8.093345237799404" lon="113.66459912344905"><ele>421.6</ele><time>2026-08-14T08:55:15.000Z</time></trkpt><trkpt lat="-8.093355221132986" lon="113.66458739678208"><ele>422.4</ele><time>2026-08-14T08:55:16.000Z</time></trkpt><trkpt lat="-8.093363074466595" lon="113.6645773834485"><ele>422.4</ele><time>2026-08-14T08:55:17.000Z</time></trkpt><trkpt lat="-8.093369117800076" lon="113.66456941678155"><ele>422.4</ele><time>2026-08-14T08:55:18.000Z</time></trkpt><trkpt lat="-8.093374067800085" lon="113.66456198344811"><ele>422.4</ele><time>2026-08-14T08:55:19.000Z</time></trkpt><trkpt lat="-8.093380221133515" lon="113.6645539534481"><ele>422.4</ele><time>2026-08-14T08:55:20.000Z</time></trkpt><trkpt lat="-8.093388201133568" lon="113.66454358678138"><ele>423.1</ele><time>2026-08-14T08:55:21.000Z</time></trkpt><trkpt lat="-8.09339597780028" lon="113.66453200344806"><ele>423.1</ele><time>2026-08-14T08:55:22.000Z</time></trkpt><trkpt lat="-8.093403274467004" lon="113.66451942011477"><ele>423.1</ele><time>2026-08-14T08:55:23.000Z</time></trkpt><trkpt lat="-8.093409737800432" lon="113.66450701678143"><ele>423.1</ele><time>2026-08-14T08:55:24.000Z</time></trkpt><trkpt lat="-8.093415104467127" lon="113.66449330678128"><ele>423.1</ele><time>2026-08-14T08:55:25.000Z</time></trkpt><trkpt lat="-8.093417614467134" lon="113.66448043344792"><ele>423.4</ele><time>2026-08-14T08:55:26.000Z</time></trkpt><trkpt lat="-8.09341982780049" lon="113.66446627678106"><ele>423.4</ele><time>2026-08-14T08:55:27.000Z</time></trkpt><trkpt lat="-8.093421437800492" lon="113.66445040011406"><ele>423.4</ele><time>2026-08-14T08:55:28.000Z</time></trkpt><trkpt lat="-8.093422197800487" lon="113.66443367678028"><ele>423.4</ele><time>2026-08-14T08:55:29.000Z</time></trkpt><trkpt lat="-8.093420764467123" lon="113.66441839011335"><ele>423.4</ele><time>2026-08-14T08:55:30.000Z</time></trkpt><trkpt lat="-8.09341784113378" lon="113.66440398344643"><ele>424.1</ele><time>2026-08-14T08:55:31.000Z</time></trkpt><trkpt lat="-8.093413597800422" lon="113.66439077011299"><ele>424.1</ele><time>2026-08-14T08:55:32.000Z</time></trkpt><trkpt lat="-8.0934077211337" lon="113.66438008677964"><ele>424.1</ele><time>2026-08-14T08:55:33.000Z</time></trkpt><trkpt lat="-8.093399467800358" lon="113.66437384011306"><ele>424.1</ele><time>2026-08-14T08:55:34.000Z</time></trkpt><trkpt lat="-8.093390731133717" lon="113.66437269011314"><ele>424.1</ele><time>2026-08-14T08:55:35.000Z</time></trkpt><trkpt lat="-8.093381531133636" lon="113.66437553677981"><ele>424.7</ele><time>2026-08-14T08:55:36.000Z</time></trkpt><trkpt lat="-8.093371147800106" lon="113.66438200677985"><ele>424.7</ele><time>2026-08-14T08:55:37.000Z</time></trkpt><trkpt lat="-8.093359151133221" lon="113.66439128011321"><ele>424.7</ele><time>2026-08-14T08:55:38.000Z</time></trkpt><trkpt lat="-8.093345474466235" lon="113.6644002801133"><ele>424.7</ele><time>2026-08-14T08:55:39.000Z</time></trkpt><trkpt lat="-8.093329364465813" lon="113.66440837344676"><ele>424.7</ele><time>2026-08-14T08:55:40.000Z</time></trkpt><trkpt lat="-8.09331325113203" lon="113.66441568011359"><ele>425.0</ele><time>2026-08-14T08:55:41.000Z</time></trkpt><trkpt lat="-8.093296284464952" lon="113.66442340011375"><ele>425.0</ele><time>2026-08-14T08:55:42.000Z</time></trkpt><trkpt lat="-8.093280921131242" lon="113.66442952678058"><ele>425.0</ele><time>2026-08-14T08:55:43.000Z</time></trkpt><trkpt lat="-8.093268504464225" lon="113.66443537344735"><ele>425.0</ele><time>2026-08-14T08:55:44.000Z</time></trkpt><trkpt lat="-8.093257314463857" lon="113.66444049678076"><ele>425.0</ele><time>2026-08-14T08:55:45.000Z</time></trkpt><trkpt lat="-8.093245364463536" lon="113.66444435011412"><ele>425.7</ele><time>2026-08-14T08:55:46.000Z</time></trkpt><trkpt lat="-8.09323462779662" lon="113.66444548011414"><ele>425.7</ele><time>2026-08-14T08:55:47.000Z</time></trkpt><trkpt lat="-8.093224407796326" lon="113.6644458867808"><ele>425.7</ele><time>2026-08-14T08:55:48.000Z</time></trkpt><trkpt lat="-8.093213687796123" lon="113.66444552678081"><ele>425.7</ele><time>2026-08-14T08:55:49.000Z</time></trkpt><trkpt lat="-8.093203671129327" lon="113.66444342344744"><ele>425.7</ele><time>2026-08-14T08:55:50.000Z</time></trkpt><trkpt lat="-8.093194317795994" lon="113.66444062011401"><ele>426.4</ele><time>2026-08-14T08:55:51.000Z</time></trkpt><trkpt lat="-8.093184911129267" lon="113.66443703678055"><ele>426.4</ele><time>2026-08-14T08:55:52.000Z</time></trkpt><trkpt lat="-8.093174941129247" lon="113.66443227344709"><ele>426.4</ele><time>2026-08-14T08:55:53.000Z</time></trkpt><trkpt lat="-8.093165141129084" lon="113.66442619678023"><ele>426.4</ele><time>2026-08-14T08:55:54.000Z</time></trkpt><trkpt lat="-8.09315564112891" lon="113.66441991011338"><ele>426.4</ele><time>2026-08-14T08:55:55.000Z</time></trkpt><trkpt lat="-8.093146604461959" lon="113.66441309011324"><ele>426.7</ele><time>2026-08-14T08:55:56.000Z</time></trkpt><trkpt lat="-8.09313806779502" lon="113.66440609677986"><ele>426.7</ele><time>2026-08-14T08:55:57.000Z</time></trkpt><trkpt lat="-8.093129737794733" lon="113.66439886344646"><ele>426.7</ele><time>2026-08-14T08:55:58.000Z</time></trkpt><trkpt lat="-8.093121634461173" lon="113.66439138677974"><ele>426.7</ele><time>2026-08-14T08:55:59.000Z</time></trkpt><trkpt lat="-8.093113131127556" lon="113.6643838467797"><ele>426.7</ele><time>2026-08-14T08:56:00.000Z</time></trkpt><trkpt lat="-8.093103874460606" lon="113.66437689677964"><ele>427.7</ele><time>2026-08-14T08:56:01.000Z</time></trkpt><trkpt lat="-8.093093947793786" lon="113.66437050344618"><ele>427.7</ele><time>2026-08-14T08:56:02.000Z</time></trkpt><trkpt lat="-8.0930834811269" lon="113.66436472011272"><ele>427.7</ele><time>2026-08-14T08:56:03.000Z</time></trkpt><trkpt lat="-8.093072371126627" lon="113.66435890677924"><ele>427.7</ele><time>2026-08-14T08:56:04.000Z</time></trkpt><trkpt lat="-8.093061074459678" lon="113.66435309344578"><ele>427.7</ele><time>2026-08-14T08:56:05.000Z</time></trkpt><trkpt lat="-8.093049551126109" lon="113.66434760344573"><ele>429.1</ele><time>2026-08-14T08:56:06.000Z</time></trkpt><trkpt lat="-8.093037534459146" lon="113.66434258344566"><ele>429.1</ele><time>2026-08-14T08:56:07.000Z</time></trkpt><trkpt lat="-8.093025284458836" lon="113.66433848677896"><ele>429.1</ele><time>2026-08-14T08:56:08.000Z</time></trkpt><trkpt lat="-8.093013314458542" lon="113.66433544677898"><ele>429.1</ele><time>2026-08-14T08:56:09.000Z</time></trkpt><trkpt lat="-8.093001611125024" lon="113.6643331901123"><ele>429.1</ele><time>2026-08-14T08:56:10.000Z</time></trkpt><trkpt lat="-8.092990664458203" lon="113.66433129011224"><ele>429.8</ele><time>2026-08-14T08:56:11.000Z</time></trkpt><trkpt lat="-8.092980097791251" lon="113.66432994344557"><ele>429.8</ele><time>2026-08-14T08:56:12.000Z</time></trkpt><trkpt lat="-8.092969691124491" lon="113.66432864011222"><ele>429.8</ele><time>2026-08-14T08:56:13.000Z</time></trkpt><trkpt lat="-8.092959287791098" lon="113.66432625011214"><ele>429.8</ele><time>2026-08-14T08:56:14.000Z</time></trkpt><trkpt lat="-8.092947661124418" lon="113.66432222677861"><ele>429.8</ele><time>2026-08-14T08:56:15.000Z</time></trkpt><trkpt lat="-8.09293322779095" lon="113.66431630344516"><ele>431.2</ele><time>2026-08-14T08:56:16.000Z</time></trkpt><trkpt lat="-8.092917587790803" lon="113.66430825011157"><ele>431.2</ele><time>2026-08-14T08:56:17.000Z</time></trkpt><trkpt lat="-8.09289932779065" lon="113.66429859677802"><ele>431.2</ele><time>2026-08-14T08:56:18.000Z</time></trkpt><trkpt lat="-8.092880434457095" lon="113.66428972011121"><ele>431.2</ele><time>2026-08-14T08:56:19.000Z</time></trkpt><trkpt lat="-8.092860911123504" lon="113.66428211011119"><ele>431.2</ele><time>2026-08-14T08:56:20.000Z</time></trkpt><trkpt lat="-8.09284194445658" lon="113.66427618677776"><ele>432.3</ele><time>2026-08-14T08:56:21.000Z</time></trkpt><trkpt lat="-8.092823141123" lon="113.66427181677781"><ele>432.3</ele><time>2026-08-14T08:56:22.000Z</time></trkpt><trkpt lat="-8.092804777789201" lon="113.6642686967778"><ele>432.3</ele><time>2026-08-14T08:56:23.000Z</time></trkpt><trkpt lat="-8.092785047788961" lon="113.66426524344442"><ele>432.3</ele><time>2026-08-14T08:56:24.000Z</time></trkpt><trkpt lat="-8.092765447788636" lon="113.66426132344432"><ele>432.3</ele><time>2026-08-14T08:56:25.000Z</time></trkpt><trkpt lat="-8.092745864455132" lon="113.66425801677754"><ele>432.8</ele><time>2026-08-14T08:56:26.000Z</time></trkpt><trkpt lat="-8.092725444454942" lon="113.66425508677744"><ele>432.8</ele><time>2026-08-14T08:56:27.000Z</time></trkpt><trkpt lat="-8.092704581121605" lon="113.66425267677737"><ele>432.8</ele><time>2026-08-14T08:56:28.000Z</time></trkpt><trkpt lat="-8.092683761121574" lon="113.66425077011063"><ele>432.8</ele><time>2026-08-14T08:56:29.000Z</time></trkpt><trkpt lat="-8.092663517788184" lon="113.6642493601106"><ele>432.8</ele><time>2026-08-14T08:56:30.000Z</time></trkpt><trkpt lat="-8.092642494454868" lon="113.66424659011054"><ele>433.7</ele><time>2026-08-14T08:56:31.000Z</time></trkpt><trkpt lat="-8.092621157788324" lon="113.6642427834438"><ele>433.7</ele><time>2026-08-14T08:56:32.000Z</time></trkpt><trkpt lat="-8.092600494454908" lon="113.66423823677708"><ele>433.7</ele><time>2026-08-14T08:56:33.000Z</time></trkpt><trkpt lat="-8.09257952445456" lon="113.6642332334437"><ele>433.7</ele><time>2026-08-14T08:56:34.000Z</time></trkpt><trkpt lat="-8.092557854454387" lon="113.66422837011032"><ele>433.7</ele><time>2026-08-14T08:56:35.000Z</time></trkpt><trkpt lat="-8.092537251120884" lon="113.66422439677699"><ele>434.7</ele><time>2026-08-14T08:56:36.000Z</time></trkpt><trkpt lat="-8.092516767787203" lon="113.66422083677696"><ele>434.7</ele><time>2026-08-14T08:56:37.000Z</time></trkpt><trkpt lat="-8.0924967711204" lon="113.66421744011022"><ele>434.7</ele><time>2026-08-14T08:56:38.000Z</time></trkpt><trkpt lat="-8.092477234453566" lon="113.6642148434435"><ele>434.7</ele><time>2026-08-14T08:56:39.000Z</time></trkpt><trkpt lat="-8.09245757778648" lon="113.6642136034435"><ele>434.7</ele><time>2026-08-14T08:56:40.000Z</time></trkpt><trkpt lat="-8.09243897778597" lon="113.6642123267768"><ele>435.1</ele><time>2026-08-14T08:56:41.000Z</time></trkpt><trkpt lat="-8.092421377785705" lon="113.66421129677681"><ele>435.1</ele><time>2026-08-14T08:56:42.000Z</time></trkpt><trkpt lat="-8.092404947785326" lon="113.66421101677683"><ele>435.1</ele><time>2026-08-14T08:56:43.000Z</time></trkpt><trkpt lat="-8.092390537785192" lon="113.66421030011017"><ele>435.1</ele><time>2026-08-14T08:56:44.000Z</time></trkpt><trkpt lat="-8.092378021118535" lon="113.66420795677678"><ele>435.1</ele><time>2026-08-14T08:56:45.000Z</time></trkpt><trkpt lat="-8.092365837785078" lon="113.66420591011006"><ele>435.8</ele><time>2026-08-14T08:56:46.000Z</time></trkpt><trkpt lat="-8.092354837784965" lon="113.66420395344335"><ele>435.8</ele><time>2026-08-14T08:56:47.000Z</time></trkpt><trkpt lat="-8.092344274451486" lon="113.66420166010994"><ele>435.8</ele><time>2026-08-14T08:56:48.000Z</time></trkpt><trkpt lat="-8.092333251118038" lon="113.66419853010981"><ele>435.8</ele><time>2026-08-14T08:56:49.000Z</time></trkpt><trkpt lat="-8.092321271117868" lon="113.66419583677641"><ele>435.8</ele><time>2026-08-14T08:56:50.000Z</time></trkpt><trkpt lat="-8.092307594450988" lon="113.66419261344296"><ele>436.4</ele><time>2026-08-14T08:56:51.000Z</time></trkpt><trkpt lat="-8.092292231117494" lon="113.66418965344288"><ele>436.4</ele><time>2026-08-14T08:56:52.000Z</time></trkpt><trkpt lat="-8.092275334450633" lon="113.66418547010937"><ele>436.4</ele><time>2026-08-14T08:56:53.000Z</time></trkpt><trkpt lat="-8.092257531117083" lon="113.66418196677594"><ele>436.4</ele><time>2026-08-14T08:56:54.000Z</time></trkpt><trkpt lat="-8.092240371117027" lon="113.66417824010914"><ele>436.4</ele><time>2026-08-14T08:56:55.000Z</time></trkpt><trkpt lat="-8.092224701117033" lon="113.66417432344235"><ele>436.6</ele><time>2026-08-14T08:56:56.000Z</time></trkpt><trkpt lat="-8.092211304450277" lon="113.66417010010886"><ele>436.6</ele><time>2026-08-14T08:56:57.000Z</time></trkpt><trkpt lat="-8.092200077783653" lon="113.6641666401088"><ele>436.6</ele><time>2026-08-14T08:56:58.000Z</time></trkpt><trkpt lat="-8.092189741116899" lon="113.66416246677537"><ele>436.6</ele><time>2026-08-14T08:56:59.000Z</time></trkpt><trkpt lat="-8.092178831116653" lon="113.66415787344197"><ele>436.6</ele><time>2026-08-14T08:57:00.000Z</time></trkpt><trkpt lat="-8.092167544449689" lon="113.66415377010858"><ele>437.1</ele><time>2026-08-14T08:57:01.000Z</time></trkpt><trkpt lat="-8.092154454449327" lon="113.66414928677519"><ele>437.1</ele><time>2026-08-14T08:57:02.000Z</time></trkpt><trkpt lat="-8.09213944111564" lon="113.66414446677513"><ele>437.1</ele><time>2026-08-14T08:57:03.000Z</time></trkpt><trkpt lat="-8.092122747781852" lon="113.66414011677507"><ele>437.1</ele><time>2026-08-14T08:57:04.000Z</time></trkpt><trkpt lat="-8.0921062277815" lon="113.6641367401083"><ele>437.1</ele><time>2026-08-14T08:57:05.000Z</time></trkpt><trkpt lat="-8.092088614447992" lon="113.66413331010821"><ele>437.4</ele><time>2026-08-14T08:57:06.000Z</time></trkpt><trkpt lat="-8.092070027781368" lon="113.66412989677481"><ele>437.4</ele><time>2026-08-14T08:57:07.000Z</time></trkpt><trkpt lat="-8.092051874448012" lon="113.66412723344135"><ele>437.4</ele><time>2026-08-14T08:57:08.000Z</time></trkpt><trkpt lat="-8.09203653111481" lon="113.66412488677459"><ele>437.4</ele><time>2026-08-14T08:57:09.000Z</time></trkpt><trkpt lat="-8.092023417781594" lon="113.66412216010784"><ele>437.4</ele><time>2026-08-14T08:57:10.000Z</time></trkpt><trkpt lat="-8.092011311114925" lon="113.66411839010769"><ele>437.5</ele><time>2026-08-14T08:57:11.000Z</time></trkpt><trkpt lat="-8.092000824448016" lon="113.66411469344091"><ele>437.5</ele><time>2026-08-14T08:57:12.000Z</time></trkpt><trkpt lat="-8.091990471114388" lon="113.66411034010748"><ele>437.5</ele><time>2026-08-14T08:57:13.000Z</time></trkpt><trkpt lat="-8.09197830111412" lon="113.66410573010742"><ele>437.5</ele><time>2026-08-14T08:57:14.000Z</time></trkpt><trkpt lat="-8.091964067780571" lon="113.66410001344066"><ele>437.5</ele><time>2026-08-14T08:57:15.000Z</time></trkpt><trkpt lat="-8.091950694447045" lon="113.66409556010728"><ele>438.0</ele><time>2026-08-14T08:57:16.000Z</time></trkpt><trkpt lat="-8.091938817780305" lon="113.6640906834406"><ele>438.0</ele><time>2026-08-14T08:57:17.000Z</time></trkpt><trkpt lat="-8.091928861113688" lon="113.66408600010725"><ele>438.0</ele><time>2026-08-14T08:57:18.000Z</time></trkpt><trkpt lat="-8.091920594447052" lon="113.66408117010727"><ele>438.0</ele><time>2026-08-14T08:57:19.000Z</time></trkpt><trkpt lat="-8.091913544446971" lon="113.66407685010734"><ele>438.0</ele><time>2026-08-14T08:57:20.000Z</time></trkpt><trkpt lat="-8.091906687780298" lon="113.66407185010739"><ele>438.5</ele><time>2026-08-14T08:57:21.000Z</time></trkpt><trkpt lat="-8.091898381113506" lon="113.66406695677408"><ele>438.5</ele><time>2026-08-14T08:57:22.000Z</time></trkpt><trkpt lat="-8.091888801113235" lon="113.6640619701074"><ele>438.5</ele><time>2026-08-14T08:57:23.000Z</time></trkpt><trkpt lat="-8.091877851112942" lon="113.66405670677405"><ele>438.5</ele><time>2026-08-14T08:57:24.000Z</time></trkpt><trkpt lat="-8.091864641112757" lon="113.66405092010726"><ele>438.5</ele><time>2026-08-14T08:57:25.000Z</time></trkpt><trkpt lat="-8.091850407779209" lon="113.66404438677382"><ele>438.8</ele><time>2026-08-14T08:57:26.000Z</time></trkpt><trkpt lat="-8.091835824445639" lon="113.6640379734404"><ele>438.8</ele><time>2026-08-14T08:57:27.000Z</time></trkpt><trkpt lat="-8.091820994445479" lon="113.66403213010703"><ele>438.8</ele><time>2026-08-14T08:57:28.000Z</time></trkpt><trkpt lat="-8.091806374445332" lon="113.66402750677362"><ele>438.8</ele><time>2026-08-14T08:57:29.000Z</time></trkpt><trkpt lat="-8.091794331111778" lon="113.66402382010695"><ele>438.8</ele><time>2026-08-14T08:57:30.000Z</time></trkpt><trkpt lat="-8.091783764444825" lon="113.66402081344025"><ele>439.2</ele><time>2026-08-14T08:57:31.000Z</time></trkpt><trkpt lat="-8.091774834444669" lon="113.66401760010687"><ele>439.2</ele><time>2026-08-14T08:57:32.000Z</time></trkpt><trkpt lat="-8.091765794444568" lon="113.66401295344016"><ele>439.2</ele><time>2026-08-14T08:57:33.000Z</time></trkpt><trkpt lat="-8.091758064444468" lon="113.66400727010674"><ele>439.2</ele><time>2026-08-14T08:57:34.000Z</time></trkpt><trkpt lat="-8.091749424444421" lon="113.6640009101066"><ele>439.2</ele><time>2026-08-14T08:57:35.000Z</time></trkpt><trkpt lat="-8.091740697777764" lon="113.66399430343986"><ele>439.7</ele><time>2026-08-14T08:57:36.000Z</time></trkpt><trkpt lat="-8.091731601111116" lon="113.66398784677313"><ele>439.7</ele><time>2026-08-14T08:57:37.000Z</time></trkpt><trkpt lat="-8.091722787777847" lon="113.66398190010645"><ele>439.7</ele><time>2026-08-14T08:57:38.000Z</time></trkpt><trkpt lat="-8.09171268777791" lon="113.6639762534398"><ele>439.7</ele><time>2026-08-14T08:57:39.000Z</time></trkpt><trkpt lat="-8.091701647777857" lon="113.66397115010645"><ele>439.7</ele><time>2026-08-14T08:57:40.000Z</time></trkpt><trkpt lat="-8.09168932111103" lon="113.6639663167731"><ele>440.0</ele><time>2026-08-14T08:57:41.000Z</time></trkpt><trkpt lat="-8.091676191110727" lon="113.66396145343973"><ele>440.0</ele><time>2026-08-14T08:57:42.000Z</time></trkpt><trkpt lat="-8.091663231110282" lon="113.66395689343958"><ele>440.0</ele><time>2026-08-14T08:57:43.000Z</time></trkpt><trkpt lat="-8.091650711109832" lon="113.66395243010614"><ele>440.0</ele><time>2026-08-14T08:57:44.000Z</time></trkpt><trkpt lat="-8.091639071109375" lon="113.66394786010603"><ele>440.0</ele><time>2026-08-14T08:57:45.000Z</time></trkpt><trkpt lat="-8.091627534442349" lon="113.66394316010592"><ele>440.6</ele><time>2026-08-14T08:57:46.000Z</time></trkpt><trkpt lat="-8.091615867775408" lon="113.66393853677246"><ele>440.6</ele><time>2026-08-14T08:57:47.000Z</time></trkpt><trkpt lat="-8.091603974441847" lon="113.66393318010573"><ele>440.6</ele><time>2026-08-14T08:57:48.000Z</time></trkpt><trkpt lat="-8.091592054441588" lon="113.66392735343902"><ele>440.6</ele><time>2026-08-14T08:57:49.000Z</time></trkpt><trkpt lat="-8.09158012444145" lon="113.66392145677234"><ele>440.6</ele><time>2026-08-14T08:57:50.000Z</time></trkpt><trkpt lat="-8.091568644441399" lon="113.66391550677238"><ele>441.3</ele><time>2026-08-14T08:57:51.000Z</time></trkpt><trkpt lat="-8.091556781108116" lon="113.66390990677246"><ele>441.3</ele><time>2026-08-14T08:57:52.000Z</time></trkpt><trkpt lat="-8.091544504441535" lon="113.66390550010586"><ele>441.3</ele><time>2026-08-14T08:57:53.000Z</time></trkpt><trkpt lat="-8.091532017774941" lon="113.66390104010588"><ele>441.3</ele><time>2026-08-14T08:57:54.000Z</time></trkpt><trkpt lat="-8.091519774441574" lon="113.66389679343925"><ele>441.3</ele><time>2026-08-14T08:57:55.000Z</time></trkpt><trkpt lat="-8.09150791444144" lon="113.66389256677253"><ele>441.7</ele><time>2026-08-14T08:57:56.000Z</time></trkpt><trkpt lat="-8.091496137774552" lon="113.66388744010574"><ele>441.7</ele><time>2026-08-14T08:57:57.000Z</time></trkpt><trkpt lat="-8.091484347774209" lon="113.66388167343894"><ele>441.7</ele><time>2026-08-14T08:57:58.000Z</time></trkpt><trkpt lat="-8.091471987773954" lon="113.66387642343882"><ele>441.7</ele><time>2026-08-14T08:57:59.000Z</time></trkpt><trkpt lat="-8.091458874440473" lon="113.66387162343872"><ele>441.7</ele><time>2026-08-14T08:58:00.000Z</time></trkpt><trkpt lat="-8.091445221106927" lon="113.66386804010533"><ele>443.0</ele><time>2026-08-14T08:58:01.000Z</time></trkpt><trkpt lat="-8.091432051106684" lon="113.66386609343866"><ele>443.0</ele><time>2026-08-14T08:58:02.000Z</time></trkpt><trkpt lat="-8.091418344439957" lon="113.66386480677195"><ele>443.0</ele><time>2026-08-14T08:58:03.000Z</time></trkpt><trkpt lat="-8.091404797773208" lon="113.66386370677192"><ele>443.0</ele><time>2026-08-14T08:58:04.000Z</time></trkpt><trkpt lat="-8.091391394439832" lon="113.66386243343854"><ele>443.0</ele><time>2026-08-14T08:58:05.000Z</time></trkpt><trkpt lat="-8.09137808110643" lon="113.66386115010519"><ele>444.3</ele><time>2026-08-14T08:58:06.000Z</time></trkpt><trkpt lat="-8.091364741106329" lon="113.66386003677182"><ele>444.3</ele><time>2026-08-14T08:58:07.000Z</time></trkpt><trkpt lat="-8.091352077772722" lon="113.66385959677181"><ele>444.3</ele><time>2026-08-14T08:58:08.000Z</time></trkpt><trkpt lat="-8.091339884439176" lon="113.66385938343846"><ele>444.3</ele><time>2026-08-14T08:58:09.000Z</time></trkpt><trkpt lat="-8.09132846110546" lon="113.66385956343848"><ele>444.3</ele><time>2026-08-14T08:58:10.000Z</time></trkpt><trkpt lat="-8.091317497771925" lon="113.66385965677179"><ele>445.0</ele><time>2026-08-14T08:58:11.000Z</time></trkpt><trkpt lat="-8.091306491105085" lon="113.66385977677177"><ele>445.0</ele><time>2026-08-14T08:58:12.000Z</time></trkpt><trkpt lat="-8.091295177771745" lon="113.66385972343843"><ele>445.0</ele><time>2026-08-14T08:58:13.000Z</time></trkpt><trkpt lat="-8.091283501104925" lon="113.66385979010508"><ele>445.0</ele><time>2026-08-14T08:58:14.000Z</time></trkpt><trkpt lat="-8.091270437771477" lon="113.66385977010506"><ele>445.0</ele><time>2026-08-14T08:58:15.000Z</time></trkpt><trkpt lat="-8.091255371104605" lon="113.66385982677173"><ele>446.2</ele><time>2026-08-14T08:58:16.000Z</time></trkpt><trkpt lat="-8.091238644437604" lon="113.66385962010506"><ele>446.2</ele><time>2026-08-14T08:58:17.000Z</time></trkpt><trkpt lat="-8.091222574437126" lon="113.66385899677172"><ele>446.2</ele><time>2026-08-14T08:58:18.000Z</time></trkpt><trkpt lat="-8.091207967770114" lon="113.66385822677175"><ele>446.2</ele><time>2026-08-14T08:58:19.000Z</time></trkpt><trkpt lat="-8.091193394436528" lon="113.66385734677176"><ele>446.2</ele><time>2026-08-14T08:58:20.000Z</time></trkpt><trkpt lat="-8.091180054436322" lon="113.6638555901051"><ele>447.4</ele><time>2026-08-14T08:58:21.000Z</time></trkpt><trkpt lat="-8.091167407769642" lon="113.66385339010507"><ele>447.4</ele><time>2026-08-14T08:58:22.000Z</time></trkpt><trkpt lat="-8.091153421103005" lon="113.66385059343835"><ele>447.4</ele><time>2026-08-14T08:58:23.000Z</time></trkpt><trkpt lat="-8.091137554436239" lon="113.66384807343829"><ele>447.4</ele><time>2026-08-14T08:58:24.000Z</time></trkpt><trkpt lat="-8.091123151102725" lon="113.66384560343825"><ele>447.4</ele><time>2026-08-14T08:58:25.000Z</time></trkpt><trkpt lat="-8.091110477769131" lon="113.66384350343819"><ele>448.0</ele><time>2026-08-14T08:58:26.000Z</time></trkpt><trkpt lat="-8.091099051102159" lon="113.66384110343816"><ele>448.0</ele><time>2026-08-14T08:58:27.000Z</time></trkpt><trkpt lat="-8.091088474435116" lon="113.66383833343814"><ele>448.0</ele><time>2026-08-14T08:58:28.000Z</time></trkpt><trkpt lat="-8.091078371101494" lon="113.66383442010479"><ele>448.0</ele><time>2026-08-14T08:58:29.000Z</time></trkpt><trkpt lat="-8.09106602110133" lon="113.66383078010476"><ele>448.0</ele><time>2026-08-14T08:58:30.000Z</time></trkpt><trkpt lat="-8.091051117767801" lon="113.66382740010474"><ele>449.1</ele><time>2026-08-14T08:58:31.000Z</time></trkpt><trkpt lat="-8.091036807767626" lon="113.66382474343807"><ele>449.1</ele><time>2026-08-14T08:58:32.000Z</time></trkpt><trkpt lat="-8.091023201100858" lon="113.66382352677142"><ele>449.1</ele><time>2026-08-14T08:58:33.000Z</time></trkpt><trkpt lat="-8.091010911100714" lon="113.66382307677142"><ele>449.1</ele><time>2026-08-14T08:58:34.000Z</time></trkpt><trkpt lat="-8.091001657767181" lon="113.6638217767714"><ele>449.1</ele><time>2026-08-14T08:58:35.000Z</time></trkpt><trkpt lat="-8.090993097766964" lon="113.66382116343803"><ele>450.2</ele><time>2026-08-14T08:58:36.000Z</time></trkpt><trkpt lat="-8.090983214433502" lon="113.66382160010463"><ele>450.2</ele><time>2026-08-14T08:58:37.000Z</time></trkpt><trkpt lat="-8.090973317766796" lon="113.66382199010454"><ele>450.2</ele><time>2026-08-14T08:58:38.000Z</time></trkpt><trkpt lat="-8.090961647766864" lon="113.66382233010447"><ele>450.2</ele><time>2026-08-14T08:58:39.000Z</time></trkpt><trkpt lat="-8.090947907766923" lon="113.6638236467711"><ele>450.2</ele><time>2026-08-14T08:58:40.000Z</time></trkpt><trkpt lat="-8.0909351077671" lon="113.66382429677108"><ele>450.6</ele><time>2026-08-14T08:58:41.000Z</time></trkpt><trkpt lat="-8.090923117767264" lon="113.66382415010442"><ele>450.6</ele><time>2026-08-14T08:58:42.000Z</time></trkpt><trkpt lat="-8.0909122644341" lon="113.6638248167711"><ele>450.6</ele><time>2026-08-14T08:58:43.000Z</time></trkpt><trkpt lat="-8.09090266443418" lon="113.6638255067711"><ele>450.6</ele><time>2026-08-14T08:58:44.000Z</time></trkpt><trkpt lat="-8.09089322443424" lon="113.66382729343775"><ele>450.6</ele><time>2026-08-14T08:58:45.000Z</time></trkpt><trkpt lat="-8.090882231100961" lon="113.66382910343773"><ele>451.5</ele><time>2026-08-14T08:58:46.000Z</time></trkpt><trkpt lat="-8.09087114776771" lon="113.66383071010436"><ele>451.5</ele><time>2026-08-14T08:58:47.000Z</time></trkpt><trkpt lat="-8.090857687767679" lon="113.66383036010431"><ele>451.5</ele><time>2026-08-14T08:58:48.000Z</time></trkpt><trkpt lat="-8.090843801101" lon="113.66383058010429"><ele>451.5</ele><time>2026-08-14T08:58:49.000Z</time></trkpt><trkpt lat="-8.090830674434278" lon="113.66382951677095"><ele>451.5</ele><time>2026-08-14T08:58:50.000Z</time></trkpt><trkpt lat="-8.090819661100817" lon="113.66382900010429"><ele>452.3</ele><time>2026-08-14T08:58:51.000Z</time></trkpt><trkpt lat="-8.09080836110061" lon="113.66382935010427"><ele>452.3</ele><time>2026-08-14T08:58:52.000Z</time></trkpt><trkpt lat="-8.090797481100427" lon="113.66383132010428"><ele>452.3</ele><time>2026-08-14T08:58:53.000Z</time></trkpt><trkpt lat="-8.090786637766822" lon="113.66383400677095"><ele>452.3</ele><time>2026-08-14T08:58:54.000Z</time></trkpt><trkpt lat="-8.090775584433205" lon="113.66383724343761"><ele>452.3</ele><time>2026-08-14T08:58:55.000Z</time></trkpt><trkpt lat="-8.090761684432856" lon="113.66383981343759"><ele>452.8</ele><time>2026-08-14T08:58:56.000Z</time></trkpt><trkpt lat="-8.09074817443247" lon="113.66384186010426"><ele>452.8</ele><time>2026-08-14T08:58:57.000Z</time></trkpt><trkpt lat="-8.0907354810988" lon="113.6638434167709"><ele>452.8</ele><time>2026-08-14T08:58:58.000Z</time></trkpt><trkpt lat="-8.090722611098546" lon="113.66384378343756"><ele>452.8</ele><time>2026-08-14T08:58:59.000Z</time></trkpt><trkpt lat="-8.090710194431741" lon="113.6638423467709"><ele>452.8</ele><time>2026-08-14T08:59:00.000Z</time></trkpt><trkpt lat="-8.09069919443163" lon="113.66384085343762"><ele>453.8</ele><time>2026-08-14T08:59:01.000Z</time></trkpt><trkpt lat="-8.090687551098238" lon="113.66383844343761"><ele>453.8</ele><time>2026-08-14T08:59:02.000Z</time></trkpt><trkpt lat="-8.09067519443156" lon="113.66383629010429"><ele>453.8</ele><time>2026-08-14T08:59:03.000Z</time></trkpt><trkpt lat="-8.090662631098235" lon="113.6638339934376"><ele>453.8</ele><time>2026-08-14T08:59:04.000Z</time></trkpt><trkpt lat="-8.090649137764885" lon="113.66383343343755"><ele>453.8</ele><time>2026-08-14T08:59:05.000Z</time></trkpt><trkpt lat="-8.090635077764986" lon="113.66383384677087"><ele>454.9</ele><time>2026-08-14T08:59:06.000Z</time></trkpt><trkpt lat="-8.090620214431613" lon="113.66383465677089"><ele>454.9</ele><time>2026-08-14T08:59:07.000Z</time></trkpt><trkpt lat="-8.09060548443152" lon="113.6638341101042"><ele>454.9</ele><time>2026-08-14T08:59:08.000Z</time></trkpt><trkpt lat="-8.090590661098089" lon="113.66383362010417"><ele>454.9</ele><time>2026-08-14T08:59:09.000Z</time></trkpt><trkpt lat="-8.090575261098019" lon="113.66383237010413"><ele>454.9</ele><time>2026-08-14T08:59:10.000Z</time></trkpt><trkpt lat="-8.09056025109791" lon="113.66383086677072"><ele>455.4</ele><time>2026-08-14T08:59:11.000Z</time></trkpt><trkpt lat="-8.09054726776456" lon="113.66382935343731"><ele>455.4</ele><time>2026-08-14T08:59:12.000Z</time></trkpt><trkpt lat="-8.09053420109775" lon="113.66382993677064"><ele>455.4</ele><time>2026-08-14T08:59:13.000Z</time></trkpt><trkpt lat="-8.090520491097658" lon="113.66383056343732"><ele>455.4</ele><time>2026-08-14T08:59:14.000Z</time></trkpt><trkpt lat="-8.090507291097566" lon="113.66383189343735"><ele>455.4</ele><time>2026-08-14T08:59:15.000Z</time></trkpt><trkpt lat="-8.090493167763961" lon="113.6638334434374"><ele>456.4</ele><time>2026-08-14T08:59:16.000Z</time></trkpt><trkpt lat="-8.0904775277636" lon="113.66383601677076"><ele>456.4</ele><time>2026-08-14T08:59:17.000Z</time></trkpt><trkpt lat="-8.090462401096602" lon="113.66383851010411"><ele>456.4</ele><time>2026-08-14T08:59:18.000Z</time></trkpt><trkpt lat="-8.090447624429626" lon="113.66384231010417"><ele>456.4</ele><time>2026-08-14T08:59:19.000Z</time></trkpt><trkpt lat="-8.090432511095873" lon="113.66384653677089"><ele>456.4</ele><time>2026-08-14T08:59:20.000Z</time></trkpt><trkpt lat="-8.090419401095541" lon="113.6638489867709"><ele>457.2</ele><time>2026-08-14T08:59:21.000Z</time></trkpt><trkpt lat="-8.090406934428705" lon="113.66384894343761"><ele>457.2</ele><time>2026-08-14T08:59:22.000Z</time></trkpt><trkpt lat="-8.090393851095287" lon="113.66384802677096"><ele>457.2</ele><time>2026-08-14T08:59:23.000Z</time></trkpt><trkpt lat="-8.090380171095044" lon="113.66384650677097"><ele>457.2</ele><time>2026-08-14T08:59:24.000Z</time></trkpt><trkpt lat="-8.090365061094651" lon="113.6638439201043"><ele>457.2</ele><time>2026-08-14T08:59:25.000Z</time></trkpt><trkpt lat="-8.090349467760959" lon="113.663843206771"><ele>457.6</ele><time>2026-08-14T08:59:26.000Z</time></trkpt><trkpt lat="-8.090333777760563" lon="113.66384428677102"><ele>457.6</ele><time>2026-08-14T08:59:27.000Z</time></trkpt><trkpt lat="-8.090318597760168" lon="113.66384593343768"><ele>457.6</ele><time>2026-08-14T08:59:28.000Z</time></trkpt><trkpt lat="-8.090305177759864" lon="113.663846916771"><ele>457.6</ele><time>2026-08-14T08:59:29.000Z</time></trkpt><trkpt lat="-8.090294467759756" lon="113.66384815010433"><ele>457.6</ele><time>2026-08-14T08:59:30.000Z</time></trkpt><trkpt lat="-8.09028255442633" lon="113.66384877677099"><ele>458.6</ele><time>2026-08-14T08:59:31.000Z</time></trkpt><trkpt lat="-8.090269731092851" lon="113.66384958343765"><ele>458.6</ele><time>2026-08-14T08:59:32.000Z</time></trkpt><trkpt lat="-8.09025507442602" lon="113.66385015010432"><ele>458.6</ele><time>2026-08-14T08:59:33.000Z</time></trkpt><trkpt lat="-8.090239737759223" lon="113.66385197677103"><ele>458.6</ele><time>2026-08-14T08:59:34.000Z</time></trkpt><trkpt lat="-8.090223707759113" lon="113.66385434677105"><ele>458.6</ele><time>2026-08-14T08:59:35.000Z</time></trkpt><trkpt lat="-8.090209171092429" lon="113.66385593010439"><ele>459.6</ele><time>2026-08-14T08:59:36.000Z</time></trkpt><trkpt lat="-8.090195164425712" lon="113.66385708010439"><ele>459.6</ele><time>2026-08-14T08:59:37.000Z</time></trkpt><trkpt lat="-8.090184311092337" lon="113.66385785677105"><ele>459.6</ele><time>2026-08-14T08:59:38.000Z</time></trkpt><trkpt lat="-8.090173651092153" lon="113.66385759010436"><ele>459.6</ele><time>2026-08-14T08:59:39.000Z</time></trkpt><trkpt lat="-8.09016207775855" lon="113.66385677343767"><ele>459.6</ele><time>2026-08-14T08:59:40.000Z</time></trkpt><trkpt lat="-8.090149341091573" lon="113.66385727010433"><ele>460.1</ele><time>2026-08-14T08:59:41.000Z</time></trkpt><trkpt lat="-8.09013651109126" lon="113.66386055677101"><ele>460.1</ele><time>2026-08-14T08:59:42.000Z</time></trkpt><trkpt lat="-8.090121891090899" lon="113.66386509010438"><ele>460.1</ele><time>2026-08-14T08:59:43.000Z</time></trkpt><trkpt lat="-8.09010907109065" lon="113.66387042010442"><ele>460.1</ele><time>2026-08-14T08:59:44.000Z</time></trkpt><trkpt lat="-8.090096964423687" lon="113.66387686010451"><ele>460.1</ele><time>2026-08-14T08:59:45.000Z</time></trkpt><trkpt lat="-8.09008556442328" lon="113.66388361677127"><ele>461.0</ele><time>2026-08-14T08:59:46.000Z</time></trkpt><trkpt lat="-8.09007562108961" lon="113.66388824343801"><ele>461.0</ele><time>2026-08-14T08:59:47.000Z</time></trkpt><trkpt lat="-8.090065061089359" lon="113.66389221010472"><ele>461.0</ele><time>2026-08-14T08:59:48.000Z</time></trkpt><trkpt lat="-8.090052491088983" lon="113.66389554343809"><ele>461.0</ele><time>2026-08-14T08:59:49.000Z</time></trkpt><trkpt lat="-8.090039914422093" lon="113.66389766677143"><ele>461.0</ele><time>2026-08-14T08:59:50.000Z</time></trkpt><trkpt lat="-8.090027877755267" lon="113.66389734677136"><ele>461.9</ele><time>2026-08-14T08:59:51.000Z</time></trkpt><trkpt lat="-8.09001363775499" lon="113.66389748677132"><ele>461.9</ele><time>2026-08-14T08:59:52.000Z</time></trkpt><trkpt lat="-8.089998754421433" lon="113.66389745343793"><ele>461.9</ele><time>2026-08-14T08:59:53.000Z</time></trkpt><trkpt lat="-8.089983021087948" lon="113.66389787010453"><ele>461.9</ele><time>2026-08-14T08:59:54.000Z</time></trkpt><trkpt lat="-8.089966301087888" lon="113.66390217343803"><ele>461.9</ele><time>2026-08-14T08:59:55.000Z</time></trkpt><trkpt lat="-8.089946764421054" lon="113.66390901677161"><ele>462.4</ele><time>2026-08-14T08:59:56.000Z</time></trkpt><trkpt lat="-8.0899267977541" lon="113.66391703677193"><ele>462.4</ele><time>2026-08-14T08:59:57.000Z</time></trkpt><trkpt lat="-8.08990653442031" lon="113.6639259434389"><ele>462.4</ele><time>2026-08-14T08:59:58.000Z</time></trkpt><trkpt lat="-8.089885994419868" lon="113.66393688677252"><ele>462.4</ele><time>2026-08-14T08:59:59.000Z</time></trkpt><trkpt lat="-8.089866401085843" lon="113.66394695677252"><ele>462.4</ele><time>2026-08-14T09:00:00.000Z</time></trkpt><trkpt lat="-8.089847824418452" lon="113.66395876010581"><ele>463.3</ele><time>2026-08-14T09:00:01.000Z</time></trkpt><trkpt lat="-8.08983091775129" lon="113.6639705001058"><ele>463.3</ele><time>2026-08-14T09:00:02.000Z</time></trkpt><trkpt lat="-8.089815337750839" lon="113.66398360677249"><ele>463.3</ele><time>2026-08-14T09:00:03.000Z</time></trkpt><trkpt lat="-8.089799157750413" lon="113.66399732010584"><ele>463.3</ele><time>2026-08-14T09:00:04.000Z</time></trkpt><trkpt lat="-8.08978316775003" lon="113.66401091010596"><ele>463.3</ele><time>2026-08-14T09:00:05.000Z</time></trkpt><trkpt lat="-8.089767644416554" lon="113.66402492343943"><ele>464.2</ele><time>2026-08-14T09:00:06.000Z</time></trkpt><trkpt lat="-8.089752051083076" lon="113.66404055677306"><ele>464.2</ele><time>2026-08-14T09:00:07.000Z</time></trkpt><trkpt lat="-8.089738481082993" lon="113.66405744677324"><ele>464.2</ele><time>2026-08-14T09:00:08.000Z</time></trkpt><trkpt lat="-8.089726004416278" lon="113.6640738001068"><ele>464.2</ele><time>2026-08-14T09:00:09.000Z</time></trkpt><trkpt lat="-8.08971419774954" lon="113.66408980344033"><ele>464.2</ele><time>2026-08-14T09:00:10.000Z</time></trkpt><trkpt lat="-8.08970236774947" lon="113.66410410344056"><ele>464.6</ele><time>2026-08-14T09:00:11.000Z</time></trkpt><trkpt lat="-8.089690967749302" lon="113.66411854677395"><ele>464.6</ele><time>2026-08-14T09:00:12.000Z</time></trkpt><trkpt lat="-8.089678031082407" lon="113.66413294677405"><ele>464.6</ele><time>2026-08-14T09:00:13.000Z</time></trkpt><trkpt lat="-8.089666101082056" lon="113.66414801344077"><ele>464.6</ele><time>2026-08-14T09:00:14.000Z</time></trkpt><trkpt lat="-8.089653567748364" lon="113.66416355344079"><ele>464.6</ele><time>2026-08-14T09:00:15.000Z</time></trkpt><trkpt lat="-8.089641927747909" lon="113.66418131010748"><ele>465.5</ele><time>2026-08-14T09:00:16.000Z</time></trkpt><trkpt lat="-8.089630661080914" lon="113.66419750677406"><ele>465.5</ele><time>2026-08-14T09:00:17.000Z</time></trkpt><trkpt lat="-8.089619691080543" lon="113.6642129934406"><ele>465.5</ele><time>2026-08-14T09:00:18.000Z</time></trkpt><trkpt lat="-8.089609824413634" lon="113.66422779010729"><ele>465.5</ele><time>2026-08-14T09:00:19.000Z</time></trkpt><trkpt lat="-8.089601794413493" lon="113.66424262344076"><ele>465.5</ele><time>2026-08-14T09:00:20.000Z</time></trkpt><trkpt lat="-8.089594337746629" lon="113.6642561001075"><ele>466.7</ele><time>2026-08-14T09:00:21.000Z</time></trkpt><trkpt lat="-8.08958746107977" lon="113.66426956677424"><ele>466.7</ele><time>2026-08-14T09:00:22.000Z</time></trkpt><trkpt lat="-8.08958061107961" lon="113.66428355344101"><ele>466.7</ele><time>2026-08-14T09:00:23.000Z</time></trkpt><trkpt lat="-8.089571737746056" lon="113.66429804010761"><ele>466.7</ele><time>2026-08-14T09:00:24.000Z</time></trkpt><trkpt lat="-8.089562144412543" lon="113.66431259010749"><ele>466.7</ele><time>2026-08-14T09:00:25.000Z</time></trkpt><trkpt lat="-8.089549857745656" lon="113.6643270934408"><ele>467.3</ele><time>2026-08-14T09:00:26.000Z</time></trkpt><trkpt lat="-8.08953608774533" lon="113.6643423567742"><ele>467.3</ele><time>2026-08-14T09:00:27.000Z</time></trkpt><trkpt lat="-8.089522627745085" lon="113.66435750344108"><ele>467.3</ele><time>2026-08-14T09:00:28.000Z</time></trkpt><trkpt lat="-8.089509327744818" lon="113.66437291344141"><ele>467.3</ele><time>2026-08-14T09:00:29.000Z</time></trkpt><trkpt lat="-8.089495501077838" lon="113.66438832677503"><ele>467.3</ele><time>2026-08-14T09:00:30.000Z</time></trkpt><trkpt lat="-8.089485434411007" lon="113.66440165344189"><ele>468.7</ele><time>2026-08-14T09:00:31.000Z</time></trkpt><trkpt lat="-8.089476131077495" lon="113.66441439344212"><ele>468.7</ele><time>2026-08-14T09:00:32.000Z</time></trkpt><trkpt lat="-8.089467007743933" lon="113.66442494677558"><ele>468.7</ele><time>2026-08-14T09:00:33.000Z</time></trkpt><trkpt lat="-8.089457744410362" lon="113.66443466344226"><ele>468.7</ele><time>2026-08-14T09:00:34.000Z</time></trkpt><trkpt lat="-8.08944677774357" lon="113.66444280010899"><ele>468.7</ele><time>2026-08-14T09:00:35.000Z</time></trkpt><trkpt lat="-8.089433974410166" lon="113.66445059344237"><ele>470.2</ele><time>2026-08-14T09:00:36.000Z</time></trkpt><trkpt lat="-8.089420564410277" lon="113.66445736010898"><ele>470.2</ele><time>2026-08-14T09:00:37.000Z</time></trkpt><trkpt lat="-8.089406414410401" lon="113.66446525344233"><ele>470.2</ele><time>2026-08-14T09:00:38.000Z</time></trkpt><trkpt lat="-8.089394784410572" lon="113.6644733201091"><ele>470.2</ele><time>2026-08-14T09:00:39.000Z</time></trkpt><trkpt lat="-8.089385691077288" lon="113.6644814667759"><ele>470.2</ele><time>2026-08-14T09:00:40.000Z</time></trkpt><trkpt lat="-8.089377077743942" lon="113.66449128344277"><ele>470.9</ele><time>2026-08-14T09:00:41.000Z</time></trkpt><trkpt lat="-8.08936903774387" lon="113.66450213010978"><ele>470.9</ele><time>2026-08-14T09:00:42.000Z</time></trkpt><trkpt lat="-8.089361504410434" lon="113.66451253344341"><ele>470.9</ele><time>2026-08-14T09:00:43.000Z</time></trkpt><trkpt lat="-8.089352307743612" lon="113.66452193344371"><ele>470.9</ele><time>2026-08-14T09:00:44.000Z</time></trkpt><trkpt lat="-8.089341671076761" lon="113.66453198011065"><ele>470.9</ele><time>2026-08-14T09:00:45.000Z</time></trkpt><trkpt lat="-8.089332194409922" lon="113.66454306011096"><ele>472.5</ele><time>2026-08-14T09:00:46.000Z</time></trkpt><trkpt lat="-8.089323631076393" lon="113.66455377344464"><ele>472.5</ele><time>2026-08-14T09:00:47.000Z</time></trkpt><trkpt lat="-8.089315651076234" lon="113.66456403344492"><ele>472.5</ele><time>2026-08-14T09:00:48.000Z</time></trkpt><trkpt lat="-8.089308277742777" lon="113.66457545677852"><ele>472.5</ele><time>2026-08-14T09:00:49.000Z</time></trkpt><trkpt lat="-8.089301871076028" lon="113.66458639677876"><ele>472.5</ele><time>2026-08-14T09:00:50.000Z</time></trkpt><trkpt lat="-8.08929438774252" lon="113.66459727344565"><ele>474.0</ele><time>2026-08-14T09:00:51.000Z</time></trkpt><trkpt lat="-8.089286804409051" lon="113.66460830011238"><ele>474.0</ele><time>2026-08-14T09:00:52.000Z</time></trkpt><trkpt lat="-8.089278087742272" lon="113.66462048344582"><ele>474.0</ele><time>2026-08-14T09:00:53.000Z</time></trkpt><trkpt lat="-8.089269761075562" lon="113.66463107011256"><ele>474.0</ele><time>2026-08-14T09:00:54.000Z</time></trkpt><trkpt lat="-8.089260831075407" lon="113.6646411401127"><ele>474.0</ele><time>2026-08-14T09:00:55.000Z</time></trkpt><trkpt lat="-8.089251904408616" lon="113.664650593446"><ele>474.6</ele><time>2026-08-14T09:00:56.000Z</time></trkpt><trkpt lat="-8.089243351075126" lon="113.66465812677936"><ele>474.6</ele><time>2026-08-14T09:00:57.000Z</time></trkpt><trkpt lat="-8.08923474440824" lon="113.66466457344605"><ele>474.6</ele><time>2026-08-14T09:00:58.000Z</time></trkpt><trkpt lat="-8.089225011074664" lon="113.66467085011269"><ele>474.6</ele><time>2026-08-14T09:00:59.000Z</time></trkpt><trkpt lat="-8.08921584440785" lon="113.66467719344594"><ele>474.6</ele><time>2026-08-14T09:01:00.000Z</time></trkpt><trkpt lat="-8.089206577740967" lon="113.66468234677927"><ele>475.8</ele><time>2026-08-14T09:01:01.000Z</time></trkpt><trkpt lat="-8.089195217740741" lon="113.66468871011269"><ele>475.8</ele><time>2026-08-14T09:01:02.000Z</time></trkpt><trkpt lat="-8.089184951073884" lon="113.66469571677939"><ele>475.8</ele><time>2026-08-14T09:01:03.000Z</time></trkpt><trkpt lat="-8.089175561073654" lon="113.6647029934461"><ele>475.8</ele><time>2026-08-14T09:01:04.000Z</time></trkpt><trkpt lat="-8.089165731073427" lon="113.66471019011276"><ele>475.8</ele><time>2026-08-14T09:01:05.000Z</time></trkpt><trkpt lat="-8.08915614440664" lon="113.6647180034461"><ele>476.8</ele><time>2026-08-14T09:01:06.000Z</time></trkpt><trkpt lat="-8.089148524406541" lon="113.66472614677943"><ele>476.8</ele><time>2026-08-14T09:01:07.000Z</time></trkpt><trkpt lat="-8.089139254406401" lon="113.66473270011276"><ele>476.8</ele><time>2026-08-14T09:01:08.000Z</time></trkpt><trkpt lat="-8.0891297610729" lon="113.66473928011283"><ele>476.8</ele><time>2026-08-14T09:01:09.000Z</time></trkpt><trkpt lat="-8.089118927739444" lon="113.66474514344625"><ele>476.8</ele><time>2026-08-14T09:01:10.000Z</time></trkpt><trkpt lat="-8.089107701072658" lon="113.6647513134463"><ele>477.3</ele><time>2026-08-14T09:01:11.000Z</time></trkpt><trkpt lat="-8.08909467107253" lon="113.66475693677967"><ele>477.3</ele><time>2026-08-14T09:01:12.000Z</time></trkpt><trkpt lat="-8.089083311072411" lon="113.66476312011302"><ele>477.3</ele><time>2026-08-14T09:01:13.000Z</time></trkpt><trkpt lat="-8.089071457739006" lon="113.66476927011297"><ele>477.3</ele><time>2026-08-14T09:01:14.000Z</time></trkpt><trkpt lat="-8.089061194405513" lon="113.66477640677958"><ele>477.3</ele><time>2026-08-14T09:01:15.000Z</time></trkpt><trkpt lat="-8.089051274405314" lon="113.66478316344622"><ele>478.2</ele><time>2026-08-14T09:01:16.000Z</time></trkpt><trkpt lat="-8.089041744405076" lon="113.66479117677946"><ele>478.2</ele><time>2026-08-14T09:01:17.000Z</time></trkpt><trkpt lat="-8.089031494404825" lon="113.66479915677932"><ele>478.2</ele><time>2026-08-14T09:01:18.000Z</time></trkpt><trkpt lat="-8.089021307737848" lon="113.66480711344593"><ele>478.2</ele><time>2026-08-14T09:01:19.000Z</time></trkpt><trkpt lat="-8.089011234404293" lon="113.66481519011252"><ele>478.2</ele><time>2026-08-14T09:01:20.000Z</time></trkpt><trkpt lat="-8.089000257737407" lon="113.66482174344578"><ele>479.2</ele><time>2026-08-14T09:01:21.000Z</time></trkpt><trkpt lat="-8.088988367737102" lon="113.66482769344586"><ele>479.2</ele><time>2026-08-14T09:01:22.000Z</time></trkpt><trkpt lat="-8.088977364403519" lon="113.66483398011269"><ele>479.2</ele><time>2026-08-14T09:01:23.000Z</time></trkpt><trkpt lat="-8.088964504403462" lon="113.66483967677951"><ele>479.2</ele><time>2026-08-14T09:01:24.000Z</time></trkpt><trkpt lat="-8.088950667736603" lon="113.66484437344631"><ele>479.2</ele><time>2026-08-14T09:01:25.000Z</time></trkpt><trkpt lat="-8.088937417736478" lon="113.66485049344644"><ele>479.7</ele><time>2026-08-14T09:01:26.000Z</time></trkpt><trkpt lat="-8.08892496773646" lon="113.66485456677977"><ele>479.7</ele><time>2026-08-14T09:01:27.000Z</time></trkpt><trkpt lat="-8.088910914403076" lon="113.66485836344637"><ele>479.7</ele><time>2026-08-14T09:01:28.000Z</time></trkpt><trkpt lat="-8.088898597736126" lon="113.66486189344627"><ele>479.7</ele><time>2026-08-14T09:01:29.000Z</time></trkpt><trkpt lat="-8.088887484402598" lon="113.66486624344627"><ele>479.7</ele><time>2026-08-14T09:01:30.000Z</time></trkpt><trkpt lat="-8.088875884402404" lon="113.664870370113"><ele>480.8</ele><time>2026-08-14T09:01:31.000Z</time></trkpt><trkpt lat="-8.088864371068821" lon="113.6648752434464"><ele>480.8</ele><time>2026-08-14T09:01:32.000Z</time></trkpt><trkpt lat="-8.088853477735181" lon="113.66487906677985"><ele>480.8</ele><time>2026-08-14T09:01:33.000Z</time></trkpt><trkpt lat="-8.088841284401528" lon="113.66488335344664"><ele>480.8</ele><time>2026-08-14T09:01:34.000Z</time></trkpt><trkpt lat="-8.088828924401273" lon="113.66488716678009"><ele>480.8</ele><time>2026-08-14T09:01:35.000Z</time></trkpt><trkpt lat="-8.088817581067653" lon="113.66489077678015"><ele>481.8</ele><time>2026-08-14T09:01:36.000Z</time></trkpt><trkpt lat="-8.088806121067359" lon="113.66489535011355"><ele>481.8</ele><time>2026-08-14T09:01:37.000Z</time></trkpt><trkpt lat="-8.088794837733866" lon="113.66490116344691"><ele>481.8</ele><time>2026-08-14T09:01:38.000Z</time></trkpt><trkpt lat="-8.088784791067113" lon="113.66490762344695"><ele>481.8</ele><time>2026-08-14T09:01:39.000Z</time></trkpt><trkpt lat="-8.08877437440037" lon="113.66491464678025"><ele>481.8</ele><time>2026-08-14T09:01:40.000Z</time></trkpt><trkpt lat="-8.088762104400304" lon="113.66492116344689"><ele>482.4</ele><time>2026-08-14T09:01:41.000Z</time></trkpt><trkpt lat="-8.088748054400067" lon="113.66492793344699"><ele>482.4</ele><time>2026-08-14T09:01:42.000Z</time></trkpt><trkpt lat="-8.088734737733088" lon="113.66493373678043"><ele>482.4</ele><time>2026-08-14T09:01:43.000Z</time></trkpt><trkpt lat="-8.088720987732842" lon="113.66493762344722"><ele>482.4</ele><time>2026-08-14T09:01:44.000Z</time></trkpt><trkpt lat="-8.088707447732608" lon="113.66494128678069"><ele>482.4</ele><time>2026-08-14T09:01:45.000Z</time></trkpt><trkpt lat="-8.088695314398972" lon="113.66494488344748"><ele>483.5</ele><time>2026-08-14T09:01:46.000Z</time></trkpt><trkpt lat="-8.088684934398804" lon="113.66494713011419"><ele>483.5</ele><time>2026-08-14T09:01:47.000Z</time></trkpt><trkpt lat="-8.088674134398719" lon="113.66494904344759"><ele>483.5</ele><time>2026-08-14T09:01:48.000Z</time></trkpt><trkpt lat="-8.088663407732003" lon="113.66495182678099"><ele>483.5</ele><time>2026-08-14T09:01:49.000Z</time></trkpt><trkpt lat="-8.088651297731808" lon="113.66495462344778"><ele>483.5</ele><time>2026-08-14T09:01:50.000Z</time></trkpt><trkpt lat="-8.08863997773163" lon="113.66495749678123"><ele>484.7</ele><time>2026-08-14T09:01:51.000Z</time></trkpt><trkpt lat="-8.088628991064867" lon="113.66496168011467"><ele>484.7</ele><time>2026-08-14T09:01:52.000Z</time></trkpt><trkpt lat="-8.088618271064771" lon="113.66496664011481"><ele>484.7</ele><time>2026-08-14T09:01:53.000Z</time></trkpt><trkpt lat="-8.088607371064514" lon="113.66497288344824"><ele>484.7</ele><time>2026-08-14T09:01:54.000Z</time></trkpt><trkpt lat="-8.088596564397594" lon="113.66497877678167"><ele>484.7</ele><time>2026-08-14T09:01:55.000Z</time></trkpt><trkpt lat="-8.088585077730603" lon="113.6649850001151"><ele>485.2</ele><time>2026-08-14T09:01:56.000Z</time></trkpt><trkpt lat="-8.088573314396957" lon="113.66498941344848"><ele>485.2</ele><time>2026-08-14T09:01:57.000Z</time></trkpt><trkpt lat="-8.088560037729916" lon="113.66499435344858"><ele>485.2</ele><time>2026-08-14T09:01:58.000Z</time></trkpt><trkpt lat="-8.088547167729661" lon="113.66499716011535"><ele>485.2</ele><time>2026-08-14T09:01:59.000Z</time></trkpt><trkpt lat="-8.088535154396062" lon="113.66499968678207"><ele>485.2</ele><time>2026-08-14T09:02:00.000Z</time></trkpt><trkpt lat="-8.088523104395886" lon="113.66500204678212"><ele>486.3</ele><time>2026-08-14T09:02:01.000Z</time></trkpt><trkpt lat="-8.088511881062413" lon="113.66500564678219"><ele>486.3</ele><time>2026-08-14T09:02:02.000Z</time></trkpt><trkpt lat="-8.088500307728918" lon="113.66500890678219"><ele>486.3</ele><time>2026-08-14T09:02:03.000Z</time></trkpt><trkpt lat="-8.088488791061968" lon="113.66501364011556"><ele>486.3</ele><time>2026-08-14T09:02:04.000Z</time></trkpt><trkpt lat="-8.08847751772846" lon="113.66501830011562"><ele>486.3</ele><time>2026-08-14T09:02:05.000Z</time></trkpt><trkpt lat="-8.088466044395032" lon="113.66502367011563"><ele>487.3</ele><time>2026-08-14T09:02:06.000Z</time></trkpt><trkpt lat="-8.08845397772825" lon="113.66502851344899"><ele>487.3</ele><time>2026-08-14T09:02:07.000Z</time></trkpt><trkpt lat="-8.088443331061523" lon="113.66503396344902"><ele>487.3</ele><time>2026-08-14T09:02:08.000Z</time></trkpt><trkpt lat="-8.088431607728246" lon="113.66503852678235"><ele>487.3</ele><time>2026-08-14T09:02:09.000Z</time></trkpt><trkpt lat="-8.088419297728239" lon="113.66504404678237"><ele>487.3</ele><time>2026-08-14T09:02:10.000Z</time></trkpt><trkpt lat="-8.088405731061519" lon="113.66504857344907"><ele>487.9</ele><time>2026-08-14T09:02:11.000Z</time></trkpt><trkpt lat="-8.088392747728168" lon="113.6650527367824"><ele>487.9</ele><time>2026-08-14T09:02:12.000Z</time></trkpt><trkpt lat="-8.088379294394759" lon="113.66505594011576"><ele>487.9</ele><time>2026-08-14T09:02:13.000Z</time></trkpt><trkpt lat="-8.088367521061343" lon="113.66506060344913"><ele>487.9</ele><time>2026-08-14T09:02:14.000Z</time></trkpt><trkpt lat="-8.088355634394619" lon="113.66506460011585"><ele>487.9</ele><time>2026-08-14T09:02:15.000Z</time></trkpt><trkpt lat="-8.088344497727755" lon="113.66506959678262"><ele>488.9</ele><time>2026-08-14T09:02:16.000Z</time></trkpt><trkpt lat="-8.088332837727433" lon="113.66507545344942"><ele>488.9</ele><time>2026-08-14T09:02:17.000Z</time></trkpt><trkpt lat="-8.088320141060507" lon="113.6650813634495"><ele>488.9</ele><time>2026-08-14T09:02:18.000Z</time></trkpt><trkpt lat="-8.088307317726919" lon="113.66508653678288"><ele>488.9</ele><time>2026-08-14T09:02:19.000Z</time></trkpt><trkpt lat="-8.088294894393389" lon="113.66509212678291"><ele>488.9</ele><time>2026-08-14T09:02:20.000Z</time></trkpt><trkpt lat="-8.088284157726687" lon="113.6650964467829"><ele>489.9</ele><time>2026-08-14T09:02:21.000Z</time></trkpt><trkpt lat="-8.088272804393403" lon="113.66510070011623"><ele>489.9</ele><time>2026-08-14T09:02:22.000Z</time></trkpt><trkpt lat="-8.088262081060158" lon="113.66510533011622"><ele>489.9</ele><time>2026-08-14T09:02:23.000Z</time></trkpt><trkpt lat="-8.088250511060133" lon="113.66510880344956"><ele>489.9</ele><time>2026-08-14T09:02:24.000Z</time></trkpt><trkpt lat="-8.088236944393199" lon="113.66511183344956"><ele>489.9</ele><time>2026-08-14T09:02:25.000Z</time></trkpt><trkpt lat="-8.088222304392868" lon="113.66511525678291"><ele>490.4</ele><time>2026-08-14T09:02:26.000Z</time></trkpt><trkpt lat="-8.08820855772577" lon="113.6651161967829"><ele>490.4</ele><time>2026-08-14T09:02:27.000Z</time></trkpt><trkpt lat="-8.088194921058617" lon="113.66511776011623"><ele>490.4</ele><time>2026-08-14T09:02:28.000Z</time></trkpt><trkpt lat="-8.088181331058134" lon="113.66512107678292"><ele>490.4</ele><time>2026-08-14T09:02:29.000Z</time></trkpt><trkpt lat="-8.0881696810578" lon="113.66512398344966"><ele>490.4</ele><time>2026-08-14T09:02:30.000Z</time></trkpt><trkpt lat="-8.088157614390802" lon="113.6651280401164"><ele>491.5</ele><time>2026-08-14T09:02:31.000Z</time></trkpt><trkpt lat="-8.088146444390617" lon="113.66513468678315"><ele>491.5</ele><time>2026-08-14T09:02:32.000Z</time></trkpt><trkpt lat="-8.088137361057104" lon="113.66514122678322"><ele>491.5</ele><time>2026-08-14T09:02:33.000Z</time></trkpt><trkpt lat="-8.088131014390349" lon="113.66514873011658"><ele>491.5</ele><time>2026-08-14T09:02:34.000Z</time></trkpt><trkpt lat="-8.088123741056933" lon="113.66515626678324"><ele>491.5</ele><time>2026-08-14T09:02:35.000Z</time></trkpt><trkpt lat="-8.088117864390238" lon="113.66516453011647"><ele>492.7</ele><time>2026-08-14T09:02:36.000Z</time></trkpt><trkpt lat="-8.088111514390118" lon="113.66517299011642"><ele>492.7</ele><time>2026-08-14T09:02:37.000Z</time></trkpt><trkpt lat="-8.088103754390037" lon="113.66517997678302"><ele>492.7</ele><time>2026-08-14T09:02:38.000Z</time></trkpt><trkpt lat="-8.088095574389957" lon="113.66518602344964"><ele>492.7</ele><time>2026-08-14T09:02:39.000Z</time></trkpt><trkpt lat="-8.08808806772322" lon="113.66519301011627"><ele>492.7</ele><time>2026-08-14T09:02:40.000Z</time></trkpt><trkpt lat="-8.088079274389708" lon="113.66519874344965"><ele>493.4</ele><time>2026-08-14T09:02:41.000Z</time></trkpt><trkpt lat="-8.088070624389568" lon="113.66520529011643"><ele>493.4</ele><time>2026-08-14T09:02:42.000Z</time></trkpt><trkpt lat="-8.088061937722637" lon="113.66521318678323"><ele>493.4</ele><time>2026-08-14T09:02:43.000Z</time></trkpt><trkpt lat="-8.088051991055739" lon="113.66522177344999"><ele>493.4</ele><time>2026-08-14T09:02:44.000Z</time></trkpt><trkpt lat="-8.088043097722267" lon="113.66523081345004"><ele>493.4</ele><time>2026-08-14T09:02:45.000Z</time></trkpt><trkpt lat="-8.088034394388837" lon="113.66524068011677"><ele>494.7</ele><time>2026-08-14T09:02:46.000Z</time></trkpt><trkpt lat="-8.088024771055474" lon="113.66525020011673"><ele>494.7</ele><time>2026-08-14T09:02:47.000Z</time></trkpt><trkpt lat="-8.088014901055521" lon="113.66525958344998"><ele>494.7</ele><time>2026-08-14T09:02:48.000Z</time></trkpt><trkpt lat="-8.088003921055593" lon="113.66526853678337"><ele>494.7</ele><time>2026-08-14T09:02:49.000Z</time></trkpt><trkpt lat="-8.087991977722215" lon="113.6652777634501"><ele>494.7</ele><time>2026-08-14T09:02:50.000Z</time></trkpt><trkpt lat="-8.087979781055516" lon="113.66528774345025"><ele>495.7</ele><time>2026-08-14T09:02:51.000Z</time></trkpt><trkpt lat="-8.087969291055405" lon="113.66529791011706"><ele>495.7</ele><time>2026-08-14T09:02:52.000Z</time></trkpt><trkpt lat="-8.08795839438851" lon="113.66530860678381"><ele>495.7</ele><time>2026-08-14T09:02:53.000Z</time></trkpt><trkpt lat="-8.087947884388212" lon="113.66532225678368"><ele>495.7</ele><time>2026-08-14T09:02:54.000Z</time></trkpt><trkpt lat="-8.087939147721356" lon="113.66533560345025"><ele>495.7</ele><time>2026-08-14T09:02:55.000Z</time></trkpt><trkpt lat="-8.087933144387867" lon="113.66534991011679"><ele>496.2</ele><time>2026-08-14T09:02:56.000Z</time></trkpt><trkpt lat="-8.087926634387742" lon="113.66536566345012"><ele>496.2</ele><time>2026-08-14T09:02:57.000Z</time></trkpt><trkpt lat="-8.087921954387765" lon="113.66538288678348"><ele>496.2</ele><time>2026-08-14T09:02:58.000Z</time></trkpt><trkpt lat="-8.087917897721098" lon="113.66539810678364"><ele>496.2</ele><time>2026-08-14T09:02:59.000Z</time></trkpt><trkpt lat="-8.087912887721071" lon="113.66541422345058"><ele>496.2</ele><time>2026-08-14T09:03:00.000Z</time></trkpt><trkpt lat="-8.087906024387669" lon="113.66542892345078"><ele>497.0</ele><time>2026-08-14T09:03:01.000Z</time></trkpt><trkpt lat="-8.087899257720917" lon="113.66544186345088"><ele>497.0</ele><time>2026-08-14T09:03:02.000Z</time></trkpt><trkpt lat="-8.08789139105412" lon="113.66545269345104"><ele>497.0</ele><time>2026-08-14T09:03:03.000Z</time></trkpt><trkpt lat="-8.087883767720657" lon="113.66546357011786"><ele>497.0</ele><time>2026-08-14T09:03:04.000Z</time></trkpt><trkpt lat="-8.087876677720526" lon="113.6654742667846"><ele>497.0</ele><time>2026-08-14T09:03:05.000Z</time></trkpt><trkpt lat="-8.08786935438705" lon="113.66548565345128"><ele>497.5</ele><time>2026-08-14T09:03:06.000Z</time></trkpt><trkpt lat="-8.087861247720232" lon="113.66549715011809"><ele>497.5</ele><time>2026-08-14T09:03:07.000Z</time></trkpt><trkpt lat="-8.087853484386706" lon="113.6655100934515"><ele>497.5</ele><time>2026-08-14T09:03:08.000Z</time></trkpt><trkpt lat="-8.087845207719923" lon="113.6655225601183"><ele>497.5</ele><time>2026-08-14T09:03:09.000Z</time></trkpt><trkpt lat="-8.087837621053144" lon="113.665535486785"><ele>497.5</ele><time>2026-08-14T09:03:10.000Z</time></trkpt><trkpt lat="-8.087831031053028" lon="113.6655475934518"><ele>497.8</ele><time>2026-08-14T09:03:11.000Z</time></trkpt><trkpt lat="-8.08782432438624" lon="113.66555882011849"><ele>497.8</ele><time>2026-08-14T09:03:12.000Z</time></trkpt><trkpt lat="-8.08781864771949" lon="113.66556858678523"><ele>497.8</ele><time>2026-08-14T09:03:13.000Z</time></trkpt><trkpt lat="-8.087813377719312" lon="113.66557802345203"><ele>497.8</ele><time>2026-08-14T09:03:14.000Z</time></trkpt><trkpt lat="-8.087806607719141" lon="113.6655858767856"><ele>497.8</ele><time>2026-08-14T09:03:15.000Z</time></trkpt><trkpt lat="-8.087799411052327" lon="113.66559324011908"><ele>498.7</ele><time>2026-08-14T09:03:16.000Z</time></trkpt><trkpt lat="-8.087792544385561" lon="113.66560262011922"><ele>498.7</ele><time>2026-08-14T09:03:17.000Z</time></trkpt><trkpt lat="-8.087784251052064" lon="113.66561319345264"><ele>498.7</ele><time>2026-08-14T09:03:18.000Z</time></trkpt><trkpt lat="-8.087776291051984" lon="113.66562378011938"><ele>498.7</ele><time>2026-08-14T09:03:19.000Z</time></trkpt><trkpt lat="-8.087768991051895" lon="113.66563516011945"><ele>498.7</ele><time>2026-08-14T09:03:20.000Z</time></trkpt><trkpt lat="-8.087759441051901" lon="113.66564671011955"><ele>500.1</ele><time>2026-08-14T09:03:21.000Z</time></trkpt><trkpt lat="-8.087750114385162" lon="113.66565785345297"><ele>500.1</ele><time>2026-08-14T09:03:22.000Z</time></trkpt><trkpt lat="-8.087741991051844" lon="113.66566855678636"><ele>500.1</ele><time>2026-08-14T09:03:23.000Z</time></trkpt><trkpt lat="-8.087732954385107" lon="113.66567897678638"><ele>500.1</ele><time>2026-08-14T09:03:24.000Z</time></trkpt><trkpt lat="-8.087723524385042" lon="113.66568816678637"><ele>500.1</ele><time>2026-08-14T09:03:25.000Z</time></trkpt><trkpt lat="-8.087715441051664" lon="113.66569626678636"><ele>500.7</ele><time>2026-08-14T09:03:26.000Z</time></trkpt><trkpt lat="-8.08770458105156" lon="113.66570137011968"><ele>500.7</ele><time>2026-08-14T09:03:27.000Z</time></trkpt><trkpt lat="-8.087691707718047" lon="113.6657052401197"><ele>500.7</ele><time>2026-08-14T09:03:28.000Z</time></trkpt><trkpt lat="-8.087678371051203" lon="113.6657078367864"><ele>500.7</ele><time>2026-08-14T09:03:29.000Z</time></trkpt><trkpt lat="-8.087664341050939" lon="113.66570924011971"><ele>500.7</ele><time>2026-08-14T09:03:30.000Z</time></trkpt><trkpt lat="-8.08764999771723" lon="113.66571162345308"><ele>501.7</ele><time>2026-08-14T09:03:31.000Z</time></trkpt><trkpt lat="-8.087637187716886" lon="113.66571268345317"><ele>501.7</ele><time>2026-08-14T09:03:32.000Z</time></trkpt><trkpt lat="-8.087623907716484" lon="113.66571421011997"><ele>501.7</ele><time>2026-08-14T09:03:33.000Z</time></trkpt><trkpt lat="-8.08761125771612" lon="113.66571648678674"><ele>501.7</ele><time>2026-08-14T09:03:34.000Z</time></trkpt><trkpt lat="-8.087596911049047" lon="113.66571891678684"><ele>501.7</ele><time>2026-08-14T09:03:35.000Z</time></trkpt><trkpt lat="-8.087582927715237" lon="113.66572097678696"><ele>502.6</ele><time>2026-08-14T09:03:36.000Z</time></trkpt><trkpt lat="-8.087568514381525" lon="113.66572470345368"><ele>502.6</ele><time>2026-08-14T09:03:37.000Z</time></trkpt><trkpt lat="-8.08755551104799" lon="113.66572817012036"><ele>502.6</ele><time>2026-08-14T09:03:38.000Z</time></trkpt><trkpt lat="-8.087542744381164" lon="113.66573209012037"><ele>502.6</ele><time>2026-08-14T09:03:39.000Z</time></trkpt><trkpt lat="-8.087530691047839" lon="113.66573699012042"><ele>502.6</ele><time>2026-08-14T09:03:40.000Z</time></trkpt><trkpt lat="-8.08751887104786" lon="113.66574253678712"><ele>503.2</ele><time>2026-08-14T09:03:41.000Z</time></trkpt><trkpt lat="-8.087506737714438" lon="113.66575105012058"><ele>503.2</ele><time>2026-08-14T09:03:42.000Z</time></trkpt><trkpt lat="-8.08749437104767" lon="113.66575955678734"><ele>503.2</ele><time>2026-08-14T09:03:43.000Z</time></trkpt><trkpt lat="-8.087481244380948" lon="113.66576743678745"><ele>503.2</ele><time>2026-08-14T09:03:44.000Z</time></trkpt><trkpt lat="-8.087467881047512" lon="113.6657747734542"><ele>503.2</ele><time>2026-08-14T09:03:45.000Z</time></trkpt><trkpt lat="-8.08745352771414" lon="113.6657813534543"><ele>504.5</ele><time>2026-08-14T09:03:46.000Z</time></trkpt><trkpt lat="-8.087440047714246" lon="113.66578519678765"><ele>504.5</ele><time>2026-08-14T09:03:47.000Z</time></trkpt><trkpt lat="-8.087426901047554" lon="113.66578948345436"><ele>504.5</ele><time>2026-08-14T09:03:48.000Z</time></trkpt><trkpt lat="-8.087413161047397" lon="113.66579569678788"><ele>504.5</ele><time>2026-08-14T09:03:49.000Z</time></trkpt><trkpt lat="-8.087401441047273" lon="113.66580322678803"><ele>504.5</ele><time>2026-08-14T09:03:50.000Z</time></trkpt><trkpt lat="-8.0873906577139" lon="113.6658099034548"><ele>505.7</ele><time>2026-08-14T09:03:51.000Z</time></trkpt><trkpt lat="-8.087379797713798" lon="113.665818143455"><ele>505.7</ele><time>2026-08-14T09:03:52.000Z</time></trkpt><trkpt lat="-8.087368937713695" lon="113.66582618678856"><ele>505.7</ele><time>2026-08-14T09:03:53.000Z</time></trkpt><trkpt lat="-8.087359367713622" lon="113.66583163012201"><ele>505.7</ele><time>2026-08-14T09:03:54.000Z</time></trkpt><trkpt lat="-8.08734926771358" lon="113.66583687345553"><ele>505.7</ele><time>2026-08-14T09:03:55.000Z</time></trkpt><trkpt lat="-8.087339171046688" lon="113.66584410678914"><ele>506.3</ele><time>2026-08-14T09:03:56.000Z</time></trkpt><trkpt lat="-8.087330324379778" lon="113.66584981678929"><ele>506.3</ele><time>2026-08-14T09:03:57.000Z</time></trkpt><trkpt lat="-8.087321531046266" lon="113.66585446678941"><ele>506.3</ele><time>2026-08-14T09:03:58.000Z</time></trkpt><trkpt lat="-8.087312121046065" lon="113.66585966345622"><ele>506.3</ele><time>2026-08-14T09:03:59.000Z</time></trkpt><trkpt lat="-8.087302251045685" lon="113.665862830123"><ele>506.3</ele><time>2026-08-14T09:04:00.000Z</time></trkpt><trkpt lat="-8.087292251045389" lon="113.66586492012304"><ele>507.5</ele><time>2026-08-14T09:04:01.000Z</time></trkpt><trkpt lat="-8.08728143104501" lon="113.66586681345643"><ele>507.5</ele><time>2026-08-14T09:04:02.000Z</time></trkpt><trkpt lat="-8.087269951044748" lon="113.66586988012318"><ele>507.5</ele><time>2026-08-14T09:04:03.000Z</time></trkpt><trkpt lat="-8.0872582410445" lon="113.66587334345664"><ele>507.5</ele><time>2026-08-14T09:04:04.000Z</time></trkpt><trkpt lat="-8.087246184377596" lon="113.66587835679009"><ele>507.5</ele><time>2026-08-14T09:04:05.000Z</time></trkpt><trkpt lat="-8.0872337843774" lon="113.66588207345686"><ele>508.5</ele><time>2026-08-14T09:04:06.000Z</time></trkpt><trkpt lat="-8.087221651043977" lon="113.66588680012362"><ele>508.5</ele><time>2026-08-14T09:04:07.000Z</time></trkpt><trkpt lat="-8.087209581043831" lon="113.6658905467904"><ele>508.5</ele><time>2026-08-14T09:04:08.000Z</time></trkpt><trkpt lat="-8.087197527710291" lon="113.66589421345714"><ele>508.5</ele><time>2026-08-14T09:04:09.000Z</time></trkpt><trkpt lat="-8.08718544104354" lon="113.66589746012384"><ele>508.5</ele><time>2026-08-14T09:04:10.000Z</time></trkpt><trkpt lat="-8.087172934376762" lon="113.66590242679061"><ele>508.9</ele><time>2026-08-14T09:04:11.000Z</time></trkpt><trkpt lat="-8.087158931043195" lon="113.66590738345735"><ele>508.9</ele><time>2026-08-14T09:04:12.000Z</time></trkpt><trkpt lat="-8.087145024376333" lon="113.66591411012419"><ele>508.9</ele><time>2026-08-14T09:04:13.000Z</time></trkpt><trkpt lat="-8.087130571042893" lon="113.66592103012435"><ele>508.9</ele><time>2026-08-14T09:04:14.000Z</time></trkpt><trkpt lat="-8.087116031042843" lon="113.66592778012452"><ele>508.9</ele><time>2026-08-14T09:04:15.000Z</time></trkpt><trkpt lat="-8.087101827709358" lon="113.66593301012468"><ele>509.7</ele><time>2026-08-14T09:04:16.000Z</time></trkpt><trkpt lat="-8.08708817770939" lon="113.66593717679147"><ele>509.7</ele><time>2026-08-14T09:04:17.000Z</time></trkpt><trkpt lat="-8.087075411042672" lon="113.66593926679153"><ele>509.7</ele><time>2026-08-14T09:04:18.000Z</time></trkpt><trkpt lat="-8.08706416437597" lon="113.66594067345818"><ele>509.7</ele><time>2026-08-14T09:04:19.000Z</time></trkpt><trkpt lat="-8.087052987709274" lon="113.66594288012489"><ele>509.7</ele><time>2026-08-14T09:04:20.000Z</time></trkpt><trkpt lat="-8.087041517709316" lon="113.6659463567916"><ele>510.6</ele><time>2026-08-14T09:04:21.000Z</time></trkpt><trkpt lat="-8.08702965104267" lon="113.66595064679163"><ele>510.6</ele><time>2026-08-14T09:04:22.000Z</time></trkpt><trkpt lat="-8.087015867709317" lon="113.66595565345835"><ele>510.6</ele><time>2026-08-14T09:04:23.000Z</time></trkpt><trkpt lat="-8.087001554375886" lon="113.66596101679178"><ele>510.6</ele><time>2026-08-14T09:04:24.000Z</time></trkpt><trkpt lat="-8.086988074375778" lon="113.66596616345858"><ele>510.6</ele><time>2026-08-14T09:04:25.000Z</time></trkpt><trkpt lat="-8.086975057709001" lon="113.6659710001253"><ele>511.0</ele><time>2026-08-14T09:04:26.000Z</time></trkpt><trkpt lat="-8.086963671042183" lon="113.66597530012534"><ele>511.0</ele><time>2026-08-14T09:04:27.000Z</time></trkpt><trkpt lat="-8.086954121042082" lon="113.66597937012541"><ele>511.0</ele><time>2026-08-14T09:04:28.000Z</time></trkpt><trkpt lat="-8.086944944375336" lon="113.66598332012545"><ele>511.0</ele><time>2026-08-14T09:04:29.000Z</time></trkpt><trkpt lat="-8.086935941041812" lon="113.66598772679212"><ele>511.0</ele><time>2026-08-14T09:04:30.000Z</time></trkpt><trkpt lat="-8.086927367708405" lon="113.66599257679214"><ele>511.8</ele><time>2026-08-14T09:04:31.000Z</time></trkpt><trkpt lat="-8.08691802770821" lon="113.66599832012552"><ele>511.8</ele><time>2026-08-14T09:04:32.000Z</time></trkpt><trkpt lat="-8.086908864374706" lon="113.6660040234589"><ele>511.8</ele><time>2026-08-14T09:04:33.000Z</time></trkpt><trkpt lat="-8.086899064374652" lon="113.6660065467923"><ele>511.8</ele><time>2026-08-14T09:04:34.000Z</time></trkpt><trkpt lat="-8.086886911041152" lon="113.66600993679235"><ele>511.8</ele><time>2026-08-14T09:04:35.000Z</time></trkpt><trkpt lat="-8.086873574374307" lon="113.6660140901259"><ele>512.5</ele><time>2026-08-14T09:04:36.000Z</time></trkpt><trkpt lat="-8.086859081040817" lon="113.66601831012606"><ele>512.5</ele><time>2026-08-14T09:04:37.000Z</time></trkpt><trkpt lat="-8.0868437810406" lon="113.66602299345959"><ele>512.5</ele><time>2026-08-14T09:04:38.000Z</time></trkpt><trkpt lat="-8.086828827707038" lon="113.66603209012638"><ele>512.5</ele><time>2026-08-14T09:04:39.000Z</time></trkpt><trkpt lat="-8.086816337706868" lon="113.66603969679318"><ele>512.5</ele><time>2026-08-14T09:04:40.000Z</time></trkpt><trkpt lat="-8.086805147706713" lon="113.66604739012644"><ele>512.9</ele><time>2026-08-14T09:04:41.000Z</time></trkpt><trkpt lat="-8.08679536437337" lon="113.66605396345969"><ele>512.9</ele><time>2026-08-14T09:04:42.000Z</time></trkpt><trkpt lat="-8.086785251039979" lon="113.66605998679297"><ele>512.9</ele><time>2026-08-14T09:04:43.000Z</time></trkpt><trkpt lat="-8.08677530103993" lon="113.66606473679296"><ele>512.9</ele><time>2026-08-14T09:04:44.000Z</time></trkpt><trkpt lat="-8.08676597770666" lon="113.66606968679302"><ele>512.9</ele><time>2026-08-14T09:04:45.000Z</time></trkpt><trkpt lat="-8.08675656770657" lon="113.66607270345985"><ele>513.7</ele><time>2026-08-14T09:04:46.000Z</time></trkpt><trkpt lat="-8.086746927706491" lon="113.66607661345998"><ele>513.7</ele><time>2026-08-14T09:04:47.000Z</time></trkpt><trkpt lat="-8.086737304373235" lon="113.6660808267934"><ele>513.7</ele><time>2026-08-14T09:04:48.000Z</time></trkpt><trkpt lat="-8.086727104373125" lon="113.66608404679346"><ele>513.7</ele><time>2026-08-14T09:04:49.000Z</time></trkpt><trkpt lat="-8.086716287706327" lon="113.6660871101268"><ele>513.7</ele><time>2026-08-14T09:04:50.000Z</time></trkpt><trkpt lat="-8.086705121039506" lon="113.66609112679343"><ele>514.7</ele><time>2026-08-14T09:04:51.000Z</time></trkpt><trkpt lat="-8.086694664372606" lon="113.66609409012676"><ele>514.7</ele><time>2026-08-14T09:04:52.000Z</time></trkpt><trkpt lat="-8.08668375103889" lon="113.66609638012673"><ele>514.7</ele><time>2026-08-14T09:04:53.000Z</time></trkpt><trkpt lat="-8.086672091038677" lon="113.66609893012671"><ele>514.7</ele><time>2026-08-14T09:04:54.000Z</time></trkpt><trkpt lat="-8.086657414371768" lon="113.66609987679337"><ele>514.7</ele><time>2026-08-14T09:04:55.000Z</time></trkpt><trkpt lat="-8.086641094371764" lon="113.66609922346007"><ele>515.1</ele><time>2026-08-14T09:04:56.000Z</time></trkpt><trkpt lat="-8.08662383103849" lon="113.6660986967934"><ele>515.1</ele><time>2026-08-14T09:04:57.000Z</time></trkpt><trkpt lat="-8.086606827705264" lon="113.66609826012674"><ele>515.1</ele><time>2026-08-14T09:04:58.000Z</time></trkpt><trkpt lat="-8.08659093103865" lon="113.6660969567934"><ele>515.1</ele><time>2026-08-14T09:04:59.000Z</time></trkpt><trkpt lat="-8.086578354372083" lon="113.6660965101267"><ele>515.1</ele><time>2026-08-14T09:05:00.000Z</time></trkpt><trkpt lat="-8.086566357705305" lon="113.66609617346003"><ele>515.9</ele><time>2026-08-14T09:05:01.000Z</time></trkpt><trkpt lat="-8.086553284371764" lon="113.66609584679334"><ele>515.9</ele><time>2026-08-14T09:05:02.000Z</time></trkpt><trkpt lat="-8.086539484371484" lon="113.66609519345995"><ele>515.9</ele><time>2026-08-14T09:05:03.000Z</time></trkpt><trkpt lat="-8.086525957704492" lon="113.66609569012662"><ele>515.9</ele><time>2026-08-14T09:05:04.000Z</time></trkpt><trkpt lat="-8.086511881037557" lon="113.66609664679326"><ele>515.9</ele><time>2026-08-14T09:05:05.000Z</time></trkpt><trkpt lat="-8.086498944370662" lon="113.66609849345991"><ele>516.5</ele><time>2026-08-14T09:05:06.000Z</time></trkpt><trkpt lat="-8.086486814370389" lon="113.6661009267932"><ele>516.5</ele><time>2026-08-14T09:05:07.000Z</time></trkpt><trkpt lat="-8.086475764370244" lon="113.66610420679316"><ele>516.5</ele><time>2026-08-14T09:05:08.000Z</time></trkpt><trkpt lat="-8.08646410437003" lon="113.66610785679318"><ele>516.5</ele><time>2026-08-14T09:05:09.000Z</time></trkpt><trkpt lat="-8.086452097703159" lon="113.66611158012654"><ele>516.5</ele><time>2026-08-14T09:05:10.000Z</time></trkpt><trkpt lat="-8.086440324369637" lon="113.66611531345988"><ele>516.8</ele><time>2026-08-14T09:05:11.000Z</time></trkpt><trkpt lat="-8.086429724369578" lon="113.66611875345991"><ele>516.8</ele><time>2026-08-14T09:05:12.000Z</time></trkpt><trkpt lat="-8.086418651036098" lon="113.66612177012658"><ele>516.8</ele><time>2026-08-14T09:05:13.000Z</time></trkpt><trkpt lat="-8.086407424369366" lon="113.66612440345989"><ele>516.8</ele><time>2026-08-14T09:05:14.000Z</time></trkpt><trkpt lat="-8.086396284369247" lon="113.66612662345987"><ele>516.8</ele><time>2026-08-14T09:05:15.000Z</time></trkpt><trkpt lat="-8.086384341035865" lon="113.66612850345989"><ele>517.7</ele><time>2026-08-14T09:05:16.000Z</time></trkpt><trkpt lat="-8.086372121035724" lon="113.66613022012658"><ele>517.7</ele><time>2026-08-14T09:05:17.000Z</time></trkpt><trkpt lat="-8.086361027702381" lon="113.6661318201266"><ele>517.7</ele><time>2026-08-14T09:05:18.000Z</time></trkpt><trkpt lat="-8.086350197702448" lon="113.66613320012661"><ele>517.7</ele><time>2026-08-14T09:05:19.000Z</time></trkpt><trkpt lat="-8.086339107702466" lon="113.66613468012665"><ele>517.7</ele><time>2026-08-14T09:05:20.000Z</time></trkpt><trkpt lat="-8.086328037702456" lon="113.66613617345999"><ele>518.8</ele><time>2026-08-14T09:05:21.000Z</time></trkpt><trkpt lat="-8.086315537702408" lon="113.66613782012669"><ele>518.8</ele><time>2026-08-14T09:05:22.000Z</time></trkpt><trkpt lat="-8.086298994368935" lon="113.66613975012669"><ele>518.8</ele><time>2026-08-14T09:05:23.000Z</time></trkpt><trkpt lat="-8.086280071035532" lon="113.66614215679333"><ele>518.8</ele><time>2026-08-14T09:05:24.000Z</time></trkpt><trkpt lat="-8.08625888436866" lon="113.66614502679333"><ele>518.8</ele><time>2026-08-14T09:05:25.000Z</time></trkpt><trkpt lat="-8.086234987701806" lon="113.66614849012669"><ele>519.3</ele><time>2026-08-14T09:05:26.000Z</time></trkpt><trkpt lat="-8.086209557701588" lon="113.66615225679341"><ele>519.3</ele><time>2026-08-14T09:05:27.000Z</time></trkpt><trkpt lat="-8.086184247701194" lon="113.66615622012678"><ele>519.3</ele><time>2026-08-14T09:05:28.000Z</time></trkpt><trkpt lat="-8.086159101033932" lon="113.66616030679351"><ele>519.3</ele><time>2026-08-14T09:05:29.000Z</time></trkpt><trkpt lat="-8.086134701033377" lon="113.66616456012684"><ele>519.3</ele><time>2026-08-14T09:05:30.000Z</time></trkpt><trkpt lat="-8.086111244365878" lon="113.66616897346019"><ele>520.3</ele><time>2026-08-14T09:05:31.000Z</time></trkpt><trkpt lat="-8.08608820436504" lon="113.66617381679355"><ele>520.3</ele><time>2026-08-14T09:05:32.000Z</time></trkpt><trkpt lat="-8.086065697697752" lon="113.6661779867936"><ele>520.3</ele><time>2026-08-14T09:05:33.000Z</time></trkpt><trkpt lat="-8.086043244363859" lon="113.66618177679364"><ele>520.3</ele><time>2026-08-14T09:05:34.000Z</time></trkpt><trkpt lat="-8.086021064363257" lon="113.6661854167937"><ele>520.3</ele><time>2026-08-14T09:05:35.000Z</time></trkpt><trkpt lat="-8.085999341029686" lon="113.66618850012708"><ele>521.1</ele><time>2026-08-14T09:05:36.000Z</time></trkpt><trkpt lat="-8.085977731029637" lon="113.66619085346042"><ele>521.1</ele><time>2026-08-14T09:05:37.000Z</time></trkpt><trkpt lat="-8.085957274362869" lon="113.66619340346043"><ele>521.1</ele><time>2026-08-14T09:05:38.000Z</time></trkpt><trkpt lat="-8.085937291029525" lon="113.66619563012712"><ele>521.1</ele><time>2026-08-14T09:05:39.000Z</time></trkpt><trkpt lat="-8.085917974363008" lon="113.66619708679382"><ele>521.1</ele><time>2026-08-14T09:05:40.000Z</time></trkpt><trkpt lat="-8.085900191029642" lon="113.66619766346051"><ele>521.6</ele><time>2026-08-14T09:05:41.000Z</time></trkpt><trkpt lat="-8.085882434362762" lon="113.66619672012715"><ele>521.6</ele><time>2026-08-14T09:05:42.000Z</time></trkpt><trkpt lat="-8.08586495102917" lon="113.66619460346047"><ele>521.6</ele><time>2026-08-14T09:05:43.000Z</time></trkpt><trkpt lat="-8.085847901028632" lon="113.66619152679377"><ele>521.6</ele><time>2026-08-14T09:05:44.000Z</time></trkpt><trkpt lat="-8.085829941028253" lon="113.66618731346037"><ele>521.6</ele><time>2026-08-14T09:05:45.000Z</time></trkpt><trkpt lat="-8.085810537694698" lon="113.66618348012696"><ele>522.4</ele><time>2026-08-14T09:05:46.000Z</time></trkpt><trkpt lat="-8.085790721027847" lon="113.6661816767936"><ele>522.4</ele><time>2026-08-14T09:05:47.000Z</time></trkpt><trkpt lat="-8.085770814361021" lon="113.66618188012686"><ele>522.4</ele><time>2026-08-14T09:05:48.000Z</time></trkpt><trkpt lat="-8.085750681027577" lon="113.6661834834601"><ele>522.4</ele><time>2026-08-14T09:05:49.000Z</time></trkpt><trkpt lat="-8.085730597693736" lon="113.66618667012676"><ele>522.4</ele><time>2026-08-14T09:05:50.000Z</time></trkpt><trkpt lat="-8.085710524359559" lon="113.6661907801268"><ele>523.2</ele><time>2026-08-14T09:05:51.000Z</time></trkpt><trkpt lat="-8.085690861025316" lon="113.66619487346017"><ele>523.2</ele><time>2026-08-14T09:05:52.000Z</time></trkpt><trkpt lat="-8.085670367691113" lon="113.66619866012692"><ele>523.2</ele><time>2026-08-14T09:05:53.000Z</time></trkpt><trkpt lat="-8.085649884357005" lon="113.6662024767937"><ele>523.2</ele><time>2026-08-14T09:05:54.000Z</time></trkpt><trkpt lat="-8.085629984356478" lon="113.66620559346045"><ele>523.2</ele><time>2026-08-14T09:05:55.000Z</time></trkpt><trkpt lat="-8.085609564356288" lon="113.66620693346049"><ele>523.7</ele><time>2026-08-14T09:05:56.000Z</time></trkpt><trkpt lat="-8.085589017689546" lon="113.66620615012712"><ele>523.7</ele><time>2026-08-14T09:05:57.000Z</time></trkpt><trkpt lat="-8.085569024356108" lon="113.66620395346038"><ele>523.7</ele><time>2026-08-14T09:05:58.000Z</time></trkpt><trkpt lat="-8.085547417689424" lon="113.6662010734603"><ele>523.7</ele><time>2026-08-14T09:05:59.000Z</time></trkpt><trkpt lat="-8.085524924356019" lon="113.66619749679356"><ele>523.7</ele><time>2026-08-14T09:06:00.000Z</time></trkpt><trkpt lat="-8.085502494355676" lon="113.66619382679346"><ele>524.4</ele><time>2026-08-14T09:06:01.000Z</time></trkpt><trkpt lat="-8.085479987688817" lon="113.66619095679341"><ele>524.4</ele><time>2026-08-14T09:06:02.000Z</time></trkpt><trkpt lat="-8.085456997688441" lon="113.66618885679338"><ele>524.4</ele><time>2026-08-14T09:06:03.000Z</time></trkpt><trkpt lat="-8.085435194354558" lon="113.66618692346"><ele>524.4</ele><time>2026-08-14T09:06:04.000Z</time></trkpt><trkpt lat="-8.085413641020844" lon="113.66618613012663"><ele>524.4</ele><time>2026-08-14T09:06:05.000Z</time></trkpt><trkpt lat="-8.0853922843539" lon="113.66618609012662"><ele>525.0</ele><time>2026-08-14T09:06:06.000Z</time></trkpt><trkpt lat="-8.085370521019957" lon="113.66618673679329"><ele>525.0</ele><time>2026-08-14T09:06:07.000Z</time></trkpt><trkpt lat="-8.085349054352854" lon="113.66618725345995"><ele>525.0</ele><time>2026-08-14T09:06:08.000Z</time></trkpt><trkpt lat="-8.085328194352453" lon="113.66618777012664"><ele>525.0</ele><time>2026-08-14T09:06:09.000Z</time></trkpt><trkpt lat="-8.08530818435198" lon="113.66618778345996"><ele>525.0</ele><time>2026-08-14T09:06:10.000Z</time></trkpt><trkpt lat="-8.0852897410183" lon="113.66618791679329"><ele>525.3</ele><time>2026-08-14T09:06:11.000Z</time></trkpt><trkpt lat="-8.08527363435146" lon="113.66618757012661"><ele>525.3</ele><time>2026-08-14T09:06:12.000Z</time></trkpt><trkpt lat="-8.085259951018067" lon="113.66618706012659"><ele>525.3</ele><time>2026-08-14T09:06:13.000Z</time></trkpt><trkpt lat="-8.08524929101815" lon="113.6661861501266"><ele>525.3</ele><time>2026-08-14T09:06:14.000Z</time></trkpt><trkpt lat="-8.085240831018215" lon="113.66618575345993"><ele>525.3</ele><time>2026-08-14T09:06:15.000Z</time></trkpt><trkpt lat="-8.085233307684817" lon="113.6661856101266"><ele>525.7</ele><time>2026-08-14T09:06:16.000Z</time></trkpt><trkpt lat="-8.085225241018207" lon="113.66618587012663"><ele>525.7</ele><time>2026-08-14T09:06:17.000Z</time></trkpt><trkpt lat="-8.085214357685036" lon="113.6661864667933"><ele>525.7</ele><time>2026-08-14T09:06:18.000Z</time></trkpt><trkpt lat="-8.085201797685075" lon="113.66618784346"><ele>525.7</ele><time>2026-08-14T09:06:19.000Z</time></trkpt><trkpt lat="-8.085187061018468" lon="113.66618892679335"><ele>525.7</ele><time>2026-08-14T09:06:20.000Z</time></trkpt><trkpt lat="-8.08517079435186" lon="113.66618947012668"><ele>526.4</ele><time>2026-08-14T09:06:21.000Z</time></trkpt><trkpt lat="-8.08515534101839" lon="113.66618981679335"><ele>526.4</ele><time>2026-08-14T09:06:22.000Z</time></trkpt><trkpt lat="-8.08514189101813" lon="113.6661902101267"><ele>526.4</ele><time>2026-08-14T09:06:23.000Z</time></trkpt><trkpt lat="-8.085127357684595" lon="113.66619034346004"><ele>526.4</ele><time>2026-08-14T09:06:24.000Z</time></trkpt><trkpt lat="-8.085113164350986" lon="113.66618994679338"><ele>526.4</ele><time>2026-08-14T09:06:25.000Z</time></trkpt><trkpt lat="-8.085098734350668" lon="113.66619034012675"><ele>526.8</ele><time>2026-08-14T09:06:26.000Z</time></trkpt><trkpt lat="-8.085083707683738" lon="113.66619148012676"><ele>526.8</ele><time>2026-08-14T09:06:27.000Z</time></trkpt><trkpt lat="-8.085067837683393" lon="113.66619310679343"><ele>526.8</ele><time>2026-08-14T09:06:28.000Z</time></trkpt><trkpt lat="-8.085051197683" lon="113.66619385012677"><ele>526.8</ele><time>2026-08-14T09:06:29.000Z</time></trkpt><trkpt lat="-8.085034734349195" lon="113.66619499679344"><ele>526.8</ele><time>2026-08-14T09:06:30.000Z</time></trkpt><trkpt lat="-8.085019211015506" lon="113.66619582012677"><ele>527.4</ele><time>2026-08-14T09:06:31.000Z</time></trkpt><trkpt lat="-8.085003614348448" lon="113.66619623012676"><ele>527.4</ele><time>2026-08-14T09:06:32.000Z</time></trkpt><trkpt lat="-8.084988831014744" lon="113.66619696679345"><ele>527.4</ele><time>2026-08-14T09:06:33.000Z</time></trkpt><trkpt lat="-8.08497588768112" lon="113.66619929012684"><ele>527.4</ele><time>2026-08-14T09:06:34.000Z</time></trkpt><trkpt lat="-8.084962974347558" lon="113.66620212679356"><ele>527.4</ele><time>2026-08-14T09:06:35.000Z</time></trkpt><trkpt lat="-8.084949974347385" lon="113.66620536346029"><ele>528.0</ele><time>2026-08-14T09:06:36.000Z</time></trkpt><trkpt lat="-8.084937311013991" lon="113.66620915012705"><ele>528.0</ele><time>2026-08-14T09:06:37.000Z</time></trkpt><trkpt lat="-8.084924607680659" lon="113.66621205012707"><ele>528.0</ele><time>2026-08-14T09:06:38.000Z</time></trkpt><trkpt lat="-8.08491117434722" lon="113.66621430679375"><ele>528.0</ele><time>2026-08-14T09:06:39.000Z</time></trkpt><trkpt lat="-8.084896424346942" lon="113.66621712679378"><ele>528.0</ele><time>2026-08-14T09:06:40.000Z</time></trkpt><trkpt lat="-8.084880841013343" lon="113.66621968679382"><ele>528.3</ele><time>2026-08-14T09:06:41.000Z</time></trkpt><trkpt lat="-8.084863797679748" lon="113.66622155012719"><ele>528.3</ele><time>2026-08-14T09:06:42.000Z</time></trkpt><trkpt lat="-8.084844497679622" lon="113.66622322679389"><ele>528.3</ele><time>2026-08-14T09:06:43.000Z</time></trkpt><trkpt lat="-8.084823561012705" lon="113.6662252234606"><ele>528.3</ele><time>2026-08-14T09:06:44.000Z</time></trkpt><trkpt lat="-8.084803734345975" lon="113.66622633012733"><ele>528.3</ele><time>2026-08-14T09:06:45.000Z</time></trkpt><trkpt lat="-8.084785347679055" lon="113.66622702012735"><ele>529.0</ele><time>2026-08-14T09:06:46.000Z</time></trkpt><trkpt lat="-8.084767541012143" lon="113.66622776346071"><ele>529.0</ele><time>2026-08-14T09:06:47.000Z</time></trkpt><trkpt lat="-8.084750844345205" lon="113.66622875679407"><ele>529.0</ele><time>2026-08-14T09:06:48.000Z</time></trkpt><trkpt lat="-8.084735401011827" lon="113.66622918679407"><ele>529.0</ele><time>2026-08-14T09:06:49.000Z</time></trkpt><trkpt lat="-8.084718364345175" lon="113.66622972679406"><ele>529.0</ele><time>2026-08-14T09:06:50.000Z</time></trkpt><trkpt lat="-8.08469955767866" lon="113.66623034012738"><ele>529.6</ele><time>2026-08-14T09:06:51.000Z</time></trkpt><trkpt lat="-8.084679947678884" lon="113.66623080346073"><ele>529.6</ele><time>2026-08-14T09:06:52.000Z</time></trkpt><trkpt lat="-8.08465965434546" lon="113.66623119346075"><ele>529.6</ele><time>2026-08-14T09:06:53.000Z</time></trkpt><trkpt lat="-8.084639461012102" lon="113.6662319401274"><ele>529.6</ele><time>2026-08-14T09:06:54.000Z</time></trkpt><trkpt lat="-8.08461950767882" lon="113.66623318346072"><ele>529.6</ele><time>2026-08-14T09:06:55.000Z</time></trkpt><trkpt lat="-8.084599541012082" lon="113.66623537012734"><ele>529.8</ele><time>2026-08-14T09:06:56.000Z</time></trkpt><trkpt lat="-8.084580531011854" lon="113.66623792346061"><ele>529.8</ele><time>2026-08-14T09:06:57.000Z</time></trkpt><trkpt lat="-8.08456147767832" lon="113.66624079346056"><ele>529.8</ele><time>2026-08-14T09:06:58.000Z</time></trkpt><trkpt lat="-8.08454188101136" lon="113.66624367346053"><ele>529.8</ele><time>2026-08-14T09:06:59.000Z</time></trkpt><trkpt lat="-8.084522851010732" lon="113.66624619012718"><ele>529.8</ele><time>2026-08-14T09:07:00.000Z</time></trkpt><trkpt lat="-8.084503294343284" lon="113.66624847012721"><ele>530.1</ele><time>2026-08-14T09:07:01.000Z</time></trkpt><trkpt lat="-8.084484057675795" lon="113.66625077012722"><ele>530.1</ele><time>2026-08-14T09:07:02.000Z</time></trkpt><trkpt lat="-8.084464424341828" lon="113.66625355012725"><ele>530.1</ele><time>2026-08-14T09:07:03.000Z</time></trkpt><trkpt lat="-8.084444164341402" lon="113.66625685679394"><ele>530.1</ele><time>2026-08-14T09:07:04.000Z</time></trkpt><trkpt lat="-8.084423837674551" lon="113.66626038012728"><ele>530.1</ele><time>2026-08-14T09:07:05.000Z</time></trkpt><trkpt lat="-8.084402707674652" lon="113.66626381679396"><ele>530.6</ele><time>2026-08-14T09:07:06.000Z</time></trkpt><trkpt lat="-8.084380357674622" lon="113.66626678346063"><ele>530.6</ele><time>2026-08-14T09:07:07.000Z</time></trkpt><trkpt lat="-8.084358521007953" lon="113.66626868346063"><ele>530.6</ele><time>2026-08-14T09:07:08.000Z</time></trkpt><trkpt lat="-8.08433605100767" lon="113.66626979346063"><ele>530.6</ele><time>2026-08-14T09:07:09.000Z</time></trkpt><trkpt lat="-8.084313671007362" lon="113.66627032679393"><ele>530.6</ele><time>2026-08-14T09:07:10.000Z</time></trkpt><trkpt lat="-8.084291961006818" lon="113.66626999346059"><ele>530.8</ele><time>2026-08-14T09:07:11.000Z</time></trkpt><trkpt lat="-8.084269984339715" lon="113.66626988679393"><ele>530.8</ele><time>2026-08-14T09:07:12.000Z</time></trkpt><trkpt lat="-8.084248711006017" lon="113.66627031012726"><ele>530.8</ele><time>2026-08-14T09:07:13.000Z</time></trkpt><trkpt lat="-8.084228177672305" lon="113.66627081346061"><ele>530.8</ele><time>2026-08-14T09:07:14.000Z</time></trkpt><trkpt lat="-8.084207457671912" lon="113.66627139012732"><ele>530.8</ele><time>2026-08-14T09:07:15.000Z</time></trkpt><trkpt lat="-8.084187291004824" lon="113.66627205346067"><ele>531.2</ele><time>2026-08-14T09:07:16.000Z</time></trkpt><trkpt lat="-8.084166457671335" lon="113.66627245679402"><ele>531.2</ele><time>2026-08-14T09:07:17.000Z</time></trkpt><trkpt lat="-8.084145004337689" lon="113.66627244679401"><ele>531.2</ele><time>2026-08-14T09:07:18.000Z</time></trkpt><trkpt lat="-8.08412308767071" lon="113.66627219012734"><ele>531.2</ele><time>2026-08-14T09:07:19.000Z</time></trkpt><trkpt lat="-8.084099831003774" lon="113.66627177346068"><ele>531.2</ele><time>2026-08-14T09:07:20.000Z</time></trkpt><trkpt lat="-8.084076207670211" lon="113.66627173012735"><ele>531.6</ele><time>2026-08-14T09:07:21.000Z</time></trkpt><trkpt lat="-8.08405264100298" lon="113.66627148346069"><ele>531.6</ele><time>2026-08-14T09:07:22.000Z</time></trkpt><trkpt lat="-8.084029344335674" lon="113.66627148679405"><ele>531.6</ele><time>2026-08-14T09:07:23.000Z</time></trkpt><trkpt lat="-8.084006374335054" lon="113.66627151012737"><ele>531.6</ele><time>2026-08-14T09:07:24.000Z</time></trkpt><trkpt lat="-8.083984117667503" lon="113.66627147679404"><ele>531.6</ele><time>2026-08-14T09:07:25.000Z</time></trkpt><trkpt lat="-8.08396218766664" lon="113.66627130012736"><ele>531.8</ele><time>2026-08-14T09:07:26.000Z</time></trkpt><trkpt lat="-8.083940967665912" lon="113.66627124346068"><ele>531.8</ele><time>2026-08-14T09:07:27.000Z</time></trkpt><trkpt lat="-8.083919474331896" lon="113.666271276794"><ele>531.8</ele><time>2026-08-14T09:07:28.000Z</time></trkpt><trkpt lat="-8.083898630997888" lon="113.66627139012732"><ele>531.8</ele><time>2026-08-14T09:07:29.000Z</time></trkpt><trkpt lat="-8.083878240997546" lon="113.66627181679401"><ele>531.8</ele><time>2026-08-14T09:07:30.000Z</time></trkpt><trkpt lat="-8.083857430997181" lon="113.66627245346066"><ele>532.2</ele><time>2026-08-14T09:07:31.000Z</time></trkpt><trkpt lat="-8.083837274330186" lon="113.66627319679401"><ele>532.2</ele><time>2026-08-14T09:07:32.000Z</time></trkpt><trkpt lat="-8.083816920996421" lon="113.66627373346068"><ele>532.2</ele><time>2026-08-14T09:07:33.000Z</time></trkpt><trkpt lat="-8.083796020996079" lon="113.66627431679403"><ele>532.2</ele><time>2026-08-14T09:07:34.000Z</time></trkpt><trkpt lat="-8.083775267662473" lon="113.66627489679404"><ele>532.2</ele><time>2026-08-14T09:07:35.000Z</time></trkpt><trkpt lat="-8.083754694328817" lon="113.66627524346072"><ele>532.7</ele><time>2026-08-14T09:07:36.000Z</time></trkpt><trkpt lat="-8.083734467661818" lon="113.66627582679408"><ele>532.7</ele><time>2026-08-14T09:07:37.000Z</time></trkpt><trkpt lat="-8.08371415432821" lon="113.66627653346075"><ele>532.7</ele><time>2026-08-14T09:07:38.000Z</time></trkpt><trkpt lat="-8.08369406099449" lon="113.6662772301274"><ele>532.7</ele><time>2026-08-14T09:07:39.000Z</time></trkpt><trkpt lat="-8.083674097660687" lon="113.66627784346073"><ele>532.7</ele><time>2026-08-14T09:07:40.000Z</time></trkpt><trkpt lat="-8.083653634326978" lon="113.66627865346075"><ele>533.0</ele><time>2026-08-14T09:07:41.000Z</time></trkpt><trkpt lat="-8.083632854326462" lon="113.66627914679411"><ele>533.0</ele><time>2026-08-14T09:07:42.000Z</time></trkpt><trkpt lat="-8.083612390992537" lon="113.6662793734608"><ele>533.0</ele><time>2026-08-14T09:07:43.000Z</time></trkpt><trkpt lat="-8.08359172432554" lon="113.66627944346081"><ele>533.0</ele><time>2026-08-14T09:07:44.000Z</time></trkpt><trkpt lat="-8.08357133765835" lon="113.66627929346082"><ele>533.0</ele><time>2026-08-14T09:07:45.000Z</time></trkpt><trkpt lat="-8.083551834324513" lon="113.66627884012749"><ele>533.5</ele><time>2026-08-14T09:07:46.000Z</time></trkpt><trkpt lat="-8.08353156432421" lon="113.66627848679414"><ele>533.5</ele><time>2026-08-14T09:07:47.000Z</time></trkpt><trkpt lat="-8.083511730990752" lon="113.66627825346079"><ele>533.5</ele><time>2026-08-14T09:07:48.000Z</time></trkpt><trkpt lat="-8.083491610990547" lon="113.66627807012746"><ele>533.5</ele><time>2026-08-14T09:07:49.000Z</time></trkpt><trkpt lat="-8.083471347657184" lon="113.66627826679412"><ele>533.5</ele><time>2026-08-14T09:07:50.000Z</time></trkpt><trkpt lat="-8.083450457657364" lon="113.66627882679413"><ele>534.0</ele><time>2026-08-14T09:07:51.000Z</time></trkpt><trkpt lat="-8.083429144324153" lon="113.66627981679414"><ele>534.0</ele><time>2026-08-14T09:07:52.000Z</time></trkpt><trkpt lat="-8.083407584324139" lon="113.66628068012749"><ele>534.0</ele><time>2026-08-14T09:07:53.000Z</time></trkpt><trkpt lat="-8.083386300990776" lon="113.66628169346083"><ele>534.0</ele><time>2026-08-14T09:07:54.000Z</time></trkpt><trkpt lat="-8.083364644324059" lon="113.66628252346086"><ele>534.0</ele><time>2026-08-14T09:07:55.000Z</time></trkpt><trkpt lat="-8.08334359099068" lon="113.66628271012753"><ele>534.3</ele><time>2026-08-14T09:07:56.000Z</time></trkpt><trkpt lat="-8.083324290990557" lon="113.66628236012752"><ele>534.3</ele><time>2026-08-14T09:07:57.000Z</time></trkpt><trkpt lat="-8.083306760990508" lon="113.66628218679418"><ele>534.3</ele><time>2026-08-14T09:07:58.000Z</time></trkpt><trkpt lat="-8.083291160990303" lon="113.66628226346083"><ele>534.3</ele><time>2026-08-14T09:07:59.000Z</time></trkpt><trkpt lat="-8.083277170989978" lon="113.66628268346082"><ele>534.3</ele><time>2026-08-14T09:08:00.000Z</time></trkpt><trkpt lat="-8.08326526765622" lon="113.6662836101275"><ele>534.9</ele><time>2026-08-14T09:08:01.000Z</time></trkpt><trkpt lat="-8.08325446765592" lon="113.66628512679418"><ele>534.9</ele><time>2026-08-14T09:08:02.000Z</time></trkpt><trkpt lat="-8.083243684322442" lon="113.66628871012752"><ele>534.9</ele><time>2026-08-14T09:08:03.000Z</time></trkpt><trkpt lat="-8.083233547655821" lon="113.66629367679418"><ele>534.9</ele><time>2026-08-14T09:08:04.000Z</time></trkpt><trkpt lat="-8.083225267655942" lon="113.66629954012748"><ele>534.9</ele><time>2026-08-14T09:08:05.000Z</time></trkpt><trkpt lat="-8.083216764322701" lon="113.6663046367941"><ele>535.7</ele><time>2026-08-14T09:08:06.000Z</time></trkpt><trkpt lat="-8.083208300989401" lon="113.66630836346073"><ele>535.7</ele><time>2026-08-14T09:08:07.000Z</time></trkpt><trkpt lat="-8.083199530989384" lon="113.66630892012742"><ele>535.7</ele><time>2026-08-14T09:08:08.000Z</time></trkpt><trkpt lat="-8.083190860989221" lon="113.66630601012739"><ele>535.7</ele><time>2026-08-14T09:08:09.000Z</time></trkpt><trkpt lat="-8.083180237655615" lon="113.66630014012735"><ele>535.7</ele><time>2026-08-14T09:08:10.000Z</time></trkpt><trkpt lat="-8.08317023432206" lon="113.66629391012732"><ele>536.2</ele><time>2026-08-14T09:08:11.000Z</time></trkpt><trkpt lat="-8.083160864321908" lon="113.66628673346054"><ele>536.2</ele><time>2026-08-14T09:08:12.000Z</time></trkpt><trkpt lat="-8.083152620988338" lon="113.66627904679368"><ele>536.2</ele><time>2026-08-14T09:08:13.000Z</time></trkpt><trkpt lat="-8.083144590988145" lon="113.66627160346013"><ele>536.2</ele><time>2026-08-14T09:08:14.000Z</time></trkpt><trkpt lat="-8.083136460988097" lon="113.66626440345992"><ele>536.2</ele><time>2026-08-14T09:08:15.000Z</time></trkpt><trkpt lat="-8.083127817654795" lon="113.66625637679302"><ele>537.3</ele><time>2026-08-14T09:08:16.000Z</time></trkpt><trkpt lat="-8.0831182676548" lon="113.6662477001261"><ele>537.3</ele><time>2026-08-14T09:08:17.000Z</time></trkpt><trkpt lat="-8.083108844321467" lon="113.66623890679254"><ele>537.3</ele><time>2026-08-14T09:08:18.000Z</time></trkpt><trkpt lat="-8.083099584321475" lon="113.66622944345897"><ele>537.3</ele><time>2026-08-14T09:08:19.000Z</time></trkpt><trkpt lat="-8.083091310988056" lon="113.66621961679209"><ele>537.3</ele><time>2026-08-14T09:08:20.000Z</time></trkpt><trkpt lat="-8.083082967654633" lon="113.66620961679186"><ele>538.1</ele><time>2026-08-14T09:08:21.000Z</time></trkpt><trkpt lat="-8.083074687654484" lon="113.66620015679173"><ele>538.1</ele><time>2026-08-14T09:08:22.000Z</time></trkpt><trkpt lat="-8.083066170987735" lon="113.66619056679156"><ele>538.1</ele><time>2026-08-14T09:08:23.000Z</time></trkpt><trkpt lat="-8.083057474321034" lon="113.66618108679145"><ele>538.1</ele><time>2026-08-14T09:08:24.000Z</time></trkpt><trkpt lat="-8.083049117654369" lon="113.66617177679134"><ele>538.1</ele><time>2026-08-14T09:08:25.000Z</time></trkpt><trkpt lat="-8.083041214320943" lon="113.66616275679124"><ele>538.4</ele><time>2026-08-14T09:08:26.000Z</time></trkpt><trkpt lat="-8.08303342765419" lon="113.66615421345776"><ele>538.4</ele><time>2026-08-14T09:08:27.000Z</time></trkpt><trkpt lat="-8.083025184320835" lon="113.66614630679103"><ele>538.4</ele><time>2026-08-14T09:08:28.000Z</time></trkpt><trkpt lat="-8.083016267654134" lon="113.66613798012422"><ele>538.4</ele><time>2026-08-14T09:08:29.000Z</time></trkpt><trkpt lat="-8.083006410987425" lon="113.66612886679063"><ele>538.4</ele><time>2026-08-14T09:08:30.000Z</time></trkpt><trkpt lat="-8.082994670987327" lon="113.66611894679053"><ele>539.2</ele><time>2026-08-14T09:08:31.000Z</time></trkpt><trkpt lat="-8.082981714320672" lon="113.66610784012376"><ele>539.2</ele><time>2026-08-14T09:08:32.000Z</time></trkpt><trkpt lat="-8.082967290987295" lon="113.66609452345692"><ele>539.2</ele><time>2026-08-14T09:08:33.000Z</time></trkpt><trkpt lat="-8.082951260987185" lon="113.66608117012356"><ele>539.2</ele><time>2026-08-14T09:08:34.000Z</time></trkpt><trkpt lat="-8.08293433765384" lon="113.66606703012368"><ele>539.2</ele><time>2026-08-14T09:08:35.000Z</time></trkpt><trkpt lat="-8.082916780987095" lon="113.66605240012373"><ele>540.2</ele><time>2026-08-14T09:08:36.000Z</time></trkpt><trkpt lat="-8.0828998076535" lon="113.6660384467904"><ele>540.2</ele><time>2026-08-14T09:08:37.000Z</time></trkpt><trkpt lat="-8.08288310098647" lon="113.66602518345715"><ele>540.2</ele><time>2026-08-14T09:08:38.000Z</time></trkpt><trkpt lat="-8.082866620986056" lon="113.66601186012383"><ele>540.2</ele><time>2026-08-14T09:08:39.000Z</time></trkpt><trkpt lat="-8.082849134318886" lon="113.66599924012385"><ele>540.2</ele><time>2026-08-14T09:08:40.000Z</time></trkpt><trkpt lat="-8.082832790985119" lon="113.6659850767904"><ele>540.7</ele><time>2026-08-14T09:08:41.000Z</time></trkpt><trkpt lat="-8.082816480984778" lon="113.66597148012374"><ele>540.7</ele><time>2026-08-14T09:08:42.000Z</time></trkpt><trkpt lat="-8.0827998409846" lon="113.6659585434569"><ele>540.7</ele><time>2026-08-14T09:08:43.000Z</time></trkpt><trkpt lat="-8.082784884317888" lon="113.66594509012346"><ele>540.7</ele><time>2026-08-14T09:08:44.000Z</time></trkpt><trkpt lat="-8.08277228431788" lon="113.66593197345655"><ele>540.7</ele><time>2026-08-14T09:08:45.000Z</time></trkpt><trkpt lat="-8.082760090984653" lon="113.66592131012312"><ele>541.6</ele><time>2026-08-14T09:08:46.000Z</time></trkpt><trkpt lat="-8.082747124318015" lon="113.66590939012295"><ele>541.6</ele><time>2026-08-14T09:08:47.000Z</time></trkpt><trkpt lat="-8.082733870984416" lon="113.66589680678956"><ele>541.6</ele><time>2026-08-14T09:08:48.000Z</time></trkpt><trkpt lat="-8.082718017650787" lon="113.66588531012276"><ele>541.6</ele><time>2026-08-14T09:08:49.000Z</time></trkpt><trkpt lat="-8.082700450983733" lon="113.665874013456"><ele>541.6</ele><time>2026-08-14T09:08:50.000Z</time></trkpt><trkpt lat="-8.082682260983372" lon="113.66586253678915"><ele>542.8</ele><time>2026-08-14T09:08:51.000Z</time></trkpt><trkpt lat="-8.08266494764985" lon="113.66585043678904"><ele>542.8</ele><time>2026-08-14T09:08:52.000Z</time></trkpt><trkpt lat="-8.082648350983193" lon="113.665838726789"><ele>542.8</ele><time>2026-08-14T09:08:53.000Z</time></trkpt><trkpt lat="-8.082633000983154" lon="113.66582645345565"><ele>542.8</ele><time>2026-08-14T09:08:54.000Z</time></trkpt><trkpt lat="-8.082617160983302" lon="113.6658145901223"><ele>542.8</ele><time>2026-08-14T09:08:55.000Z</time></trkpt><trkpt lat="-8.082601734316746" lon="113.66580180678906"><ele>543.4</ele><time>2026-08-14T09:08:56.000Z</time></trkpt><trkpt lat="-8.08258549431684" lon="113.66579021345581"><ele>543.4</ele><time>2026-08-14T09:08:57.000Z</time></trkpt><trkpt lat="-8.08257109765027" lon="113.66577900012237"><ele>543.4</ele><time>2026-08-14T09:08:58.000Z</time></trkpt><trkpt lat="-8.082557944316953" lon="113.66576905345555"><ele>543.4</ele><time>2026-08-14T09:08:59.000Z</time></trkpt><trkpt lat="-8.082546350983487" lon="113.66575940012217"><ele>543.4</ele><time>2026-08-14T09:09:00.000Z</time></trkpt><trkpt lat="-8.082534810983203" lon="113.66575167678869"><ele>544.7</ele><time>2026-08-14T09:09:01.000Z</time></trkpt><trkpt lat="-8.082524660982912" lon="113.66574452345517"><ele>544.7</ele><time>2026-08-14T09:09:02.000Z</time></trkpt><trkpt lat="-8.082514980982626" lon="113.66573815012175"><ele>544.7</ele><time>2026-08-14T09:09:03.000Z</time></trkpt><trkpt lat="-8.082505070982357" lon="113.66573119678836"><ele>544.7</ele><time>2026-08-14T09:09:04.000Z</time></trkpt><trkpt lat="-8.082497287648808" lon="113.66572480012158"><ele>544.7</ele><time>2026-08-14T09:09:05.000Z</time></trkpt><trkpt lat="-8.082491464315376" lon="113.66571870012156"><ele>546.0</ele><time>2026-08-14T09:09:06.000Z</time></trkpt><trkpt lat="-8.082486350981865" lon="113.66571309012161"><ele>546.0</ele><time>2026-08-14T09:09:07.000Z</time></trkpt><trkpt lat="-8.082481714315033" lon="113.66570735678829"><ele>546.0</ele><time>2026-08-14T09:09:08.000Z</time></trkpt><trkpt lat="-8.08247695098165" lon="113.6657014467883"><ele>546.0</ele><time>2026-08-14T09:09:09.000Z</time></trkpt><trkpt lat="-8.082470620981582" lon="113.66569432678834"><ele>546.0</ele><time>2026-08-14T09:09:10.000Z</time></trkpt><trkpt lat="-8.082463187648159" lon="113.6656862834549"><ele>546.7</ele><time>2026-08-14T09:09:11.000Z</time></trkpt><trkpt lat="-8.082455907648093" lon="113.66567838678804"><ele>546.7</ele><time>2026-08-14T09:09:12.000Z</time></trkpt><trkpt lat="-8.082448397648047" lon="113.66567225012125"><ele>546.7</ele><time>2026-08-14T09:09:13.000Z</time></trkpt><trkpt lat="-8.082442447647956" lon="113.66566768678778"><ele>546.7</ele><time>2026-08-14T09:09:14.000Z</time></trkpt><trkpt lat="-8.082436847647887" lon="113.6656639067877"><ele>546.7</ele><time>2026-08-14T09:09:15.000Z</time></trkpt><trkpt lat="-8.082430007647819" lon="113.66565990012097"><ele>547.8</ele><time>2026-08-14T09:09:16.000Z</time></trkpt><trkpt lat="-8.08242143764772" lon="113.66565443678765"><ele>547.8</ele><time>2026-08-14T09:09:17.000Z</time></trkpt><trkpt lat="-8.082410884314225" lon="113.66564721678753"><ele>547.8</ele><time>2026-08-14T09:09:18.000Z</time></trkpt><trkpt lat="-8.08239903098082" lon="113.66563943345409"><ele>547.8</ele><time>2026-08-14T09:09:19.000Z</time></trkpt><trkpt lat="-8.082387584314091" lon="113.66563161678728"><ele>547.8</ele><time>2026-08-14T09:09:20.000Z</time></trkpt><trkpt lat="-8.082376714314002" lon="113.66562467345386"><ele>548.8</ele><time>2026-08-14T09:09:21.000Z</time></trkpt><trkpt lat="-8.082365117647171" lon="113.66561854345375"><ele>548.8</ele><time>2026-08-14T09:09:22.000Z</time></trkpt><trkpt lat="-8.082350910980429" lon="113.66561158012034"><ele>548.8</ele><time>2026-08-14T09:09:23.000Z</time></trkpt><trkpt lat="-8.08233393431358" lon="113.66560294345356"><ele>548.8</ele><time>2026-08-14T09:09:24.000Z</time></trkpt><trkpt lat="-8.082313957646537" lon="113.66559390345347"><ele>548.8</ele><time>2026-08-14T09:09:25.000Z</time></trkpt><trkpt lat="-8.082294040979617" lon="113.66558405345344"><ele>549.2</ele><time>2026-08-14T09:09:26.000Z</time></trkpt><trkpt lat="-8.082274730979401" lon="113.66557342345337"><ele>549.2</ele><time>2026-08-14T09:09:27.000Z</time></trkpt><trkpt lat="-8.082257480979157" lon="113.66556245345332"><ele>549.2</ele><time>2026-08-14T09:09:28.000Z</time></trkpt><trkpt lat="-8.08223904431242" lon="113.66555280345328"><ele>549.2</ele><time>2026-08-14T09:09:29.000Z</time></trkpt><trkpt lat="-8.082220474312402" lon="113.66554380011992"><ele>549.2</ele><time>2026-08-14T09:09:30.000Z</time></trkpt><trkpt lat="-8.082199780979137" lon="113.66553558011984"><ele>550.0</ele><time>2026-08-14T09:09:31.000Z</time></trkpt><trkpt lat="-8.082177567645964" lon="113.66552990678653"><ele>550.0</ele><time>2026-08-14T09:09:32.000Z</time></trkpt><trkpt lat="-8.082153717646207" lon="113.66552623345324"><ele>550.0</ele><time>2026-08-14T09:09:33.000Z</time></trkpt><trkpt lat="-8.082130280979749" lon="113.66552290678666"><ele>550.0</ele><time>2026-08-14T09:09:34.000Z</time></trkpt><trkpt lat="-8.082105660980162" lon="113.6655197067867"><ele>550.0</ele><time>2026-08-14T09:09:35.000Z</time></trkpt><trkpt lat="-8.082080770980221" lon="113.6655175267867"><ele>550.6</ele><time>2026-08-14T09:09:36.000Z</time></trkpt><trkpt lat="-8.082056220980423" lon="113.66551609678672"><ele>550.6</ele><time>2026-08-14T09:09:37.000Z</time></trkpt><trkpt lat="-8.082032644313959" lon="113.66551553345342"><ele>550.6</ele><time>2026-08-14T09:09:38.000Z</time></trkpt><trkpt lat="-8.082009914313842" lon="113.66551634345339"><ele>550.6</ele><time>2026-08-14T09:09:39.000Z</time></trkpt><trkpt lat="-8.081988800980337" lon="113.66551827678674"><ele>550.6</ele><time>2026-08-14T09:09:40.000Z</time></trkpt><trkpt lat="-8.081968630980317" lon="113.66552092012009"><ele>550.8</ele><time>2026-08-14T09:09:41.000Z</time></trkpt><trkpt lat="-8.081948864313498" lon="113.66552333345342"><ele>550.8</ele><time>2026-08-14T09:09:42.000Z</time></trkpt><trkpt lat="-8.081928797646478" lon="113.66552681012006"><ele>550.8</ele><time>2026-08-14T09:09:43.000Z</time></trkpt><trkpt lat="-8.081909554313118" lon="113.6655298467867"><ele>550.8</ele><time>2026-08-14T09:09:44.000Z</time></trkpt><trkpt lat="-8.081890084313136" lon="113.66553332678669"><ele>550.8</ele><time>2026-08-14T09:09:45.000Z</time></trkpt><trkpt lat="-8.081870160979918" lon="113.66553659345337"><ele>551.2</ele><time>2026-08-14T09:09:46.000Z</time></trkpt><trkpt lat="-8.081848617646724" lon="113.66553733678661"><ele>551.2</ele><time>2026-08-14T09:09:47.000Z</time></trkpt><trkpt lat="-8.081827627646835" lon="113.66553653011988"><ele>551.2</ele><time>2026-08-14T09:09:48.000Z</time></trkpt><trkpt lat="-8.081805914313353" lon="113.66553597345319"><ele>551.2</ele><time>2026-08-14T09:09:49.000Z</time></trkpt><trkpt lat="-8.081782577646534" lon="113.66553271345319"><ele>551.2</ele><time>2026-08-14T09:09:50.000Z</time></trkpt><trkpt lat="-8.081758027646307" lon="113.66552791011982"><ele>551.7</ele><time>2026-08-14T09:09:51.000Z</time></trkpt><trkpt lat="-8.081734140979119" lon="113.66552469678652"><ele>551.7</ele><time>2026-08-14T09:09:52.000Z</time></trkpt><trkpt lat="-8.081710027645311" lon="113.66552068678655"><ele>551.7</ele><time>2026-08-14T09:09:53.000Z</time></trkpt><trkpt lat="-8.08168555097824" lon="113.66551626678657"><ele>551.7</ele><time>2026-08-14T09:09:54.000Z</time></trkpt><trkpt lat="-8.081661940977705" lon="113.6655151401199"><ele>551.7</ele><time>2026-08-14T09:09:55.000Z</time></trkpt><trkpt lat="-8.081639907643838" lon="113.6655148634533"><ele>552.0</ele><time>2026-08-14T09:09:56.000Z</time></trkpt><trkpt lat="-8.081619227643603" lon="113.66551582012005"><ele>552.0</ele><time>2026-08-14T09:09:57.000Z</time></trkpt><trkpt lat="-8.081597577643398" lon="113.66551696345346"><ele>552.0</ele><time>2026-08-14T09:09:58.000Z</time></trkpt><trkpt lat="-8.081580500976589" lon="113.66551822678687"><ele>552.0</ele><time>2026-08-14T09:09:59.000Z</time></trkpt><trkpt lat="-8.081564134309914" lon="113.66551639012013"><ele>552.0</ele><time>2026-08-14T09:10:00.000Z</time></trkpt><trkpt lat="-8.081547840976395" lon="113.66551731345344"><ele>552.6</ele><time>2026-08-14T09:10:01.000Z</time></trkpt><trkpt lat="-8.08153066097594" lon="113.66551797678672"><ele>552.6</ele><time>2026-08-14T09:10:02.000Z</time></trkpt><trkpt lat="-8.08151512097543" lon="113.66552011678668"><ele>552.6</ele><time>2026-08-14T09:10:03.000Z</time></trkpt><trkpt lat="-8.081495907641704" lon="113.66552280011997"><ele>552.6</ele><time>2026-08-14T09:10:04.000Z</time></trkpt><trkpt lat="-8.081476894307684" lon="113.66552734012001"><ele>552.6</ele><time>2026-08-14T09:10:05.000Z</time></trkpt><trkpt lat="-8.081458717640563" lon="113.66552908345334"><ele>553.2</ele><time>2026-08-14T09:10:06.000Z</time></trkpt><trkpt lat="-8.08144301097367" lon="113.66553018345333"><ele>553.2</ele><time>2026-08-14T09:10:07.000Z</time></trkpt><trkpt lat="-8.081429140973599" lon="113.66553076012"><ele>553.2</ele><time>2026-08-14T09:10:08.000Z</time></trkpt><trkpt lat="-8.081417087640059" lon="113.66553081678668"><ele>553.2</ele><time>2026-08-14T09:10:09.000Z</time></trkpt><trkpt lat="-8.081407680973438" lon="113.66553198678676"><ele>553.2</ele><time>2026-08-14T09:10:10.000Z</time></trkpt><trkpt lat="-8.081399527640055" lon="113.66553462345351"><ele>553.5</ele><time>2026-08-14T09:10:11.000Z</time></trkpt><trkpt lat="-8.081389714306653" lon="113.66553722012023"><ele>553.5</ele><time>2026-08-14T09:10:12.000Z</time></trkpt><trkpt lat="-8.081378274306438" lon="113.66553870012027"><ele>553.5</ele><time>2026-08-14T09:10:13.000Z</time></trkpt><trkpt lat="-8.081365317639465" lon="113.66554163678703"><ele>553.5</ele><time>2026-08-14T09:10:14.000Z</time></trkpt><trkpt lat="-8.081349380972588" lon="113.66554245345371"><ele>553.5</ele><time>2026-08-14T09:10:15.000Z</time></trkpt><trkpt lat="-8.081331404305603" lon="113.6655434934537"><ele>553.9</ele><time>2026-08-14T09:10:16.000Z</time></trkpt><trkpt lat="-8.081314134305172" lon="113.6655430134537"><ele>553.9</ele><time>2026-08-14T09:10:17.000Z</time></trkpt><trkpt lat="-8.081296664304823" lon="113.66554429678709"><ele>553.9</ele><time>2026-08-14T09:10:18.000Z</time></trkpt><trkpt lat="-8.081281054304526" lon="113.66554328012037"><ele>553.9</ele><time>2026-08-14T09:10:19.000Z</time></trkpt><trkpt lat="-8.081266847637462" lon="113.66554424345368"><ele>553.9</ele><time>2026-08-14T09:10:20.000Z</time></trkpt><trkpt lat="-8.08125456430394" lon="113.6655460367871"><ele>554.1</ele><time>2026-08-14T09:10:21.000Z</time></trkpt><trkpt lat="-8.081242784303903" lon="113.66554956012055"><ele>554.1</ele><time>2026-08-14T09:10:22.000Z</time></trkpt><trkpt lat="-8.081232547637217" lon="113.66555303345399"><ele>554.1</ele><time>2026-08-14T09:10:23.000Z</time></trkpt><trkpt lat="-8.081222624303972" lon="113.6655571834541"><ele>554.1</ele><time>2026-08-14T09:10:24.000Z</time></trkpt><trkpt lat="-8.081211650970667" lon="113.66556012678754"><ele>554.1</ele><time>2026-08-14T09:10:25.000Z</time></trkpt><trkpt lat="-8.08119966763724" lon="113.66556125345423"><ele>554.2</ele><time>2026-08-14T09:10:26.000Z</time></trkpt><trkpt lat="-8.081187154303839" lon="113.66556223345428"><ele>554.2</ele><time>2026-08-14T09:10:27.000Z</time></trkpt><trkpt lat="-8.081172854303649" lon="113.66556265012098"><ele>554.2</ele><time>2026-08-14T09:10:28.000Z</time></trkpt><trkpt lat="-8.081156854303389" lon="113.66556405345436"><ele>554.2</ele><time>2026-08-14T09:10:29.000Z</time></trkpt><trkpt lat="-8.08114137430322" lon="113.66556533678772"><ele>554.2</ele><time>2026-08-14T09:10:30.000Z</time></trkpt><trkpt lat="-8.081125317636412" lon="113.66556583345437"><ele>554.4</ele><time>2026-08-14T09:10:31.000Z</time></trkpt><trkpt lat="-8.081109367636184" lon="113.6655669667877"><ele>554.4</ele><time>2026-08-14T09:10:32.000Z</time></trkpt><trkpt lat="-8.081094117635999" lon="113.6655676467877"><ele>554.4</ele><time>2026-08-14T09:10:33.000Z</time></trkpt><trkpt lat="-8.081079257635775" lon="113.66556783345433"><ele>554.4</ele><time>2026-08-14T09:10:34.000Z</time></trkpt><trkpt lat="-8.081066294302179" lon="113.66556857678765"><ele>554.4</ele><time>2026-08-14T09:10:35.000Z</time></trkpt><trkpt lat="-8.081055207635242" lon="113.66556853345438"><ele>554.5</ele><time>2026-08-14T09:10:36.000Z</time></trkpt><trkpt lat="-8.08104372096825" lon="113.66556824678773"><ele>554.5</ele><time>2026-08-14T09:10:37.000Z</time></trkpt><trkpt lat="-8.08103206763455" lon="113.66556715012105"><ele>554.5</ele><time>2026-08-14T09:10:38.000Z</time></trkpt><trkpt lat="-8.081020544300982" lon="113.66556476345431"><ele>554.5</ele><time>2026-08-14T09:10:39.000Z</time></trkpt><trkpt lat="-8.081006334300767" lon="113.66556309678761"><ele>554.5</ele><time>2026-08-14T09:10:40.000Z</time></trkpt><trkpt lat="-8.080990827633899" lon="113.66556221678755"><ele>554.6</ele><time>2026-08-14T09:10:41.000Z</time></trkpt><trkpt lat="-8.080976184300416" lon="113.66556190345413"><ele>554.6</ele><time>2026-08-14T09:10:42.000Z</time></trkpt><trkpt lat="-8.080962294300374" lon="113.66556365012079"><ele>554.6</ele><time>2026-08-14T09:10:43.000Z</time></trkpt><trkpt lat="-8.080949434300212" lon="113.66556740012084"><ele>554.6</ele><time>2026-08-14T09:10:44.000Z</time></trkpt><trkpt lat="-8.08093807763335" lon="113.66556996012085"><ele>554.6</ele><time>2026-08-14T09:10:45.000Z</time></trkpt><trkpt lat="-8.080927117633179" lon="113.66557289012083"><ele>554.9</ele><time>2026-08-14T09:10:46.000Z</time></trkpt><trkpt lat="-8.080915710966284" lon="113.66557483345419"><ele>554.9</ele><time>2026-08-14T09:10:47.000Z</time></trkpt><trkpt lat="-8.080904264299447" lon="113.66557569012085"><ele>554.9</ele><time>2026-08-14T09:10:48.000Z</time></trkpt><trkpt lat="-8.080892620966054" lon="113.66557710345414"><ele>554.9</ele><time>2026-08-14T09:10:49.000Z</time></trkpt><trkpt lat="-8.080880954299328" lon="113.66557850345414"><ele>554.9</ele><time>2026-08-14T09:10:50.000Z</time></trkpt><trkpt lat="-8.080869760966022" lon="113.66558051345415"><ele>555.4</ele><time>2026-08-14T09:10:51.000Z</time></trkpt><trkpt lat="-8.08085869096612" lon="113.6655825801208"><ele>555.4</ele><time>2026-08-14T09:10:52.000Z</time></trkpt><trkpt lat="-8.080847380966143" lon="113.66558427012077"><ele>555.4</ele><time>2026-08-14T09:10:53.000Z</time></trkpt><trkpt lat="-8.080834687632686" lon="113.6655832167874"><ele>555.4</ele><time>2026-08-14T09:10:54.000Z</time></trkpt><trkpt lat="-8.080822787632611" lon="113.66558253345401"><ele>555.4</ele><time>2026-08-14T09:10:55.000Z</time></trkpt><trkpt lat="-8.080810490965847" lon="113.66558126345399"><ele>555.7</ele><time>2026-08-14T09:10:56.000Z</time></trkpt><trkpt lat="-8.080799544299133" lon="113.66558050012065"><ele>555.7</ele><time>2026-08-14T09:10:57.000Z</time></trkpt><trkpt lat="-8.08078944429909" lon="113.66558018678731"><ele>555.7</ele><time>2026-08-14T09:10:58.000Z</time></trkpt><trkpt lat="-8.08078036763241" lon="113.66558197012068"><ele>555.7</ele><time>2026-08-14T09:10:59.000Z</time></trkpt><trkpt lat="-8.080769094298903" lon="113.66558437012077"><ele>555.7</ele><time>2026-08-14T09:11:00.000Z</time></trkpt><trkpt lat="-8.080756857631942" lon="113.66558702345417"><ele>556.5</ele><time>2026-08-14T09:11:01.000Z</time></trkpt><trkpt lat="-8.080743017631612" lon="113.66558990012092"><ele>556.5</ele><time>2026-08-14T09:11:02.000Z</time></trkpt><trkpt lat="-8.080728384298009" lon="113.665592870121"><ele>556.5</ele><time>2026-08-14T09:11:03.000Z</time></trkpt><trkpt lat="-8.080713750964405" lon="113.66559541012111"><ele>556.5</ele><time>2026-08-14T09:11:04.000Z</time></trkpt><trkpt lat="-8.080700007630886" lon="113.66559622012116"><ele>556.5</ele><time>2026-08-14T09:11:05.000Z</time></trkpt><trkpt lat="-8.08068660763066" lon="113.6655966667879"><ele>557.3</ele><time>2026-08-14T09:11:06.000Z</time></trkpt><trkpt lat="-8.080673010963663" lon="113.66559677678792"><ele>557.3</ele><time>2026-08-14T09:11:07.000Z</time></trkpt><trkpt lat="-8.080659247629958" lon="113.66559695345464"><ele>557.3</ele><time>2026-08-14T09:11:08.000Z</time></trkpt><trkpt lat="-8.080644337629701" lon="113.66559824012138"><ele>557.3</ele><time>2026-08-14T09:11:09.000Z</time></trkpt><trkpt lat="-8.080629420962717" lon="113.66560236345472"><ele>557.3</ele><time>2026-08-14T09:11:10.000Z</time></trkpt><trkpt lat="-8.080616024295853" lon="113.66560768678812"><ele>557.7</ele><time>2026-08-14T09:11:11.000Z</time></trkpt><trkpt lat="-8.080603584295718" lon="113.66561352678818"><ele>557.7</ele><time>2026-08-14T09:11:12.000Z</time></trkpt><trkpt lat="-8.080589340962076" lon="113.66562004012155"><ele>557.7</ele><time>2026-08-14T09:11:13.000Z</time></trkpt><trkpt lat="-8.080573997628338" lon="113.66562635678818"><ele>557.7</ele><time>2026-08-14T09:11:14.000Z</time></trkpt><trkpt lat="-8.080557447627921" lon="113.66563222345488"><ele>557.7</ele><time>2026-08-14T09:11:15.000Z</time></trkpt><trkpt lat="-8.080537887627539" lon="113.66563572678812"><ele>558.3</ele><time>2026-08-14T09:11:16.000Z</time></trkpt><trkpt lat="-8.080516040960353" lon="113.66564019345483"><ele>558.3</ele><time>2026-08-14T09:11:17.000Z</time></trkpt><trkpt lat="-8.080493504293214" lon="113.66564174678824"><ele>558.3</ele><time>2026-08-14T09:11:18.000Z</time></trkpt><trkpt lat="-8.08047096095935" lon="113.66564152012168"><ele>558.3</ele><time>2026-08-14T09:11:19.000Z</time></trkpt><trkpt lat="-8.080448334292235" lon="113.66563940678846"><ele>558.3</ele><time>2026-08-14T09:11:20.000Z</time></trkpt><trkpt lat="-8.080424997624988" lon="113.66563788678857"><ele>558.9</ele><time>2026-08-14T09:11:21.000Z</time></trkpt><trkpt lat="-8.080401537624553" lon="113.66563342012189"><ele>558.9</ele><time>2026-08-14T09:11:22.000Z</time></trkpt><trkpt lat="-8.080379260957676" lon="113.66563217678852"><ele>558.9</ele><time>2026-08-14T09:11:23.000Z</time></trkpt><trkpt lat="-8.08035608429105" lon="113.66563000012172"><ele>558.9</ele><time>2026-08-14T09:11:24.000Z</time></trkpt><trkpt lat="-8.08033241762418" lon="113.66562730345485"><ele>558.9</ele><time>2026-08-14T09:11:25.000Z</time></trkpt><trkpt lat="-8.080309920957413" lon="113.66562619012136"><ele>559.1</ele><time>2026-08-14T09:11:26.000Z</time></trkpt><trkpt lat="-8.080287840957308" lon="113.66562540012121"><ele>559.1</ele><time>2026-08-14T09:11:27.000Z</time></trkpt><trkpt lat="-8.080265287623778" lon="113.66562293012107"><ele>559.1</ele><time>2026-08-14T09:11:28.000Z</time></trkpt><trkpt lat="-8.080243930956833" lon="113.66562171678765"><ele>559.1</ele><time>2026-08-14T09:11:29.000Z</time></trkpt><trkpt lat="-8.080223617623437" lon="113.66561819678755"><ele>559.1</ele><time>2026-08-14T09:11:30.000Z</time></trkpt><trkpt lat="-8.080202567623422" lon="113.66561298678748"><ele>559.6</ele><time>2026-08-14T09:11:31.000Z</time></trkpt><trkpt lat="-8.080181234290027" lon="113.665607333454"><ele>559.6</ele><time>2026-08-14T09:11:32.000Z</time></trkpt><trkpt lat="-8.08015971095659" lon="113.66560158678722"><ele>559.6</ele><time>2026-08-14T09:11:33.000Z</time></trkpt><trkpt lat="-8.080138130956389" lon="113.66559508012044"><ele>559.6</ele><time>2026-08-14T09:11:34.000Z</time></trkpt><trkpt lat="-8.080116447622759" lon="113.66559192012043"><ele>559.6</ele><time>2026-08-14T09:11:35.000Z</time></trkpt><trkpt lat="-8.080095977622321" lon="113.66558955678704"><ele>560.1</ele><time>2026-08-14T09:11:36.000Z</time></trkpt><trkpt lat="-8.080075334288662" lon="113.66558779678705"><ele>560.1</ele><time>2026-08-14T09:11:37.000Z</time></trkpt><trkpt lat="-8.080055430954983" lon="113.66558622345374"><ele>560.1</ele><time>2026-08-14T09:11:38.000Z</time></trkpt><trkpt lat="-8.080035490954732" lon="113.6655848634537"><ele>560.1</ele><time>2026-08-14T09:11:39.000Z</time></trkpt><trkpt lat="-8.080015157621364" lon="113.665583726787"><ele>560.1</ele><time>2026-08-14T09:11:40.000Z</time></trkpt><trkpt lat="-8.07999392095467" lon="113.66558295678696"><ele>560.3</ele><time>2026-08-14T09:11:41.000Z</time></trkpt><trkpt lat="-8.079972500954664" lon="113.66558191678692"><ele>560.3</ele><time>2026-08-14T09:11:42.000Z</time></trkpt><trkpt lat="-8.079950544288174" lon="113.66558107345352"><ele>560.3</ele><time>2026-08-14T09:11:43.000Z</time></trkpt><trkpt lat="-8.079929567621528" lon="113.66557960678684"><ele>560.3</ele><time>2026-08-14T09:11:44.000Z</time></trkpt><trkpt lat="-8.079909174288037" lon="113.66557663678682"><ele>560.3</ele><time>2026-08-14T09:11:45.000Z</time></trkpt><trkpt lat="-8.079889147621172" lon="113.66557307678681"><ele>560.7</ele><time>2026-08-14T09:11:46.000Z</time></trkpt><trkpt lat="-8.079869204287554" lon="113.66556931678682"><ele>560.7</ele><time>2026-08-14T09:11:47.000Z</time></trkpt><trkpt lat="-8.079849947620524" lon="113.66556600012014"><ele>560.7</ele><time>2026-08-14T09:11:48.000Z</time></trkpt><trkpt lat="-8.079829684286732" lon="113.6655642367868"><ele>560.7</ele><time>2026-08-14T09:11:49.000Z</time></trkpt><trkpt lat="-8.079808864286274" lon="113.6655643034535"><ele>560.7</ele><time>2026-08-14T09:11:50.000Z</time></trkpt><trkpt lat="-8.079788744285857" lon="113.66556480678688"><ele>561.2</ele><time>2026-08-14T09:11:51.000Z</time></trkpt><trkpt lat="-8.079769207618593" lon="113.66556600345359"><ele>561.2</ele><time>2026-08-14T09:11:52.000Z</time></trkpt><trkpt lat="-8.0797495142845" lon="113.66556630012033"><ele>561.2</ele><time>2026-08-14T09:11:53.000Z</time></trkpt><trkpt lat="-8.079730020950544" lon="113.66556650012038"><ele>561.2</ele><time>2026-08-14T09:11:54.000Z</time></trkpt><trkpt lat="-8.079711044283314" lon="113.66556553012042"><ele>561.2</ele><time>2026-08-14T09:11:55.000Z</time></trkpt><trkpt lat="-8.079691120949239" lon="113.66556410345379"><ele>561.4</ele><time>2026-08-14T09:11:56.000Z</time></trkpt><trkpt lat="-8.079671164281951" lon="113.66556222678719"><ele>561.4</ele><time>2026-08-14T09:11:57.000Z</time></trkpt><trkpt lat="-8.079651174281448" lon="113.66556031012058"><ele>561.4</ele><time>2026-08-14T09:11:58.000Z</time></trkpt><trkpt lat="-8.079631584280786" lon="113.66555800345398"><ele>561.4</ele><time>2026-08-14T09:11:59.000Z</time></trkpt><trkpt lat="-8.079611787613263" lon="113.66555559678734"><ele>561.4</ele><time>2026-08-14T09:12:00.000Z</time></trkpt><trkpt lat="-8.07959366761269" lon="113.66555284012072"><ele>562.2</ele><time>2026-08-14T09:12:01.000Z</time></trkpt><trkpt lat="-8.07957617427879" lon="113.66555016012076"><ele>562.2</ele><time>2026-08-14T09:12:02.000Z</time></trkpt><trkpt lat="-8.079559507611485" lon="113.66554794678743"><ele>562.2</ele><time>2026-08-14T09:12:03.000Z</time></trkpt><trkpt lat="-8.079545340944362" lon="113.6655462634541"><ele>562.2</ele><time>2026-08-14T09:12:04.000Z</time></trkpt><trkpt lat="-8.07953132427734" lon="113.66554629345417"><ele>562.2</ele><time>2026-08-14T09:12:05.000Z</time></trkpt><trkpt lat="-8.079517430943506" lon="113.66554731678755"><ele>562.9</ele><time>2026-08-14T09:12:06.000Z</time></trkpt><trkpt lat="-8.079506544276436" lon="113.66554963678762"><ele>562.9</ele><time>2026-08-14T09:12:07.000Z</time></trkpt><trkpt lat="-8.079495357609378" lon="113.66555203345433"><ele>562.9</ele><time>2026-08-14T09:12:08.000Z</time></trkpt><trkpt lat="-8.079482484275704" lon="113.66555340012107"><ele>562.9</ele><time>2026-08-14T09:12:09.000Z</time></trkpt><trkpt lat="-8.079470564275391" lon="113.6655538001211"><ele>562.9</ele><time>2026-08-14T09:12:10.000Z</time></trkpt><trkpt lat="-8.079458084275258" lon="113.66555333345448"><ele>563.2</ele><time>2026-08-14T09:12:11.000Z</time></trkpt><trkpt lat="-8.079444697608489" lon="113.66555199678783"><ele>563.2</ele><time>2026-08-14T09:12:12.000Z</time></trkpt><trkpt lat="-8.07943168094171" lon="113.66555036012119"><ele>563.2</ele><time>2026-08-14T09:12:13.000Z</time></trkpt><trkpt lat="-8.079418267608242" lon="113.66554958012118"><ele>563.2</ele><time>2026-08-14T09:12:14.000Z</time></trkpt><trkpt lat="-8.0794053976082" lon="113.66554662345452"><ele>563.2</ele><time>2026-08-14T09:12:15.000Z</time></trkpt><trkpt lat="-8.07939263427474" lon="113.6655441101212"><ele>564.0</ele><time>2026-08-14T09:12:16.000Z</time></trkpt><trkpt lat="-8.079379310941246" lon="113.66554218012121"><ele>564.0</ele><time>2026-08-14T09:12:17.000Z</time></trkpt><trkpt lat="-8.07936521094119" lon="113.66554032345452"><ele>564.0</ele><time>2026-08-14T09:12:18.000Z</time></trkpt><trkpt lat="-8.079351600941166" lon="113.6655379734545"><ele>564.0</ele><time>2026-08-14T09:12:19.000Z</time></trkpt><trkpt lat="-8.079338097607721" lon="113.66553908345452"><ele>564.0</ele><time>2026-08-14T09:12:20.000Z</time></trkpt><trkpt lat="-8.07932581760767" lon="113.66554251678797"><ele>564.9</ele><time>2026-08-14T09:12:21.000Z</time></trkpt><trkpt lat="-8.079314794274275" lon="113.66554643012144"><ele>564.9</ele><time>2026-08-14T09:12:22.000Z</time></trkpt><trkpt lat="-8.079305097607385" lon="113.66555158012163"><ele>564.9</ele><time>2026-08-14T09:12:23.000Z</time></trkpt><trkpt lat="-8.079295174273874" lon="113.66555772012184"><ele>564.9</ele><time>2026-08-14T09:12:24.000Z</time></trkpt><trkpt lat="-8.07928519094045" lon="113.66556287678868"><ele>564.9</ele><time>2026-08-14T09:12:25.000Z</time></trkpt><trkpt lat="-8.07927450427373" lon="113.66556594012206"><ele>565.5</ele><time>2026-08-14T09:12:26.000Z</time></trkpt><trkpt lat="-8.079261494273679" lon="113.6655673701221"><ele>565.5</ele><time>2026-08-14T09:12:27.000Z</time></trkpt><trkpt lat="-8.07924816427367" lon="113.66556800345543"><ele>565.5</ele><time>2026-08-14T09:12:28.000Z</time></trkpt><trkpt lat="-8.079235817606872" lon="113.66556805678874"><ele>565.5</ele><time>2026-08-14T09:12:29.000Z</time></trkpt><trkpt lat="-8.079223480940165" lon="113.66556739012205"><ele>565.5</ele><time>2026-08-14T09:12:30.000Z</time></trkpt><trkpt lat="-8.079209440940023" lon="113.66556517345539"><ele>566.4</ele><time>2026-08-14T09:12:31.000Z</time></trkpt><trkpt lat="-8.079193274273056" lon="113.66556400012207"><ele>566.4</ele><time>2026-08-14T09:12:32.000Z</time></trkpt><trkpt lat="-8.079175530939631" lon="113.66556238012208"><ele>566.4</ele><time>2026-08-14T09:12:33.000Z</time></trkpt><trkpt lat="-8.079155830939666" lon="113.66556007012207"><ele>566.4</ele><time>2026-08-14T09:12:34.000Z</time></trkpt><trkpt lat="-8.079134054272696" lon="113.66555862345538"><ele>566.4</ele><time>2026-08-14T09:12:35.000Z</time></trkpt><trkpt lat="-8.079113227605722" lon="113.6655582267887"><ele>567.4</ele><time>2026-08-14T09:12:36.000Z</time></trkpt><trkpt lat="-8.079093960938811" lon="113.66555739345533"><ele>567.4</ele><time>2026-08-14T09:12:37.000Z</time></trkpt><trkpt lat="-8.079074234271935" lon="113.66555551678866"><ele>567.4</ele><time>2026-08-14T09:12:38.000Z</time></trkpt><trkpt lat="-8.079055397604929" lon="113.66555204012198"><ele>567.4</ele><time>2026-08-14T09:12:39.000Z</time></trkpt><trkpt lat="-8.079036284271272" lon="113.6655461334553"><ele>567.4</ele><time>2026-08-14T09:12:40.000Z</time></trkpt><trkpt lat="-8.079016377604445" lon="113.6655406767886"><ele>567.8</ele><time>2026-08-14T09:12:41.000Z</time></trkpt><trkpt lat="-8.078996410937707" lon="113.6655355501219"><ele>567.8</ele><time>2026-08-14T09:12:42.000Z</time></trkpt><trkpt lat="-8.078977390937386" lon="113.66553076012187"><ele>567.8</ele><time>2026-08-14T09:12:43.000Z</time></trkpt><trkpt lat="-8.078957477603831" lon="113.66552858345521"><ele>567.8</ele><time>2026-08-14T09:12:44.000Z</time></trkpt><trkpt lat="-8.078938827603716" lon="113.66552894678861"><ele>567.8</ele><time>2026-08-14T09:12:45.000Z</time></trkpt><trkpt lat="-8.07892034093673" lon="113.66552918345533"><ele>568.5</ele><time>2026-08-14T09:12:46.000Z</time></trkpt><trkpt lat="-8.078901510936237" lon="113.66552896345539"><ele>568.5</ele><time>2026-08-14T09:12:47.000Z</time></trkpt><trkpt lat="-8.078884077602465" lon="113.6655295434554"><ele>568.5</ele><time>2026-08-14T09:12:48.000Z</time></trkpt><trkpt lat="-8.078868320935218" lon="113.66553026012211"><ele>568.5</ele><time>2026-08-14T09:12:49.000Z</time></trkpt><trkpt lat="-8.078852920934718" lon="113.66553038012212"><ele>568.5</ele><time>2026-08-14T09:12:50.000Z</time></trkpt><trkpt lat="-8.07883888093436" lon="113.66552905678876"><ele>569.1</ele><time>2026-08-14T09:12:51.000Z</time></trkpt><trkpt lat="-8.078824967600983" lon="113.66552658678866"><ele>569.1</ele><time>2026-08-14T09:12:52.000Z</time></trkpt><trkpt lat="-8.078809087600758" lon="113.66552145345513"><ele>569.1</ele><time>2026-08-14T09:12:53.000Z</time></trkpt><trkpt lat="-8.078793027600586" lon="113.66551635345495"><ele>569.1</ele><time>2026-08-14T09:12:54.000Z</time></trkpt><trkpt lat="-8.078777224267096" lon="113.66551175345475"><ele>569.1</ele><time>2026-08-14T09:12:55.000Z</time></trkpt><trkpt lat="-8.078761207600229" lon="113.66551014678797"><ele>569.5</ele><time>2026-08-14T09:12:56.000Z</time></trkpt><trkpt lat="-8.07874743426654" lon="113.66551047012122"><ele>569.5</ele><time>2026-08-14T09:12:57.000Z</time></trkpt><trkpt lat="-8.078735254266343" lon="113.66551336345458"><ele>569.5</ele><time>2026-08-14T09:12:58.000Z</time></trkpt><trkpt lat="-8.078722827599554" lon="113.66551567345459"><ele>569.5</ele><time>2026-08-14T09:12:59.000Z</time></trkpt><trkpt lat="-8.07871135093276" lon="113.66551727012128"><ele>569.5</ele><time>2026-08-14T09:13:00.000Z</time></trkpt><trkpt lat="-8.078700454265974" lon="113.6655177401213"><ele>570.2</ele><time>2026-08-14T09:13:01.000Z</time></trkpt><trkpt lat="-8.078688837599278" lon="113.6655174901213"><ele>570.2</ele><time>2026-08-14T09:13:02.000Z</time></trkpt><trkpt lat="-8.078676297599287" lon="113.66551736345464"><ele>570.2</ele><time>2026-08-14T09:13:03.000Z</time></trkpt><trkpt lat="-8.078663374265847" lon="113.66551733012129"><ele>570.2</ele><time>2026-08-14T09:13:04.000Z</time></trkpt><trkpt lat="-8.078649304265857" lon="113.66551732345461"><ele>570.2</ele><time>2026-08-14T09:13:05.000Z</time></trkpt><trkpt lat="-8.078633344265965" lon="113.66551914345455"><ele>570.6</ele><time>2026-08-14T09:13:06.000Z</time></trkpt><trkpt lat="-8.078616224266066" lon="113.66552244678788"><ele>570.6</ele><time>2026-08-14T09:13:07.000Z</time></trkpt><trkpt lat="-8.078599467599428" lon="113.66552628345451"><ele>570.6</ele><time>2026-08-14T09:13:08.000Z</time></trkpt><trkpt lat="-8.07858327426619" lon="113.66553050678783"><ele>570.6</ele><time>2026-08-14T09:13:09.000Z</time></trkpt><trkpt lat="-8.078566747599536" lon="113.66553430345448"><ele>570.6</ele><time>2026-08-14T09:13:10.000Z</time></trkpt><trkpt lat="-8.078552667599453" lon="113.66553514012116"><ele>570.7</ele><time>2026-08-14T09:13:11.000Z</time></trkpt><trkpt lat="-8.078538460932602" lon="113.66553421345449"><ele>570.7</ele><time>2026-08-14T09:13:12.000Z</time></trkpt><trkpt lat="-8.0785255609325" lon="113.66553258012118"><ele>570.7</ele><time>2026-08-14T09:13:13.000Z</time></trkpt><trkpt lat="-8.078513474265746" lon="113.66553000012115"><ele>570.7</ele><time>2026-08-14T09:13:14.000Z</time></trkpt><trkpt lat="-8.078501997599062" lon="113.66552793012116"><ele>570.7</ele><time>2026-08-14T09:13:15.000Z</time></trkpt><trkpt lat="-8.078488567598987" lon="113.66552705678782"><ele>570.9</ele><time>2026-08-14T09:13:16.000Z</time></trkpt><trkpt lat="-8.078475337598832" lon="113.6655273434545"><ele>570.9</ele><time>2026-08-14T09:13:17.000Z</time></trkpt><trkpt lat="-8.078461190931893" lon="113.66552904678784"><ele>570.9</ele><time>2026-08-14T09:13:18.000Z</time></trkpt><trkpt lat="-8.078445700931631" lon="113.66553255345448"><ele>570.9</ele><time>2026-08-14T09:13:19.000Z</time></trkpt><trkpt lat="-8.078429110931273" lon="113.66553627012112"><ele>570.9</ele><time>2026-08-14T09:13:20.000Z</time></trkpt><trkpt lat="-8.078412887597542" lon="113.66553851345445"><ele>571.0</ele><time>2026-08-14T09:13:21.000Z</time></trkpt><trkpt lat="-8.07839782426382" lon="113.66553948012108"><ele>571.0</ele><time>2026-08-14T09:13:22.000Z</time></trkpt><trkpt lat="-8.078382874263625" lon="113.6655396834544"><ele>571.0</ele><time>2026-08-14T09:13:23.000Z</time></trkpt><trkpt lat="-8.07836929426345" lon="113.66553851345441"><ele>571.0</ele><time>2026-08-14T09:13:24.000Z</time></trkpt><trkpt lat="-8.078356840929853" lon="113.66553830345443"><ele>571.0</ele><time>2026-08-14T09:13:25.000Z</time></trkpt><trkpt lat="-8.078345534263025" lon="113.66553952012109"><ele>571.1</ele><time>2026-08-14T09:13:26.000Z</time></trkpt><trkpt lat="-8.078334694262999" lon="113.66554176012112"><ele>571.1</ele><time>2026-08-14T09:13:27.000Z</time></trkpt><trkpt lat="-8.078323920929613" lon="113.66554444012115"><ele>571.1</ele><time>2026-08-14T09:13:28.000Z</time></trkpt><trkpt lat="-8.078312944262944" lon="113.66554731678787"><ele>571.1</ele><time>2026-08-14T09:13:29.000Z</time></trkpt><trkpt lat="-8.078301010929549" lon="113.66554962345455"><ele>571.1</ele><time>2026-08-14T09:13:30.000Z</time></trkpt><trkpt lat="-8.078288747596105" lon="113.66555273345459"><ele>571.5</ele><time>2026-08-14T09:13:31.000Z</time></trkpt><trkpt lat="-8.078275457596039" lon="113.66555485345461"><ele>571.5</ele><time>2026-08-14T09:13:32.000Z</time></trkpt><trkpt lat="-8.078262200929185" lon="113.66555615345462"><ele>571.5</ele><time>2026-08-14T09:13:33.000Z</time></trkpt><trkpt lat="-8.078247980928879" lon="113.66555714345463"><ele>571.5</ele><time>2026-08-14T09:13:34.000Z</time></trkpt><trkpt lat="-8.078236300928802" lon="113.66555745678798"><ele>571.5</ele><time>2026-08-14T09:13:35.000Z</time></trkpt><trkpt lat="-8.07822559759542" lon="113.66555635345465"><ele>572.1</ele><time>2026-08-14T09:13:36.000Z</time></trkpt><trkpt lat="-8.07821563426202" lon="113.66555606678799"><ele>572.1</ele><time>2026-08-14T09:13:37.000Z</time></trkpt><trkpt lat="-8.078204840928665" lon="113.66555460012133"><ele>572.1</ele><time>2026-08-14T09:13:38.000Z</time></trkpt><trkpt lat="-8.078194627595312" lon="113.66555394012133"><ele>572.1</ele><time>2026-08-14T09:13:39.000Z</time></trkpt><trkpt lat="-8.078182424261886" lon="113.66555354345465"><ele>572.1</ele><time>2026-08-14T09:13:40.000Z</time></trkpt><trkpt lat="-8.07816894759514" lon="113.66555359678799"><ele>572.4</ele><time>2026-08-14T09:13:41.000Z</time></trkpt><trkpt lat="-8.078155007595063" lon="113.66555408678798"><ele>572.4</ele><time>2026-08-14T09:13:42.000Z</time></trkpt><trkpt lat="-8.078141067594988" lon="113.66555633678797"><ele>572.4</ele><time>2026-08-14T09:13:43.000Z</time></trkpt><trkpt lat="-8.078126414261627" lon="113.66555754345461"><ele>572.4</ele><time>2026-08-14T09:13:44.000Z</time></trkpt><trkpt lat="-8.078112430928247" lon="113.66555759678798"><ele>572.4</ele><time>2026-08-14T09:13:45.000Z</time></trkpt><trkpt lat="-8.078096787594948" lon="113.66555712345465"><ele>573.1</ele><time>2026-08-14T09:13:46.000Z</time></trkpt><trkpt lat="-8.07807782092824" lon="113.66555648345465"><ele>573.1</ele><time>2026-08-14T09:13:47.000Z</time></trkpt><trkpt lat="-8.078056594261643" lon="113.66555578012135"><ele>573.1</ele><time>2026-08-14T09:13:48.000Z</time></trkpt><trkpt lat="-8.078033864261528" lon="113.6655558334547"><ele>573.1</ele><time>2026-08-14T09:13:49.000Z</time></trkpt><trkpt lat="-8.07800913092799" lon="113.66555630678802"><ele>573.1</ele><time>2026-08-14T09:13:50.000Z</time></trkpt><trkpt lat="-8.077984997594424" lon="113.66555840678795"><ele>573.8</ele><time>2026-08-14T09:13:51.000Z</time></trkpt><trkpt lat="-8.077962230927303" lon="113.66555921678787"><ele>573.8</ele><time>2026-08-14T09:13:52.000Z</time></trkpt><trkpt lat="-8.07794104092685" lon="113.66555902345445"><ele>573.8</ele><time>2026-08-14T09:13:53.000Z</time></trkpt><trkpt lat="-8.077920100926567" lon="113.66555944345437"><ele>573.8</ele><time>2026-08-14T09:13:54.000Z</time></trkpt><trkpt lat="-8.077899684259739" lon="113.66556075012097"><ele>573.8</ele><time>2026-08-14T09:13:55.000Z</time></trkpt><trkpt lat="-8.077878474259531" lon="113.66556075345427"><ele>574.2</ele><time>2026-08-14T09:13:56.000Z</time></trkpt><trkpt lat="-8.077857227592748" lon="113.66556007678757"><ele>574.2</ele><time>2026-08-14T09:13:57.000Z</time></trkpt><trkpt lat="-8.077835760925643" lon="113.66556097678753"><ele>574.2</ele><time>2026-08-14T09:13:58.000Z</time></trkpt><trkpt lat="-8.077814424258456" lon="113.6655613734542"><ele>574.2</ele><time>2026-08-14T09:13:59.000Z</time></trkpt><trkpt lat="-8.077793304257796" lon="113.66556114345417"><ele>574.2</ele><time>2026-08-14T09:14:00.000Z</time></trkpt><trkpt lat="-8.077770937590515" lon="113.66556035678748"><ele>575.1</ele><time>2026-08-14T09:14:01.000Z</time></trkpt><trkpt lat="-8.077747967589895" lon="113.66556226678745"><ele>575.1</ele><time>2026-08-14T09:14:02.000Z</time></trkpt><trkpt lat="-8.077723777589567" lon="113.66556368345414"><ele>575.1</ele><time>2026-08-14T09:14:03.000Z</time></trkpt><trkpt lat="-8.07769894425596" lon="113.66556549678751"><ele>575.1</ele><time>2026-08-14T09:14:04.000Z</time></trkpt><trkpt lat="-8.077673260922639" lon="113.6655681401209"><ele>575.1</ele><time>2026-08-14T09:14:05.000Z</time></trkpt><trkpt lat="-8.0776483175893" lon="113.66557203012098"><ele>575.9</ele><time>2026-08-14T09:14:06.000Z</time></trkpt><trkpt lat="-8.077623977589301" lon="113.66557503345443"><ele>575.9</ele><time>2026-08-14T09:14:07.000Z</time></trkpt><trkpt lat="-8.077599130922668" lon="113.66557684678783"><ele>575.9</ele><time>2026-08-14T09:14:08.000Z</time></trkpt><trkpt lat="-8.077574450922524" lon="113.66557656678788"><ele>575.9</ele><time>2026-08-14T09:14:09.000Z</time></trkpt><trkpt lat="-8.077549884255479" lon="113.66557524012129"><ele>575.9</ele><time>2026-08-14T09:14:10.000Z</time></trkpt><trkpt lat="-8.077525477588198" lon="113.66557211345462"><ele>576.2</ele><time>2026-08-14T09:14:11.000Z</time></trkpt><trkpt lat="-8.07750051758761" lon="113.66556683012126"><ele>576.2</ele><time>2026-08-14T09:14:12.000Z</time></trkpt><trkpt lat="-8.077477184253727" lon="113.66556153345459"><ele>576.2</ele><time>2026-08-14T09:14:13.000Z</time></trkpt><trkpt lat="-8.077454620920104" lon="113.66555799345458"><ele>576.2</ele><time>2026-08-14T09:14:14.000Z</time></trkpt><trkpt lat="-8.077432320919678" lon="113.66555512345454"><ele>576.2</ele><time>2026-08-14T09:14:15.000Z</time></trkpt><trkpt lat="-8.077410817585996" lon="113.66555471345457"><ele>576.9</ele><time>2026-08-14T09:14:16.000Z</time></trkpt><trkpt lat="-8.077390380918985" lon="113.66555893345472"><ele>576.9</ele><time>2026-08-14T09:14:17.000Z</time></trkpt><trkpt lat="-8.077370207585169" lon="113.66556500678821"><ele>576.9</ele><time>2026-08-14T09:14:18.000Z</time></trkpt><trkpt lat="-8.077349997584776" lon="113.66557098345504"><ele>576.9</ele><time>2026-08-14T09:14:19.000Z</time></trkpt><trkpt lat="-8.07733086758451" lon="113.66557741345522"><ele>576.9</ele><time>2026-08-14T09:14:20.000Z</time></trkpt><trkpt lat="-8.077313500917592" lon="113.665581820122"><ele>577.5</ele><time>2026-08-14T09:14:21.000Z</time></trkpt><trkpt lat="-8.077297404250842" lon="113.6655823934553"><ele>577.5</ele><time>2026-08-14T09:14:22.000Z</time></trkpt><trkpt lat="-8.077281590917474" lon="113.66558273345531"><ele>577.5</ele><time>2026-08-14T09:14:23.000Z</time></trkpt><trkpt lat="-8.077265967584147" lon="113.66558381012206"><ele>577.5</ele><time>2026-08-14T09:14:24.000Z</time></trkpt><trkpt lat="-8.077250194250933" lon="113.66558490678878"><ele>577.5</ele><time>2026-08-14T09:14:25.000Z</time></trkpt><trkpt lat="-8.077233997584331" lon="113.66558763345556"><ele>577.8</ele><time>2026-08-14T09:14:26.000Z</time></trkpt><trkpt lat="-8.077218814251001" lon="113.66559162012238"><ele>577.8</ele><time>2026-08-14T09:14:27.000Z</time></trkpt><trkpt lat="-8.077204840917712" lon="113.66559543678913"><ele>577.8</ele><time>2026-08-14T09:14:28.000Z</time></trkpt><trkpt lat="-8.077191797584238" lon="113.66559888678917"><ele>577.8</ele><time>2026-08-14T09:14:29.000Z</time></trkpt><trkpt lat="-8.077180234250728" lon="113.66560315345592"><ele>577.8</ele><time>2026-08-14T09:14:30.000Z</time></trkpt><trkpt lat="-8.077169534250602" lon="113.6656065967893"><ele>578.4</ele><time>2026-08-14T09:14:31.000Z</time></trkpt><trkpt lat="-8.07715681425066" lon="113.66560923012268"><ele>578.4</ele><time>2026-08-14T09:14:32.000Z</time></trkpt><trkpt lat="-8.077144214250543" lon="113.66561107012274"><ele>578.4</ele><time>2026-08-14T09:14:33.000Z</time></trkpt><trkpt lat="-8.077130667583795" lon="113.66561285012281"><ele>578.4</ele><time>2026-08-14T09:14:34.000Z</time></trkpt><trkpt lat="-8.077114974250463" lon="113.66561283345615"><ele>578.4</ele><time>2026-08-14T09:14:35.000Z</time></trkpt><trkpt lat="-8.077099477583904" lon="113.66561240012285"><ele>579.0</ele><time>2026-08-14T09:14:36.000Z</time></trkpt><trkpt lat="-8.077085920917167" lon="113.6656119934562"><ele>579.0</ele><time>2026-08-14T09:14:37.000Z</time></trkpt><trkpt lat="-8.077071890917225" lon="113.66561198678956"><ele>579.0</ele><time>2026-08-14T09:14:38.000Z</time></trkpt><trkpt lat="-8.077059414250616" lon="113.66561198012289"><ele>579.0</ele><time>2026-08-14T09:14:39.000Z</time></trkpt><trkpt lat="-8.077048344250608" lon="113.66561373345628"><ele>579.0</ele><time>2026-08-14T09:14:40.000Z</time></trkpt><trkpt lat="-8.077036590917164" lon="113.66561641345636"><ele>579.3</ele><time>2026-08-14T09:14:41.000Z</time></trkpt><trkpt lat="-8.077024607583628" lon="113.66561964012313"><ele>579.3</ele><time>2026-08-14T09:14:42.000Z</time></trkpt><trkpt lat="-8.077013250916766" lon="113.6656220101232"><ele>579.3</ele><time>2026-08-14T09:14:43.000Z</time></trkpt><trkpt lat="-8.077001624249764" lon="113.66562373012327"><ele>579.3</ele><time>2026-08-14T09:14:44.000Z</time></trkpt><trkpt lat="-8.076989887582817" lon="113.66562415012329"><ele>579.3</ele><time>2026-08-14T09:14:45.000Z</time></trkpt><trkpt lat="-8.076978170915842" lon="113.66562430678997"><ele>579.8</ele><time>2026-08-14T09:14:46.000Z</time></trkpt><trkpt lat="-8.076966114248938" lon="113.66562518012329"><ele>579.8</ele><time>2026-08-14T09:14:47.000Z</time></trkpt><trkpt lat="-8.076954387582086" lon="113.66562742678998"><ele>579.8</ele><time>2026-08-14T09:14:48.000Z</time></trkpt><trkpt lat="-8.076943144248748" lon="113.66563039345667"><ele>579.8</ele><time>2026-08-14T09:14:49.000Z</time></trkpt><trkpt lat="-8.076932180915426" lon="113.66563402345673"><ele>579.8</ele><time>2026-08-14T09:14:50.000Z</time></trkpt><trkpt lat="-8.076921400915419" lon="113.66563819679008"><ele>580.4</ele><time>2026-08-14T09:14:51.000Z</time></trkpt><trkpt lat="-8.07691011758214" lon="113.6656419634568"><ele>580.4</ele><time>2026-08-14T09:14:52.000Z</time></trkpt><trkpt lat="-8.076897950915503" lon="113.66564460679015"><ele>580.4</ele><time>2026-08-14T09:14:53.000Z</time></trkpt><trkpt lat="-8.076885690915528" lon="113.66564690012349"><ele>580.4</ele><time>2026-08-14T09:14:54.000Z</time></trkpt><trkpt lat="-8.076873384248886" lon="113.66564917345679"><ele>580.4</ele><time>2026-08-14T09:14:55.000Z</time></trkpt><trkpt lat="-8.076860940915598" lon="113.66565110012343"><ele>580.7</ele><time>2026-08-14T09:14:56.000Z</time></trkpt><trkpt lat="-8.076848874249029" lon="113.66565273345675"><ele>580.7</ele><time>2026-08-14T09:14:57.000Z</time></trkpt><trkpt lat="-8.076837187582331" lon="113.66565434679008"><ele>580.7</ele><time>2026-08-14T09:14:58.000Z</time></trkpt><trkpt lat="-8.076826004248906" lon="113.66565635012341"><ele>580.7</ele><time>2026-08-14T09:14:59.000Z</time></trkpt><trkpt lat="-8.076814830915358" lon="113.66565849679007"><ele>580.7</ele><time>2026-08-14T09:15:00.000Z</time></trkpt><trkpt lat="-8.076803937581827" lon="113.66566099679008"><ele>581.3</ele><time>2026-08-14T09:15:01.000Z</time></trkpt><trkpt lat="-8.076793044248296" lon="113.66566277345672"><ele>581.3</ele><time>2026-08-14T09:15:02.000Z</time></trkpt><trkpt lat="-8.07678318758148" lon="113.66566473679002"><ele>581.3</ele><time>2026-08-14T09:15:03.000Z</time></trkpt><trkpt lat="-8.076772614248014" lon="113.66566607345666"><ele>581.3</ele><time>2026-08-14T09:15:04.000Z</time></trkpt><trkpt lat="-8.0767618342479" lon="113.66566615678998"><ele>581.3</ele><time>2026-08-14T09:15:05.000Z</time></trkpt><trkpt lat="-8.07675057424785" lon="113.6656649534566"><ele>582.1</ele><time>2026-08-14T09:15:06.000Z</time></trkpt><trkpt lat="-8.076740027581085" lon="113.66566362012327"><ele>582.1</ele><time>2026-08-14T09:15:07.000Z</time></trkpt><trkpt lat="-8.076729117580946" lon="113.66566233345661"><ele>582.1</ele><time>2026-08-14T09:15:08.000Z</time></trkpt><trkpt lat="-8.076718907580744" lon="113.66566120345661"><ele>582.1</ele><time>2026-08-14T09:15:09.000Z</time></trkpt><trkpt lat="-8.076709444247253" lon="113.66566061678998"><ele>582.1</ele><time>2026-08-14T09:15:10.000Z</time></trkpt><trkpt lat="-8.076700710913759" lon="113.66566087679"><ele>582.6</ele><time>2026-08-14T09:15:11.000Z</time></trkpt><trkpt lat="-8.07669156758012" lon="113.66566199012337"><ele>582.6</ele><time>2026-08-14T09:15:12.000Z</time></trkpt><trkpt lat="-8.076682850913233" lon="113.66566385012337"><ele>582.6</ele><time>2026-08-14T09:15:13.000Z</time></trkpt><trkpt lat="-8.076674597579679" lon="113.66566581012334"><ele>582.6</ele><time>2026-08-14T09:15:14.000Z</time></trkpt><trkpt lat="-8.076666740912813" lon="113.66566836678999"><ele>582.6</ele><time>2026-08-14T09:15:15.000Z</time></trkpt><trkpt lat="-8.076658594245945" lon="113.66567083679001"><ele>583.6</ele><time>2026-08-14T09:15:16.000Z</time></trkpt><trkpt lat="-8.076650294245827" lon="113.66567353345667"><ele>583.6</ele><time>2026-08-14T09:15:17.000Z</time></trkpt><trkpt lat="-8.076640800912275" lon="113.66567573345667"><ele>583.6</ele><time>2026-08-14T09:15:18.000Z</time></trkpt><trkpt lat="-8.076629754245491" lon="113.6656784601234"><ele>583.6</ele><time>2026-08-14T09:15:19.000Z</time></trkpt><trkpt lat="-8.07661698091194" lon="113.66568122679014"><ele>583.6</ele><time>2026-08-14T09:15:20.000Z</time></trkpt><trkpt lat="-8.076603704245114" lon="113.66568427345688"><ele>584.8</ele><time>2026-08-14T09:15:21.000Z</time></trkpt><trkpt lat="-8.076590794244918" lon="113.66568655679028"><ele>584.8</ele><time>2026-08-14T09:15:22.000Z</time></trkpt><trkpt lat="-8.076579084244777" lon="113.66568823345703"><ele>584.8</ele><time>2026-08-14T09:15:23.000Z</time></trkpt><trkpt lat="-8.076568280911328" lon="113.66568870345705"><ele>584.8</ele><time>2026-08-14T09:15:24.000Z</time></trkpt><trkpt lat="-8.07655470424441" lon="113.66569035345715"><ele>584.8</ele><time>2026-08-14T09:15:25.000Z</time></trkpt><trkpt lat="-8.07653933424408" lon="113.66569260012395"><ele>585.4</ele><time>2026-08-14T09:15:26.000Z</time></trkpt><trkpt lat="-8.076520217576949" lon="113.66569367345741"><ele>585.4</ele><time>2026-08-14T09:15:27.000Z</time></trkpt><trkpt lat="-8.076498550909925" lon="113.66569481012418"><ele>585.4</ele><time>2026-08-14T09:15:28.000Z</time></trkpt><trkpt lat="-8.076474570909397" lon="113.66569598345764"><ele>585.4</ele><time>2026-08-14T09:15:29.000Z</time></trkpt><trkpt lat="-8.076451717575665" lon="113.66569449345764"><ele>585.4</ele><time>2026-08-14T09:15:30.000Z</time></trkpt><trkpt lat="-8.076428667575163" lon="113.66569153345759"><ele>586.6</ele><time>2026-08-14T09:15:31.000Z</time></trkpt><trkpt lat="-8.0764064242415" lon="113.6656893601242"><ele>586.6</ele><time>2026-08-14T09:15:32.000Z</time></trkpt><trkpt lat="-8.076384284241266" lon="113.66568606345751"><ele>586.6</ele><time>2026-08-14T09:15:33.000Z</time></trkpt><trkpt lat="-8.076361414241141" lon="113.66568178345752"><ele>586.6</ele><time>2026-08-14T09:15:34.000Z</time></trkpt><trkpt lat="-8.0763391342409" lon="113.66567663679079"><ele>586.6</ele><time>2026-08-14T09:15:35.000Z</time></trkpt><trkpt lat="-8.076316740907563" lon="113.66567096345743"><ele>587.6</ele><time>2026-08-14T09:15:36.000Z</time></trkpt><trkpt lat="-8.07629497090775" lon="113.66566461012401"><ele>587.6</ele><time>2026-08-14T09:15:37.000Z</time></trkpt><trkpt lat="-8.076272790907575" lon="113.66565824012385"><ele>587.6</ele><time>2026-08-14T09:15:38.000Z</time></trkpt><trkpt lat="-8.07625174090756" lon="113.66565148679031"><ele>587.6</ele><time>2026-08-14T09:15:39.000Z</time></trkpt><trkpt lat="-8.076231287574585" lon="113.66564455679016"><ele>587.6</ele><time>2026-08-14T09:15:40.000Z</time></trkpt><trkpt lat="-8.076213287574905" lon="113.66563698012325"><ele>588.0</ele><time>2026-08-14T09:15:41.000Z</time></trkpt><trkpt lat="-8.076197264241738" lon="113.66562902678984"><ele>588.0</ele><time>2026-08-14T09:15:42.000Z</time></trkpt><trkpt lat="-8.076183920908703" lon="113.66561911012313"><ele>588.0</ele><time>2026-08-14T09:15:43.000Z</time></trkpt><trkpt lat="-8.076172544242084" lon="113.66560718012306"><ele>588.0</ele><time>2026-08-14T09:15:44.000Z</time></trkpt><trkpt lat="-8.076164604241985" lon="113.66559309678959"><ele>588.0</ele><time>2026-08-14T09:15:45.000Z</time></trkpt><trkpt lat="-8.076157864241837" lon="113.6655768601228"><ele>588.6</ele><time>2026-08-14T09:15:46.000Z</time></trkpt><trkpt lat="-8.076151727575027" lon="113.66555769345575"><ele>588.6</ele><time>2026-08-14T09:15:47.000Z</time></trkpt><trkpt lat="-8.076145754241562" lon="113.66553829012196"><ele>588.6</ele><time>2026-08-14T09:15:48.000Z</time></trkpt><trkpt lat="-8.076141134241512" lon="113.66551800012162"><ele>588.6</ele><time>2026-08-14T09:15:49.000Z</time></trkpt><trkpt lat="-8.076136470908114" lon="113.66549791345456"><ele>588.6</ele><time>2026-08-14T09:15:50.000Z</time></trkpt><trkpt lat="-8.076131720908" lon="113.66547736345419"><ele>589.2</ele><time>2026-08-14T09:15:51.000Z</time></trkpt><trkpt lat="-8.076127427574596" lon="113.66545736345384"><ele>589.2</ele><time>2026-08-14T09:15:52.000Z</time></trkpt><trkpt lat="-8.076122884241238" lon="113.66543657012005"><ele>589.2</ele><time>2026-08-14T09:15:53.000Z</time></trkpt><trkpt lat="-8.07611787757455" lon="113.66541607678633"><ele>589.2</ele><time>2026-08-14T09:15:54.000Z</time></trkpt><trkpt lat="-8.076111980907802" lon="113.66539517345248"><ele>589.2</ele><time>2026-08-14T09:15:55.000Z</time></trkpt><trkpt lat="-8.076106820907757" lon="113.66537409345214"><ele>589.3</ele><time>2026-08-14T09:15:56.000Z</time></trkpt><trkpt lat="-8.076103494241007" lon="113.66535215345183"><ele>589.3</ele><time>2026-08-14T09:15:57.000Z</time></trkpt><trkpt lat="-8.07610125090759" lon="113.66533035011848"><ele>589.3</ele><time>2026-08-14T09:15:58.000Z</time></trkpt><trkpt lat="-8.076099317574144" lon="113.66530816345157"><ele>589.3</ele><time>2026-08-14T09:15:59.000Z</time></trkpt><trkpt lat="-8.076097490907385" lon="113.66528576345142"><ele>589.3</ele><time>2026-08-14T09:16:00.000Z</time></trkpt><trkpt lat="-8.076095587573976" lon="113.66526217678422"><ele>589.0</ele><time>2026-08-14T09:16:01.000Z</time></trkpt><trkpt lat="-8.076091837573918" lon="113.66524082678374"><ele>589.0</ele><time>2026-08-14T09:16:02.000Z</time></trkpt><trkpt lat="-8.076087830907179" lon="113.6652200401165"><ele>589.0</ele><time>2026-08-14T09:16:03.000Z</time></trkpt><trkpt lat="-8.076083380907079" lon="113.66519928678258"><ele>589.0</ele><time>2026-08-14T09:16:04.000Z</time></trkpt><trkpt lat="-8.07607973424036" lon="113.66517781678192"><ele>589.0</ele><time>2026-08-14T09:16:05.000Z</time></trkpt><trkpt lat="-8.076075050906978" lon="113.6651584601148"><ele>588.0</ele><time>2026-08-14T09:16:06.000Z</time></trkpt><trkpt lat="-8.076071527573575" lon="113.6651375534478"><ele>588.0</ele><time>2026-08-14T09:16:07.000Z</time></trkpt><trkpt lat="-8.076068680906866" lon="113.66511554344736"><ele>588.0</ele><time>2026-08-14T09:16:08.000Z</time></trkpt><trkpt lat="-8.076066144240183" lon="113.66509279344686"><ele>588.0</ele><time>2026-08-14T09:16:09.000Z</time></trkpt><trkpt lat="-8.076063457573493" lon="113.66507084344649"><ele>588.0</ele><time>2026-08-14T09:16:10.000Z</time></trkpt><trkpt lat="-8.07606074757347" lon="113.66504722011298"><ele>587.3</ele><time>2026-08-14T09:16:11.000Z</time></trkpt><trkpt lat="-8.07605678424013" lon="113.66502452677943"><ele>587.3</ele><time>2026-08-14T09:16:12.000Z</time></trkpt><trkpt lat="-8.076050424239998" lon="113.66500321011259"><ele>587.3</ele><time>2026-08-14T09:16:13.000Z</time></trkpt><trkpt lat="-8.076040644239914" lon="113.66498409011244"><ele>587.3</ele><time>2026-08-14T09:16:14.000Z</time></trkpt><trkpt lat="-8.076028224239746" lon="113.6649660801123"><ele>587.3</ele><time>2026-08-14T09:16:15.000Z</time></trkpt><trkpt lat="-8.076013647572903" lon="113.66495048011188"><ele>586.1</ele><time>2026-08-14T09:16:16.000Z</time></trkpt><trkpt lat="-8.075997607572702" lon="113.66493587344473"><ele>586.1</ele><time>2026-08-14T09:16:17.000Z</time></trkpt><trkpt lat="-8.075980494239316" lon="113.6649221767777"><ele>586.1</ele><time>2026-08-14T09:16:18.000Z</time></trkpt><trkpt lat="-8.075964170905948" lon="113.66490865011069"><ele>586.1</ele><time>2026-08-14T09:16:19.000Z</time></trkpt><trkpt lat="-8.075946800906094" lon="113.66489564677713"><ele>586.1</ele><time>2026-08-14T09:16:20.000Z</time></trkpt><trkpt lat="-8.07592904757279" lon="113.6648834034437"><ele>584.8</ele><time>2026-08-14T09:16:21.000Z</time></trkpt><trkpt lat="-8.075910810906187" lon="113.66487150011021"><ele>584.8</ele><time>2026-08-14T09:16:22.000Z</time></trkpt><trkpt lat="-8.075891937573031" lon="113.66485938677666"><ele>584.8</ele><time>2026-08-14T09:16:23.000Z</time></trkpt><trkpt lat="-8.075872240906644" lon="113.66484875010981"><ele>584.8</ele><time>2026-08-14T09:16:24.000Z</time></trkpt><trkpt lat="-8.075852407573615" lon="113.66483965344295"><ele>584.8</ele><time>2026-08-14T09:16:25.000Z</time></trkpt><trkpt lat="-8.075832174240745" lon="113.66483138010945"><ele>584.2</ele><time>2026-08-14T09:16:26.000Z</time></trkpt><trkpt lat="-8.075811487574422" lon="113.6648265001093"><ele>584.2</ele><time>2026-08-14T09:16:27.000Z</time></trkpt><trkpt lat="-8.075790917574558" lon="113.66482522677597"><ele>584.2</ele><time>2026-08-14T09:16:28.000Z</time></trkpt><trkpt lat="-8.075770094241163" lon="113.66482709010936"><ele>584.2</ele><time>2026-08-14T09:16:29.000Z</time></trkpt><trkpt lat="-8.075748797574345" lon="113.66483147677609"><ele>584.2</ele><time>2026-08-14T09:16:30.000Z</time></trkpt><trkpt lat="-8.075728344240726" lon="113.6648382301095"><ele>582.8</ele><time>2026-08-14T09:16:31.000Z</time></trkpt><trkpt lat="-8.075707254240559" lon="113.6648443601096"><ele>582.8</ele><time>2026-08-14T09:16:32.000Z</time></trkpt><trkpt lat="-8.075685750907091" lon="113.66484930344299"><ele>582.8</ele><time>2026-08-14T09:16:33.000Z</time></trkpt><trkpt lat="-8.075665617573645" lon="113.66485174010965"><ele>582.8</ele><time>2026-08-14T09:16:34.000Z</time></trkpt><trkpt lat="-8.075645747573397" lon="113.6648497067763"><ele>582.8</ele><time>2026-08-14T09:16:35.000Z</time></trkpt><trkpt lat="-8.075625800906414" lon="113.66484322344289"><ele>581.4</ele><time>2026-08-14T09:16:36.000Z</time></trkpt><trkpt lat="-8.075606697572633" lon="113.66483317010939"><ele>581.4</ele><time>2026-08-14T09:16:37.000Z</time></trkpt><trkpt lat="-8.0755898675722" lon="113.66481987344264"><ele>581.4</ele><time>2026-08-14T09:16:38.000Z</time></trkpt><trkpt lat="-8.075573877571816" lon="113.66480385344248"><ele>581.4</ele><time>2026-08-14T09:16:39.000Z</time></trkpt><trkpt lat="-8.07555661423833" lon="113.66478989010893"><ele>581.4</ele><time>2026-08-14T09:16:40.000Z</time></trkpt><trkpt lat="-8.075538180904744" lon="113.66477853677547"><ele>580.8</ele><time>2026-08-14T09:16:41.000Z</time></trkpt><trkpt lat="-8.075519547571236" lon="113.66476959677541"><ele>580.8</ele><time>2026-08-14T09:16:42.000Z</time></trkpt><trkpt lat="-8.075500094237649" lon="113.66476389010859"><ele>580.8</ele><time>2026-08-14T09:16:43.000Z</time></trkpt><trkpt lat="-8.075478757570675" lon="113.6647612867752"><ele>580.8</ele><time>2026-08-14T09:16:44.000Z</time></trkpt><trkpt lat="-8.075458537570404" lon="113.66476047677516"><ele>580.8</ele><time>2026-08-14T09:16:45.000Z</time></trkpt><trkpt lat="-8.075439807570406" lon="113.66476135677507"><ele>579.7</ele><time>2026-08-14T09:16:46.000Z</time></trkpt><trkpt lat="-8.075420640903562" lon="113.6647649867751"><ele>579.7</ele><time>2026-08-14T09:16:47.000Z</time></trkpt><trkpt lat="-8.075402980903494" lon="113.66477174010859"><ele>579.7</ele><time>2026-08-14T09:16:48.000Z</time></trkpt><trkpt lat="-8.075386340903425" lon="113.66478218010884"><ele>579.7</ele><time>2026-08-14T09:16:49.000Z</time></trkpt><trkpt lat="-8.075371944236425" lon="113.66479788010922"><ele>579.7</ele><time>2026-08-14T09:16:50.000Z</time></trkpt><trkpt lat="-8.075358020902634" lon="113.66481583677628"><ele>579.3</ele><time>2026-08-14T09:16:51.000Z</time></trkpt><trkpt lat="-8.075344820902433" lon="113.66483267344331"><ele>579.3</ele><time>2026-08-14T09:16:52.000Z</time></trkpt><trkpt lat="-8.075331287568927" lon="113.66484625677685"><ele>579.3</ele><time>2026-08-14T09:16:53.000Z</time></trkpt><trkpt lat="-8.075315924235218" lon="113.66485596011027"><ele>579.3</ele><time>2026-08-14T09:16:54.000Z</time></trkpt><trkpt lat="-8.075298627568305" lon="113.66485739011026"><ele>579.3</ele><time>2026-08-14T09:16:55.000Z</time></trkpt><trkpt lat="-8.075280037568103" lon="113.66485168011013"><ele>579.3</ele><time>2026-08-14T09:16:56.000Z</time></trkpt><trkpt lat="-8.075262197567762" lon="113.66484106344338"><ele>579.3</ele><time>2026-08-14T09:16:57.000Z</time></trkpt><trkpt lat="-8.075243344233934" lon="113.66482736344332"><ele>579.3</ele><time>2026-08-14T09:16:58.000Z</time></trkpt><trkpt lat="-8.075226520900229" lon="113.6648107834432"><ele>579.3</ele><time>2026-08-14T09:16:59.000Z</time></trkpt><trkpt lat="-8.075210027566573" lon="113.66479414344303"><ele>579.3</ele><time>2026-08-14T09:17:00.000Z</time></trkpt><trkpt lat="-8.075193884233155" lon="113.66477922010958"><ele>579.7</ele><time>2026-08-14T09:17:01.000Z</time></trkpt><trkpt lat="-8.07517709423309" lon="113.66476610010946"><ele>579.7</ele><time>2026-08-14T09:17:02.000Z</time></trkpt><trkpt lat="-8.07516105089974" lon="113.66475409344253"><ele>579.7</ele><time>2026-08-14T09:17:03.000Z</time></trkpt><trkpt lat="-8.07514510423309" lon="113.66474319010908"><ele>579.7</ele><time>2026-08-14T09:17:04.000Z</time></trkpt><trkpt lat="-8.075130347566297" lon="113.66473223344221"><ele>579.7</ele><time>2026-08-14T09:17:05.000Z</time></trkpt><trkpt lat="-8.075116370899217" lon="113.66472240010873"><ele>580.2</ele><time>2026-08-14T09:17:06.000Z</time></trkpt><trkpt lat="-8.075102900898774" lon="113.66471273344186"><ele>580.2</ele><time>2026-08-14T09:17:07.000Z</time></trkpt><trkpt lat="-8.075088724231772" lon="113.66470425344171"><ele>580.2</ele><time>2026-08-14T09:17:08.000Z</time></trkpt><trkpt lat="-8.075075320898181" lon="113.66469664344149"><ele>580.2</ele><time>2026-08-14T09:17:09.000Z</time></trkpt><trkpt lat="-8.075062144231207" lon="113.6646903634414"><ele>580.2</ele><time>2026-08-14T09:17:10.000Z</time></trkpt><trkpt lat="-8.075049094231003" lon="113.66468368010801"><ele>580.5</ele><time>2026-08-14T09:17:11.000Z</time></trkpt><trkpt lat="-8.075035970897432" lon="113.66467718010799"><ele>580.5</ele><time>2026-08-14T09:17:12.000Z</time></trkpt><trkpt lat="-8.075024064230416" lon="113.66467018010799"><ele>580.5</ele><time>2026-08-14T09:17:13.000Z</time></trkpt><trkpt lat="-8.0750111108967" lon="113.6646618034413"><ele>580.5</ele><time>2026-08-14T09:17:14.000Z</time></trkpt><trkpt lat="-8.074998164229712" lon="113.66465258344127"><ele>580.5</ele><time>2026-08-14T09:17:15.000Z</time></trkpt><trkpt lat="-8.07498520756263" lon="113.66464487677453"><ele>581.3</ele><time>2026-08-14T09:17:16.000Z</time></trkpt><trkpt lat="-8.07497288089559" lon="113.66463733010778"><ele>581.3</ele><time>2026-08-14T09:17:17.000Z</time></trkpt><trkpt lat="-8.074959144228583" lon="113.66462934344099"><ele>581.3</ele><time>2026-08-14T09:17:18.000Z</time></trkpt><trkpt lat="-8.074945457561611" lon="113.66462144010748"><ele>581.3</ele><time>2026-08-14T09:17:19.000Z</time></trkpt><trkpt lat="-8.074931867561343" lon="113.66461284010731"><ele>581.3</ele><time>2026-08-14T09:17:20.000Z</time></trkpt><trkpt lat="-8.074918017561243" lon="113.66460282010716"><ele>582.6</ele><time>2026-08-14T09:17:21.000Z</time></trkpt><trkpt lat="-8.07490322756124" lon="113.66459151344027"><ele>582.6</ele><time>2026-08-14T09:17:22.000Z</time></trkpt><trkpt lat="-8.074888080894485" lon="113.66458020010668"><ele>582.6</ele><time>2026-08-14T09:17:23.000Z</time></trkpt><trkpt lat="-8.074872960894432" lon="113.66456916010657"><ele>582.6</ele><time>2026-08-14T09:17:24.000Z</time></trkpt><trkpt lat="-8.074857300894312" lon="113.66455779343974"><ele>582.6</ele><time>2026-08-14T09:17:25.000Z</time></trkpt><trkpt lat="-8.074841554227369" lon="113.66454604343956"><ele>583.4</ele><time>2026-08-14T09:17:26.000Z</time></trkpt><trkpt lat="-8.074827020893833" lon="113.66453388010616"><ele>583.4</ele><time>2026-08-14T09:17:27.000Z</time></trkpt><trkpt lat="-8.07481213756049" lon="113.66452138677282"><ele>583.4</ele><time>2026-08-14T09:17:28.000Z</time></trkpt><trkpt lat="-8.074796477560586" lon="113.66450966343942"><ele>583.4</ele><time>2026-08-14T09:17:29.000Z</time></trkpt><trkpt lat="-8.074780524227425" lon="113.66449842010604"><ele>583.4</ele><time>2026-08-14T09:17:30.000Z</time></trkpt><trkpt lat="-8.074763790894123" lon="113.664485960106"><ele>584.9</ele><time>2026-08-14T09:17:31.000Z</time></trkpt><trkpt lat="-8.074746404227449" lon="113.66447428677262"><ele>584.9</ele><time>2026-08-14T09:17:32.000Z</time></trkpt><trkpt lat="-8.074728960894012" lon="113.6644637934392"><ele>584.9</ele><time>2026-08-14T09:17:33.000Z</time></trkpt><trkpt lat="-8.074712097560365" lon="113.66445346010582"><ele>584.9</ele><time>2026-08-14T09:17:34.000Z</time></trkpt><trkpt lat="-8.074695864226758" lon="113.66444347343906"><ele>584.9</ele><time>2026-08-14T09:17:35.000Z</time></trkpt><trkpt lat="-8.074679690893273" lon="113.66443393677226"><ele>586.1</ele><time>2026-08-14T09:17:36.000Z</time></trkpt><trkpt lat="-8.074662447559758" lon="113.66442490677207"><ele>586.1</ele><time>2026-08-14T09:17:37.000Z</time></trkpt><trkpt lat="-8.074645447559682" lon="113.66441630010529"><ele>586.1</ele><time>2026-08-14T09:17:38.000Z</time></trkpt><trkpt lat="-8.074628790892898" lon="113.66440874343849"><ele>586.1</ele><time>2026-08-14T09:17:39.000Z</time></trkpt><trkpt lat="-8.074611370892798" lon="113.66440203010502"><ele>586.1</ele><time>2026-08-14T09:17:40.000Z</time></trkpt><trkpt lat="-8.074596127559449" lon="113.66439700010494"><ele>586.4</ele><time>2026-08-14T09:17:41.000Z</time></trkpt><trkpt lat="-8.074581904226099" lon="113.66439328343824"><ele>586.4</ele><time>2026-08-14T09:17:42.000Z</time></trkpt><trkpt lat="-8.074568787559361" lon="113.66438971343814"><ele>586.4</ele><time>2026-08-14T09:17:43.000Z</time></trkpt><trkpt lat="-8.074556050892706" lon="113.6643855101047"><ele>586.4</ele><time>2026-08-14T09:17:44.000Z</time></trkpt><trkpt lat="-8.0745438542259" lon="113.66438178677126"><ele>586.4</ele><time>2026-08-14T09:17:45.000Z</time></trkpt><trkpt lat="-8.07453178089239" lon="113.66437915677118"><ele>587.0</ele><time>2026-08-14T09:17:46.000Z</time></trkpt><trkpt lat="-8.07452062089219" lon="113.66437697010443"><ele>587.0</ele><time>2026-08-14T09:17:47.000Z</time></trkpt><trkpt lat="-8.074510104225272" lon="113.66437412677097"><ele>587.0</ele><time>2026-08-14T09:17:48.000Z</time></trkpt><trkpt lat="-8.07450060422499" lon="113.66437252010421"><ele>587.0</ele><time>2026-08-14T09:17:49.000Z</time></trkpt><trkpt lat="-8.074491810891478" lon="113.66437173343748"><ele>587.0</ele><time>2026-08-14T09:17:50.000Z</time></trkpt><trkpt lat="-8.07448267089131" lon="113.66436977343741"><ele>588.1</ele><time>2026-08-14T09:17:51.000Z</time></trkpt><trkpt lat="-8.074472854224542" lon="113.66436708343733"><ele>588.1</ele><time>2026-08-14T09:17:52.000Z</time></trkpt><trkpt lat="-8.074461950891134" lon="113.66436608677066"><ele>588.1</ele><time>2026-08-14T09:17:53.000Z</time></trkpt><trkpt lat="-8.074451247557752" lon="113.66436500677064"><ele>588.1</ele><time>2026-08-14T09:17:54.000Z</time></trkpt><trkpt lat="-8.074440964224396" lon="113.66436388343729"><ele>588.1</ele><time>2026-08-14T09:17:55.000Z</time></trkpt><trkpt lat="-8.074430664224431" lon="113.66436332343726"><ele>588.7</ele><time>2026-08-14T09:17:56.000Z</time></trkpt><trkpt lat="-8.074420117557663" lon="113.66436369010391"><ele>588.7</ele><time>2026-08-14T09:17:57.000Z</time></trkpt><trkpt lat="-8.074409810890758" lon="113.66436404010392"><ele>588.7</ele><time>2026-08-14T09:17:58.000Z</time></trkpt><trkpt lat="-8.074398180890608" lon="113.66436478343726"><ele>588.7</ele><time>2026-08-14T09:17:59.000Z</time></trkpt><trkpt lat="-8.074386170890373" lon="113.66436550010394"><ele>588.7</ele><time>2026-08-14T09:18:00.000Z</time></trkpt><trkpt lat="-8.07437457089007" lon="113.66436616010397"><ele>590.1</ele><time>2026-08-14T09:18:01.000Z</time></trkpt><trkpt lat="-8.07436287755643" lon="113.664366480104"><ele>590.1</ele><time>2026-08-14T09:18:02.000Z</time></trkpt><trkpt lat="-8.074352164222848" lon="113.664366580104"><ele>590.1</ele><time>2026-08-14T09:18:03.000Z</time></trkpt><trkpt lat="-8.074342767555889" lon="113.66436649343734"><ele>590.1</ele><time>2026-08-14T09:18:04.000Z</time></trkpt><trkpt lat="-8.074333354222325" lon="113.66436620343731"><ele>590.1</ele><time>2026-08-14T09:18:05.000Z</time></trkpt><trkpt lat="-8.074322364222091" lon="113.66436453343726"><ele>591.4</ele><time>2026-08-14T09:18:06.000Z</time></trkpt><trkpt lat="-8.07431098755526" lon="113.6643621667705"><ele>591.4</ele><time>2026-08-14T09:18:07.000Z</time></trkpt><trkpt lat="-8.074298880888536" lon="113.66435756677033"><ele>591.4</ele><time>2026-08-14T09:18:08.000Z</time></trkpt><trkpt lat="-8.074284904221669" lon="113.66435181343687"><ele>591.4</ele><time>2026-08-14T09:18:09.000Z</time></trkpt><trkpt lat="-8.0742709542215" lon="113.66434555343673"><ele>591.4</ele><time>2026-08-14T09:18:10.000Z</time></trkpt><trkpt lat="-8.074255744221471" lon="113.66433968343661"><ele>592.2</ele><time>2026-08-14T09:18:11.000Z</time></trkpt><trkpt lat="-8.074240094221446" lon="113.66433295676981"><ele>592.2</ele><time>2026-08-14T09:18:12.000Z</time></trkpt><trkpt lat="-8.074222464221545" lon="113.66432630343647"><ele>592.2</ele><time>2026-08-14T09:18:13.000Z</time></trkpt><trkpt lat="-8.0742030442216" lon="113.66431994676972"><ele>592.2</ele><time>2026-08-14T09:18:14.000Z</time></trkpt><trkpt lat="-8.074181867555032" lon="113.66431330676964"><ele>592.2</ele><time>2026-08-14T09:18:15.000Z</time></trkpt><trkpt lat="-8.074160394221627" lon="113.66430800010293"><ele>593.6</ele><time>2026-08-14T09:18:16.000Z</time></trkpt><trkpt lat="-8.074138404221495" lon="113.6643055701029"><ele>593.6</ele><time>2026-08-14T09:18:17.000Z</time></trkpt><trkpt lat="-8.074116334221051" lon="113.66430485010282"><ele>593.6</ele><time>2026-08-14T09:18:18.000Z</time></trkpt><trkpt lat="-8.074095237553937" lon="113.6643045301028"><ele>593.6</ele><time>2026-08-14T09:18:19.000Z</time></trkpt><trkpt lat="-8.074074270886742" lon="113.66430466343613"><ele>593.6</ele><time>2026-08-14T09:18:20.000Z</time></trkpt><trkpt lat="-8.074055720886268" lon="113.66430151343604"><ele>594.5</ele><time>2026-08-14T09:18:21.000Z</time></trkpt><trkpt lat="-8.074037184219247" lon="113.66429163010275"><ele>594.5</ele><time>2026-08-14T09:18:22.000Z</time></trkpt><trkpt lat="-8.074022730885702" lon="113.66427762676942"><ele>594.5</ele><time>2026-08-14T09:18:23.000Z</time></trkpt><trkpt lat="-8.074012064219005" lon="113.66425937676931"><ele>594.5</ele><time>2026-08-14T09:18:24.000Z</time></trkpt><trkpt lat="-8.074006900885728" lon="113.66423830010258"><ele>594.5</ele><time>2026-08-14T09:18:25.000Z</time></trkpt><trkpt lat="-8.07400700421916" lon="113.66421859676925"><ele>594.6</ele><time>2026-08-14T09:18:26.000Z</time></trkpt><trkpt lat="-8.074015104219466" lon="113.66420440010249"><ele>594.6</ele><time>2026-08-14T09:18:27.000Z</time></trkpt><trkpt lat="-8.074026707553239" lon="113.66419328010242"><ele>594.6</ele><time>2026-08-14T09:18:28.000Z</time></trkpt><trkpt lat="-8.074041930887153" lon="113.66418543010244"><ele>594.6</ele><time>2026-08-14T09:18:29.000Z</time></trkpt><trkpt lat="-8.074058237554343" lon="113.6641777401023"><ele>594.6</ele><time>2026-08-14T09:18:30.000Z</time></trkpt><trkpt lat="-8.074073574221568" lon="113.66416930676883"><ele>594.4</ele><time>2026-08-14T09:18:31.000Z</time></trkpt><trkpt lat="-8.074088127555289" lon="113.66416015676865"><ele>594.4</ele><time>2026-08-14T09:18:32.000Z</time></trkpt><trkpt lat="-8.074104027555697" lon="113.66414910010182"><ele>594.4</ele><time>2026-08-14T09:18:33.000Z</time></trkpt><trkpt lat="-8.074119017556049" lon="113.6641374501017"><ele>594.4</ele><time>2026-08-14T09:18:34.000Z</time></trkpt><trkpt lat="-8.074132557556391" lon="113.66412599676835"><ele>594.4</ele><time>2026-08-14T09:18:35.000Z</time></trkpt><trkpt lat="-8.074146990889966" lon="113.66411473676831"><ele>594.3</ele><time>2026-08-14T09:18:36.000Z</time></trkpt><trkpt lat="-8.074159280890111" lon="113.66410200010168"><ele>594.3</ele><time>2026-08-14T09:18:37.000Z</time></trkpt><trkpt lat="-8.074166907556776" lon="113.66408853010186"><ele>594.3</ele><time>2026-08-14T09:18:38.000Z</time></trkpt><trkpt lat="-8.074171464223351" lon="113.66407416343534"><ele>594.3</ele><time>2026-08-14T09:18:39.000Z</time></trkpt><trkpt lat="-8.074175020889896" lon="113.66405974343533"><ele>594.3</ele><time>2026-08-14T09:18:40.000Z</time></trkpt><trkpt lat="-8.074176104223172" lon="113.66404228676872"><ele>594.3</ele><time>2026-08-14T09:18:41.000Z</time></trkpt><trkpt lat="-8.07417613088981" lon="113.66402354010202"><ele>594.3</ele><time>2026-08-14T09:18:42.000Z</time></trkpt><trkpt lat="-8.074177317556458" lon="113.66400517343502"><ele>594.3</ele><time>2026-08-14T09:18:43.000Z</time></trkpt><trkpt lat="-8.074180754223118" lon="113.66398459676789"><ele>594.3</ele><time>2026-08-14T09:18:44.000Z</time></trkpt><trkpt lat="-8.07418353422312" lon="113.66396413676748"><ele>594.3</ele><time>2026-08-14T09:18:45.000Z</time></trkpt><trkpt lat="-8.074184730889835" lon="113.66394399343372"><ele>594.3</ele><time>2026-08-14T09:18:46.000Z</time></trkpt><trkpt lat="-8.074185184223206" lon="113.66392302676664"><ele>594.3</ele><time>2026-08-14T09:18:47.000Z</time></trkpt><trkpt lat="-8.074183480889904" lon="113.66390170343293"><ele>594.3</ele><time>2026-08-14T09:18:48.000Z</time></trkpt><trkpt lat="-8.074179700889918" lon="113.66388032343283"><ele>594.3</ele><time>2026-08-14T09:18:49.000Z</time></trkpt><trkpt lat="-8.074177350889999" lon="113.66385731343269"><ele>594.3</ele><time>2026-08-14T09:18:50.000Z</time></trkpt><trkpt lat="-8.07417599422338" lon="113.66383483676566"><ele>594.3</ele><time>2026-08-14T09:18:51.000Z</time></trkpt><trkpt lat="-8.074175150890099" lon="113.6638124334319"><ele>594.3</ele><time>2026-08-14T09:18:52.000Z</time></trkpt><trkpt lat="-8.074174904223481" lon="113.66378951676488"><ele>594.3</ele><time>2026-08-14T09:18:53.000Z</time></trkpt><trkpt lat="-8.074174200890209" lon="113.66376771009796"><ele>594.3</ele><time>2026-08-14T09:18:54.000Z</time></trkpt><trkpt lat="-8.074170534223532" lon="113.6637458967642"><ele>594.3</ele><time>2026-08-14T09:18:55.000Z</time></trkpt><trkpt lat="-8.074165320890142" lon="113.66372444009725"><ele>594.2</ele><time>2026-08-14T09:18:56.000Z</time></trkpt><trkpt lat="-8.074157610890014" lon="113.6637037000972"><ele>594.2</ele><time>2026-08-14T09:18:57.000Z</time></trkpt><trkpt lat="-8.074147064223194" lon="113.66368423676383"><ele>594.2</ele><time>2026-08-14T09:18:58.000Z</time></trkpt><trkpt lat="-8.074133990889653" lon="113.66366493009677"><ele>594.2</ele><time>2026-08-14T09:18:59.000Z</time></trkpt><trkpt lat="-8.074118650889492" lon="113.66364791676313"><ele>594.2</ele><time>2026-08-14T09:19:00.000Z</time></trkpt><trkpt lat="-8.074101174222843" lon="113.66363152009612"><ele>593.9</ele><time>2026-08-14T09:19:01.000Z</time></trkpt><trkpt lat="-8.074081724223046" lon="113.66361558676235"><ele>593.9</ele><time>2026-08-14T09:19:02.000Z</time></trkpt><trkpt lat="-8.074060680889762" lon="113.66360081676191"><ele>593.9</ele><time>2026-08-14T09:19:03.000Z</time></trkpt><trkpt lat="-8.07403782088973" lon="113.66358743342828"><ele>593.9</ele><time>2026-08-14T09:19:04.000Z</time></trkpt><trkpt lat="-8.074014950889605" lon="113.66357478342806"><ele>593.9</ele><time>2026-08-14T09:19:05.000Z</time></trkpt><trkpt lat="-8.073991604222694" lon="113.66356661676132"><ele>593.2</ele><time>2026-08-14T09:19:06.000Z</time></trkpt><trkpt lat="-8.07396938755573" lon="113.66356253009455"><ele>593.2</ele><time>2026-08-14T09:19:07.000Z</time></trkpt><trkpt lat="-8.073947334222321" lon="113.66356143009446"><ele>593.2</ele><time>2026-08-14T09:19:08.000Z</time></trkpt><trkpt lat="-8.073925314222127" lon="113.66356280676112"><ele>593.2</ele><time>2026-08-14T09:19:09.000Z</time></trkpt><trkpt lat="-8.073903144221832" lon="113.66356419342779"><ele>593.2</ele><time>2026-08-14T09:19:10.000Z</time></trkpt><trkpt lat="-8.073879397554865" lon="113.66356352676112"><ele>592.8</ele><time>2026-08-14T09:19:11.000Z</time></trkpt><trkpt lat="-8.073854087554473" lon="113.66356148342777"><ele>592.8</ele><time>2026-08-14T09:19:12.000Z</time></trkpt><trkpt lat="-8.07382988422069" lon="113.66355669342768"><ele>592.8</ele><time>2026-08-14T09:19:13.000Z</time></trkpt><trkpt lat="-8.073805787553704" lon="113.66355103342755"><ele>592.8</ele><time>2026-08-14T09:19:14.000Z</time></trkpt><trkpt lat="-8.073781720886993" lon="113.66354555342748"><ele>592.8</ele><time>2026-08-14T09:19:15.000Z</time></trkpt><trkpt lat="-8.073758447553663" lon="113.66353962342741"><ele>592.1</ele><time>2026-08-14T09:19:16.000Z</time></trkpt><trkpt lat="-8.07373637088692" lon="113.66353308676067"><ele>592.1</ele><time>2026-08-14T09:19:17.000Z</time></trkpt><trkpt lat="-8.073714130886618" lon="113.66352704676065"><ele>592.1</ele><time>2026-08-14T09:19:18.000Z</time></trkpt><trkpt lat="-8.073692617552846" lon="113.66351905676056"><ele>592.1</ele><time>2026-08-14T09:19:19.000Z</time></trkpt><trkpt lat="-8.073671324218962" lon="113.66350949009382"><ele>592.1</ele><time>2026-08-14T09:19:20.000Z</time></trkpt><trkpt lat="-8.073651627551719" lon="113.66349998009377"><ele>591.7</ele><time>2026-08-14T09:19:21.000Z</time></trkpt><trkpt lat="-8.07363183088441" lon="113.66348887676045"><ele>591.7</ele><time>2026-08-14T09:19:22.000Z</time></trkpt><trkpt lat="-8.073613110884077" lon="113.66347578342706"><ele>591.7</ele><time>2026-08-14T09:19:23.000Z</time></trkpt><trkpt lat="-8.07359551755054" lon="113.66346241009367"><ele>591.7</ele><time>2026-08-14T09:19:24.000Z</time></trkpt><trkpt lat="-8.073578904217063" lon="113.66344888342678"><ele>591.7</ele><time>2026-08-14T09:19:25.000Z</time></trkpt><trkpt lat="-8.073561650883454" lon="113.66343474342648"><ele>591.5</ele><time>2026-08-14T09:19:26.000Z</time></trkpt><trkpt lat="-8.073546070883433" lon="113.66341989009277"><ele>591.5</ele><time>2026-08-14T09:19:27.000Z</time></trkpt><trkpt lat="-8.07352981088334" lon="113.66340527009243"><ele>591.5</ele><time>2026-08-14T09:19:28.000Z</time></trkpt><trkpt lat="-8.07351367421665" lon="113.66339050342545"><ele>591.5</ele><time>2026-08-14T09:19:29.000Z</time></trkpt><trkpt lat="-8.073497190883089" lon="113.66337625675854"><ele>591.5</ele><time>2026-08-14T09:19:30.000Z</time></trkpt><trkpt lat="-8.07348073421644" lon="113.66336255675829"><ele>591.1</ele><time>2026-08-14T09:19:31.000Z</time></trkpt><trkpt lat="-8.073461934216438" lon="113.66335071342476"><ele>591.1</ele><time>2026-08-14T09:19:32.000Z</time></trkpt><trkpt lat="-8.07344267421647" lon="113.66334058342451"><ele>591.1</ele><time>2026-08-14T09:19:33.000Z</time></trkpt><trkpt lat="-8.073422420883201" lon="113.66333248675771"><ele>591.1</ele><time>2026-08-14T09:19:34.000Z</time></trkpt><trkpt lat="-8.073401534216742" lon="113.66332537675753"><ele>591.1</ele><time>2026-08-14T09:19:35.000Z</time></trkpt><trkpt lat="-8.073380864216812" lon="113.6633186800907"><ele>590.8</ele><time>2026-08-14T09:19:36.000Z</time></trkpt><trkpt lat="-8.073361424216893" lon="113.66331158342385"><ele>590.8</ele><time>2026-08-14T09:19:37.000Z</time></trkpt><trkpt lat="-8.073342844216997" lon="113.66330602675703"><ele>590.8</ele><time>2026-08-14T09:19:38.000Z</time></trkpt><trkpt lat="-8.073323880883652" lon="113.66330217009026"><ele>590.8</ele><time>2026-08-14T09:19:39.000Z</time></trkpt><trkpt lat="-8.073305007550282" lon="113.66330033342356"><ele>590.8</ele><time>2026-08-14T09:19:40.000Z</time></trkpt><trkpt lat="-8.07328615421667" lon="113.66330034009022"><ele>590.8</ele><time>2026-08-14T09:19:41.000Z</time></trkpt><trkpt lat="-8.073266257549722" lon="113.66330221342358"><ele>590.8</ele><time>2026-08-14T09:19:42.000Z</time></trkpt><trkpt lat="-8.073246500882782" lon="113.66330375342356"><ele>590.8</ele><time>2026-08-14T09:19:43.000Z</time></trkpt><trkpt lat="-8.073226244215935" lon="113.66330359009017"><ele>590.8</ele><time>2026-08-14T09:19:44.000Z</time></trkpt><trkpt lat="-8.073206074215697" lon="113.66330412342344"><ele>590.8</ele><time>2026-08-14T09:19:45.000Z</time></trkpt><trkpt lat="-8.073185427549102" lon="113.66330547675679"><ele>590.8</ele><time>2026-08-14T09:19:46.000Z</time></trkpt><trkpt lat="-8.07316514421577" lon="113.66330647342348"><ele>590.8</ele><time>2026-08-14T09:19:47.000Z</time></trkpt><trkpt lat="-8.073142640882272" lon="113.66330754009016"><ele>590.8</ele><time>2026-08-14T09:19:48.000Z</time></trkpt><trkpt lat="-8.073120964215368" lon="113.66331022675686"><ele>590.8</ele><time>2026-08-14T09:19:49.000Z</time></trkpt><trkpt lat="-8.073098990881629" lon="113.6633122667569"><ele>590.8</ele><time>2026-08-14T09:19:50.000Z</time></trkpt><trkpt lat="-8.073077954214428" lon="113.6633133634236"><ele>590.5</ele><time>2026-08-14T09:19:51.000Z</time></trkpt><trkpt lat="-8.073059057547294" lon="113.66331256342369"><ele>590.5</ele><time>2026-08-14T09:19:52.000Z</time></trkpt><trkpt lat="-8.07304535754693" lon="113.6633093967572"><ele>590.5</ele><time>2026-08-14T09:19:53.000Z</time></trkpt><trkpt lat="-8.073037124213409" lon="113.6633000500905"><ele>590.5</ele><time>2026-08-14T09:19:54.000Z</time></trkpt><trkpt lat="-8.07303475421342" lon="113.6632867734238"><ele>590.5</ele><time>2026-08-14T09:19:55.000Z</time></trkpt><trkpt lat="-8.073039757546997" lon="113.66327101675697"><ele>590.2</ele><time>2026-08-14T09:19:56.000Z</time></trkpt><trkpt lat="-8.073048277547176" lon="113.66325547342345"><ele>590.2</ele><time>2026-08-14T09:19:57.000Z</time></trkpt><trkpt lat="-8.07305734754734" lon="113.66323893342317"><ele>590.2</ele><time>2026-08-14T09:19:58.000Z</time></trkpt><trkpt lat="-8.073066187547415" lon="113.66322538675647"><ele>590.2</ele><time>2026-08-14T09:19:59.000Z</time></trkpt><trkpt lat="-8.073075060880916" lon="113.66321219342312"><ele>590.2</ele><time>2026-08-14T09:20:00.000Z</time></trkpt><trkpt lat="-8.073079897547574" lon="113.66319937008988"><ele>589.1</ele><time>2026-08-14T09:20:01.000Z</time></trkpt><trkpt lat="-8.073082734214225" lon="113.66318696008992"><ele>589.1</ele><time>2026-08-14T09:20:02.000Z</time></trkpt><trkpt lat="-8.073085644214245" lon="113.66317604342332"><ele>589.1</ele><time>2026-08-14T09:20:03.000Z</time></trkpt><trkpt lat="-8.073086687547647" lon="113.66316493009003"><ele>589.1</ele><time>2026-08-14T09:20:04.000Z</time></trkpt><trkpt lat="-8.073085387547644" lon="113.66315440342332"><ele>589.1</ele><time>2026-08-14T09:20:05.000Z</time></trkpt><trkpt lat="-8.073083374214288" lon="113.66314218675666"><ele>588.4</ele><time>2026-08-14T09:20:06.000Z</time></trkpt><trkpt lat="-8.073080064214228" lon="113.66312948008999"><ele>588.4</ele><time>2026-08-14T09:20:07.000Z</time></trkpt><trkpt lat="-8.07307411088072" lon="113.6631168767565"><ele>588.4</ele><time>2026-08-14T09:20:08.000Z</time></trkpt><trkpt lat="-8.073067537547212" lon="113.66310385342311"><ele>588.4</ele><time>2026-08-14T09:20:09.000Z</time></trkpt><trkpt lat="-8.073060214213681" lon="113.66309265008974"><ele>588.4</ele><time>2026-08-14T09:20:10.000Z</time></trkpt><trkpt lat="-8.073051927546913" lon="113.6630828800897"><ele>588.3</ele><time>2026-08-14T09:20:11.000Z</time></trkpt><trkpt lat="-8.073043670880207" lon="113.6630749167563"><ele>588.3</ele><time>2026-08-14T09:20:12.000Z</time></trkpt><trkpt lat="-8.07303566754682" lon="113.66306850675635"><ele>588.3</ele><time>2026-08-14T09:20:13.000Z</time></trkpt><trkpt lat="-8.07302705088" lon="113.66306480008969"><ele>588.3</ele><time>2026-08-14T09:20:14.000Z</time></trkpt><trkpt lat="-8.073016717546505" lon="113.66306214342299"><ele>588.3</ele><time>2026-08-14T09:20:15.000Z</time></trkpt><trkpt lat="-8.073005457546131" lon="113.66306083342295"><ele>588.6</ele><time>2026-08-14T09:20:16.000Z</time></trkpt><trkpt lat="-8.072993864212345" lon="113.6630594834229"><ele>588.6</ele><time>2026-08-14T09:20:17.000Z</time></trkpt><trkpt lat="-8.072982360878639" lon="113.66305807008953"><ele>588.6</ele><time>2026-08-14T09:20:18.000Z</time></trkpt><trkpt lat="-8.072970947544908" lon="113.66305678675617"><ele>588.6</ele><time>2026-08-14T09:20:19.000Z</time></trkpt><trkpt lat="-8.07296064087779" lon="113.66305446342285"><ele>588.6</ele><time>2026-08-14T09:20:20.000Z</time></trkpt><trkpt lat="-8.072951147544021" lon="113.66305296008952"><ele>589.3</ele><time>2026-08-14T09:20:21.000Z</time></trkpt><trkpt lat="-8.072942030876973" lon="113.66305184342286"><ele>589.3</ele><time>2026-08-14T09:20:22.000Z</time></trkpt><trkpt lat="-8.072932360876512" lon="113.6630515634229"><ele>589.3</ele><time>2026-08-14T09:20:23.000Z</time></trkpt><trkpt lat="-8.07292243420937" lon="113.6630514534229"><ele>589.3</ele><time>2026-08-14T09:20:24.000Z</time></trkpt><trkpt lat="-8.072912647542342" lon="113.66305139675622"><ele>589.3</ele><time>2026-08-14T09:20:25.000Z</time></trkpt><trkpt lat="-8.072902974208839" lon="113.66305089342288"><ele>589.8</ele><time>2026-08-14T09:20:26.000Z</time></trkpt><trkpt lat="-8.072893440875344" lon="113.66305028675622"><ele>589.8</ele><time>2026-08-14T09:20:27.000Z</time></trkpt><trkpt lat="-8.072884224208655" lon="113.6630489267562"><ele>589.8</ele><time>2026-08-14T09:20:28.000Z</time></trkpt><trkpt lat="-8.072875240875316" lon="113.66304804008955"><ele>589.8</ele><time>2026-08-14T09:20:29.000Z</time></trkpt><trkpt lat="-8.072866564208585" lon="113.66304785008955"><ele>589.8</ele><time>2026-08-14T09:20:30.000Z</time></trkpt><trkpt lat="-8.07285798420845" lon="113.6630476834229"><ele>591.1</ele><time>2026-08-14T09:20:31.000Z</time></trkpt><trkpt lat="-8.072849210875017" lon="113.66304781675623"><ele>591.1</ele><time>2026-08-14T09:20:32.000Z</time></trkpt><trkpt lat="-8.072840247541542" lon="113.66304828342291"><ele>591.1</ele><time>2026-08-14T09:20:33.000Z</time></trkpt><trkpt lat="-8.07283055754154" lon="113.6630484434229"><ele>591.1</ele><time>2026-08-14T09:20:34.000Z</time></trkpt><trkpt lat="-8.07281991754154" lon="113.66304829675623"><ele>591.1</ele><time>2026-08-14T09:20:35.000Z</time></trkpt><trkpt lat="-8.072809774208192" lon="113.66304791675623"><ele>592.4</ele><time>2026-08-14T09:20:36.000Z</time></trkpt><trkpt lat="-8.07280072420816" lon="113.66304733342288"><ele>592.4</ele><time>2026-08-14T09:20:37.000Z</time></trkpt><trkpt lat="-8.072792577541453" lon="113.66304663342287"><ele>592.4</ele><time>2026-08-14T09:20:38.000Z</time></trkpt><trkpt lat="-8.07278527754131" lon="113.6630463567562"><ele>592.4</ele><time>2026-08-14T09:20:39.000Z</time></trkpt><trkpt lat="-8.072778570874522" lon="113.66304691675623"><ele>592.4</ele><time>2026-08-14T09:20:40.000Z</time></trkpt><trkpt lat="-8.07277108420781" lon="113.6630483900896"><ele>593.0</ele><time>2026-08-14T09:20:41.000Z</time></trkpt><trkpt lat="-8.072762070874408" lon="113.66305067675633"><ele>593.0</ele><time>2026-08-14T09:20:42.000Z</time></trkpt><trkpt lat="-8.072752357540962" lon="113.66305361675639"><ele>593.0</ele><time>2026-08-14T09:20:43.000Z</time></trkpt><trkpt lat="-8.0727423375408" lon="113.66305642008979"><ele>593.0</ele><time>2026-08-14T09:20:44.000Z</time></trkpt><trkpt lat="-8.072732087540551" lon="113.66305809342313"><ele>593.0</ele><time>2026-08-14T09:20:45.000Z</time></trkpt><trkpt lat="-8.072721457540215" lon="113.6630587767565"><ele>594.2</ele><time>2026-08-14T09:20:46.000Z</time></trkpt><trkpt lat="-8.072710227539906" lon="113.66305884008985"><ele>594.2</ele><time>2026-08-14T09:20:47.000Z</time></trkpt><trkpt lat="-8.072697774206311" lon="113.66305808008983"><ele>594.2</ele><time>2026-08-14T09:20:48.000Z</time></trkpt><trkpt lat="-8.072684684206163" lon="113.6630566167565"><ele>594.2</ele><time>2026-08-14T09:20:49.000Z</time></trkpt><trkpt lat="-8.072671157539386" lon="113.66305513342323"><ele>594.2</ele><time>2026-08-14T09:20:50.000Z</time></trkpt><trkpt lat="-8.072657607539274" lon="113.66305337675658"><ele>595.2</ele><time>2026-08-14T09:20:51.000Z</time></trkpt><trkpt lat="-8.072643550872524" lon="113.66305239008996"><ele>595.2</ele><time>2026-08-14T09:20:52.000Z</time></trkpt><trkpt lat="-8.072628590872448" lon="113.66305161009002"><ele>595.2</ele><time>2026-08-14T09:20:53.000Z</time></trkpt><trkpt lat="-8.072611980872333" lon="113.66305242342337"><ele>595.2</ele><time>2026-08-14T09:20:54.000Z</time></trkpt><trkpt lat="-8.072595590872321" lon="113.66305403342339"><ele>595.2</ele><time>2026-08-14T09:20:55.000Z</time></trkpt><trkpt lat="-8.072578220872254" lon="113.66305653342343"><ele>595.7</ele><time>2026-08-14T09:20:56.000Z</time></trkpt><trkpt lat="-8.07256192087222" lon="113.6630573900901"><ele>595.7</ele><time>2026-08-14T09:20:57.000Z</time></trkpt><trkpt lat="-8.072546924205566" lon="113.66305844342347"><ele>595.7</ele><time>2026-08-14T09:20:58.000Z</time></trkpt><trkpt lat="-8.072534650872244" lon="113.66305823675683"><ele>595.7</ele><time>2026-08-14T09:20:59.000Z</time></trkpt><trkpt lat="-8.0725228275389" lon="113.66305645009012"><ele>595.7</ele><time>2026-08-14T09:21:00.000Z</time></trkpt><trkpt lat="-8.07251259420558" lon="113.66305374675676"><ele>596.8</ele><time>2026-08-14T09:21:01.000Z</time></trkpt><trkpt lat="-8.072502427538897" lon="113.66305164009006"><ele>596.8</ele><time>2026-08-14T09:21:02.000Z</time></trkpt><trkpt lat="-8.07249392087213" lon="113.66304903009002"><ele>596.8</ele><time>2026-08-14T09:21:03.000Z</time></trkpt><trkpt lat="-8.072483720872127" lon="113.66304658008998"><ele>596.8</ele><time>2026-08-14T09:21:04.000Z</time></trkpt><trkpt lat="-8.072472990872047" lon="113.66304564342332"><ele>596.8</ele><time>2026-08-14T09:21:05.000Z</time></trkpt><trkpt lat="-8.072461647538642" lon="113.66304470008996"><ele>597.7</ele><time>2026-08-14T09:21:06.000Z</time></trkpt><trkpt lat="-8.072450407538453" lon="113.66304454675662"><ele>597.7</ele><time>2026-08-14T09:21:07.000Z</time></trkpt><trkpt lat="-8.072437150871599" lon="113.66304521008999"><ele>597.7</ele><time>2026-08-14T09:21:08.000Z</time></trkpt><trkpt lat="-8.07242431420477" lon="113.66304723342337"><ele>597.7</ele><time>2026-08-14T09:21:09.000Z</time></trkpt><trkpt lat="-8.072410990871276" lon="113.6630497300901"><ele>597.7</ele><time>2026-08-14T09:21:10.000Z</time></trkpt><trkpt lat="-8.072397087537777" lon="113.66305460342355"><ele>598.1</ele><time>2026-08-14T09:21:11.000Z</time></trkpt><trkpt lat="-8.07238306420424" lon="113.66305962009035"><ele>598.1</ele><time>2026-08-14T09:21:12.000Z</time></trkpt><trkpt lat="-8.07236918753744" lon="113.66306480342382"><ele>598.1</ele><time>2026-08-14T09:21:13.000Z</time></trkpt><trkpt lat="-8.07235661753717" lon="113.66306930342394"><ele>598.1</ele><time>2026-08-14T09:21:14.000Z</time></trkpt><trkpt lat="-8.0723441008703" lon="113.66307336342405"><ele>598.1</ele><time>2026-08-14T09:21:15.000Z</time></trkpt><trkpt lat="-8.072332694203405" lon="113.66307594009076"><ele>598.7</ele><time>2026-08-14T09:21:16.000Z</time></trkpt><trkpt lat="-8.07232119087002" lon="113.66307763675749"><ele>598.7</ele><time>2026-08-14T09:21:17.000Z</time></trkpt><trkpt lat="-8.072309400869893" lon="113.66307794342417"><ele>598.7</ele><time>2026-08-14T09:21:18.000Z</time></trkpt><trkpt lat="-8.072295914203055" lon="113.6630772267575"><ele>598.7</ele><time>2026-08-14T09:21:19.000Z</time></trkpt><trkpt lat="-8.072282217536205" lon="113.66307499675747"><ele>598.7</ele><time>2026-08-14T09:21:20.000Z</time></trkpt><trkpt lat="-8.072268487536142" lon="113.6630715567574"><ele>599.5</ele><time>2026-08-14T09:21:21.000Z</time></trkpt><trkpt lat="-8.072252914202421" lon="113.66306788009067"><ele>599.5</ele><time>2026-08-14T09:21:22.000Z</time></trkpt><trkpt lat="-8.07223804753547" lon="113.66306391009064"><ele>599.5</ele><time>2026-08-14T09:21:23.000Z</time></trkpt><trkpt lat="-8.072224254201917" lon="113.66305880342395"><ele>599.5</ele><time>2026-08-14T09:21:24.000Z</time></trkpt><trkpt lat="-8.072209377535088" lon="113.66305578675728"><ele>599.5</ele><time>2026-08-14T09:21:25.000Z</time></trkpt><trkpt lat="-8.072193280868126" lon="113.66305344342399"><ele>600.0</ele><time>2026-08-14T09:21:26.000Z</time></trkpt><trkpt lat="-8.072179277534776" lon="113.6630531600907"><ele>600.0</ele><time>2026-08-14T09:21:27.000Z</time></trkpt><trkpt lat="-8.072165530868105" lon="113.66305388009073"><ele>600.0</ele><time>2026-08-14T09:21:28.000Z</time></trkpt><trkpt lat="-8.072152307534786" lon="113.66305744009075"><ele>600.0</ele><time>2026-08-14T09:21:29.000Z</time></trkpt><trkpt lat="-8.072141047534734" lon="113.66305921342402"><ele>600.0</ele><time>2026-08-14T09:21:30.000Z</time></trkpt><trkpt lat="-8.072129757534833" lon="113.66306159342396"><ele>600.8</ele><time>2026-08-14T09:21:31.000Z</time></trkpt><trkpt lat="-8.072117897534806" lon="113.66306230675723"><ele>600.8</ele><time>2026-08-14T09:21:32.000Z</time></trkpt><trkpt lat="-8.07210620086791" lon="113.66306308342386"><ele>600.8</ele><time>2026-08-14T09:21:33.000Z</time></trkpt><trkpt lat="-8.072093077534337" lon="113.66306151675712"><ele>600.8</ele><time>2026-08-14T09:21:34.000Z</time></trkpt><trkpt lat="-8.072078707534143" lon="113.66306055009042"><ele>600.8</ele><time>2026-08-14T09:21:35.000Z</time></trkpt><trkpt lat="-8.072064970867137" lon="113.66305692342371"><ele>601.6</ele><time>2026-08-14T09:21:36.000Z</time></trkpt><trkpt lat="-8.07205004420006" lon="113.66305359342365"><ele>601.6</ele><time>2026-08-14T09:21:37.000Z</time></trkpt><trkpt lat="-8.07203561419974" lon="113.6630503034236"><ele>601.6</ele><time>2026-08-14T09:21:38.000Z</time></trkpt><trkpt lat="-8.072021860866126" lon="113.66304819675688"><ele>601.6</ele><time>2026-08-14T09:21:39.000Z</time></trkpt><trkpt lat="-8.072009260865794" lon="113.66304656342352"><ele>601.6</ele><time>2026-08-14T09:21:40.000Z</time></trkpt><trkpt lat="-8.071996664198826" lon="113.66304809009023"><ele>602.0</ele><time>2026-08-14T09:21:41.000Z</time></trkpt><trkpt lat="-8.071985690865413" lon="113.66304910009026"><ele>602.0</ele><time>2026-08-14T09:21:42.000Z</time></trkpt><trkpt lat="-8.071974324198672" lon="113.6630501900903"><ele>602.0</ele><time>2026-08-14T09:21:43.000Z</time></trkpt><trkpt lat="-8.071962750865284" lon="113.66305088009035"><ele>602.0</ele><time>2026-08-14T09:21:44.000Z</time></trkpt><trkpt lat="-8.071950834198603" lon="113.66305177675709"><ele>602.0</ele><time>2026-08-14T09:21:45.000Z</time></trkpt><trkpt lat="-8.071937114198633" lon="113.6630511967571"><ele>602.6</ele><time>2026-08-14T09:21:46.000Z</time></trkpt><trkpt lat="-8.071923434198604" lon="113.66305129342382"><ele>602.6</ele><time>2026-08-14T09:21:47.000Z</time></trkpt><trkpt lat="-8.071909524198592" lon="113.66305214009053"><ele>602.6</ele><time>2026-08-14T09:21:48.000Z</time></trkpt><trkpt lat="-8.071896984198492" lon="113.66305346342389"><ele>602.6</ele><time>2026-08-14T09:21:49.000Z</time></trkpt><trkpt lat="-8.071884787531687" lon="113.66305512342394"><ele>602.6</ele><time>2026-08-14T09:21:50.000Z</time></trkpt><trkpt lat="-8.07187521419825" lon="113.6630569467573"><ele>603.2</ele><time>2026-08-14T09:21:51.000Z</time></trkpt><trkpt lat="-8.071865717531548" lon="113.66305944342398"><ele>603.2</ele><time>2026-08-14T09:21:52.000Z</time></trkpt><trkpt lat="-8.071857674198165" lon="113.66306210675732"><ele>603.2</ele><time>2026-08-14T09:21:53.000Z</time></trkpt><trkpt lat="-8.071848414198119" lon="113.66306461675735"><ele>603.2</ele><time>2026-08-14T09:21:54.000Z</time></trkpt><trkpt lat="-8.071840140864754" lon="113.66306706009068"><ele>603.2</ele><time>2026-08-14T09:21:55.000Z</time></trkpt><trkpt lat="-8.071831857531297" lon="113.66306949009068"><ele>603.5</ele><time>2026-08-14T09:21:56.000Z</time></trkpt><trkpt lat="-8.071822420864345" lon="113.66307094675733"><ele>603.5</ele><time>2026-08-14T09:21:57.000Z</time></trkpt><trkpt lat="-8.071809747530539" lon="113.6630725367573"><ele>603.5</ele><time>2026-08-14T09:21:58.000Z</time></trkpt><trkpt lat="-8.071796180863497" lon="113.66307435675726"><ele>603.5</ele><time>2026-08-14T09:21:59.000Z</time></trkpt><trkpt lat="-8.071777947529831" lon="113.66307314342389"><ele>603.5</ele><time>2026-08-14T09:22:00.000Z</time></trkpt><trkpt lat="-8.07175760419616" lon="113.66307038675727"><ele>604.1</ele><time>2026-08-14T09:22:01.000Z</time></trkpt><trkpt lat="-8.071737704195845" lon="113.66306722009062"><ele>604.1</ele><time>2026-08-14T09:22:02.000Z</time></trkpt><trkpt lat="-8.071717704195894" lon="113.66306388009063"><ele>604.1</ele><time>2026-08-14T09:22:03.000Z</time></trkpt><trkpt lat="-8.071698197529122" lon="113.66305966342392"><ele>604.1</ele><time>2026-08-14T09:22:04.000Z</time></trkpt><trkpt lat="-8.07167988086221" lon="113.66305895009062"><ele>604.1</ele><time>2026-08-14T09:22:05.000Z</time></trkpt><trkpt lat="-8.071658194195427" lon="113.66306029675725"><ele>604.5</ele><time>2026-08-14T09:22:06.000Z</time></trkpt><trkpt lat="-8.071632557528563" lon="113.6630619234239"><ele>604.5</ele><time>2026-08-14T09:22:07.000Z</time></trkpt><trkpt lat="-8.071607040861519" lon="113.6630617067572"><ele>604.5</ele><time>2026-08-14T09:22:08.000Z</time></trkpt><trkpt lat="-8.071580920861138" lon="113.66306208342387"><ele>604.5</ele><time>2026-08-14T09:22:09.000Z</time></trkpt><trkpt lat="-8.071554904194187" lon="113.66306090675717"><ele>604.5</ele><time>2026-08-14T09:22:10.000Z</time></trkpt><trkpt lat="-8.071530920860509" lon="113.66305878675709"><ele>604.5</ele><time>2026-08-14T09:22:11.000Z</time></trkpt><trkpt lat="-8.07150995752689" lon="113.6630563434237"><ele>604.5</ele><time>2026-08-14T09:22:12.000Z</time></trkpt><trkpt lat="-8.07148991752657" lon="113.66305286342356"><ele>604.5</ele><time>2026-08-14T09:22:13.000Z</time></trkpt><trkpt lat="-8.071470034193078" lon="113.66304701342344"><ele>604.5</ele><time>2026-08-14T09:22:14.000Z</time></trkpt><trkpt lat="-8.071451350859537" lon="113.66303947008996"><ele>604.5</ele><time>2026-08-14T09:22:15.000Z</time></trkpt><trkpt lat="-8.07143408085911" lon="113.66302822342304"><ele>603.9</ele><time>2026-08-14T09:22:16.000Z</time></trkpt><trkpt lat="-8.071418180858702" lon="113.66301396675608"><ele>603.9</ele><time>2026-08-14T09:22:17.000Z</time></trkpt><trkpt lat="-8.071403557524977" lon="113.66299801675595"><ele>603.9</ele><time>2026-08-14T09:22:18.000Z</time></trkpt><trkpt lat="-8.071390987524495" lon="113.66297855675592"><ele>603.9</ele><time>2026-08-14T09:22:19.000Z</time></trkpt><trkpt lat="-8.071382304190768" lon="113.66295799008924"><ele>603.9</ele><time>2026-08-14T09:22:20.000Z</time></trkpt><trkpt lat="-8.071376030857248" lon="113.6629375700893"><ele>602.9</ele><time>2026-08-14T09:22:21.000Z</time></trkpt><trkpt lat="-8.071366987523623" lon="113.6629169134228"><ele>602.9</ele><time>2026-08-14T09:22:22.000Z</time></trkpt><trkpt lat="-8.07135537752339" lon="113.66289605008964"><ele>602.9</ele><time>2026-08-14T09:22:23.000Z</time></trkpt><trkpt lat="-8.071341837523102" lon="113.66287877675643"><ele>602.9</ele><time>2026-08-14T09:22:24.000Z</time></trkpt><trkpt lat="-8.071324620856071" lon="113.66286175675648"><ele>602.9</ele><time>2026-08-14T09:22:25.000Z</time></trkpt><trkpt lat="-8.071306427522345" lon="113.66284683675659"><ele>602.4</ele><time>2026-08-14T09:22:26.000Z</time></trkpt><trkpt lat="-8.071291107522155" lon="113.66283093342318"><ele>602.4</ele><time>2026-08-14T09:22:27.000Z</time></trkpt><trkpt lat="-8.071278974188626" lon="113.66281417342313"><ele>602.4</ele><time>2026-08-14T09:22:28.000Z</time></trkpt><trkpt lat="-8.07126975752186" lon="113.66279672342289"><ele>602.4</ele><time>2026-08-14T09:22:29.000Z</time></trkpt><trkpt lat="-8.071262994188498" lon="113.66277735008937"><ele>602.4</ele><time>2026-08-14T09:22:30.000Z</time></trkpt><trkpt lat="-8.071258695703683" lon="113.66275597039221"><ele>601.2</ele><time>2026-08-14T09:22:31.000Z</time></trkpt><trkpt lat="-8.071255780552189" lon="113.66273479887693"><ele>601.2</ele><time>2026-08-14T09:22:32.000Z</time></trkpt><trkpt lat="-8.071253258734028" lon="113.66271407130091"><ele>601.2</ele><time>2026-08-14T09:22:33.000Z</time></trkpt><trkpt lat="-8.071250180855275" lon="113.66269200220981"><ele>601.2</ele><time>2026-08-14T09:22:34.000Z</time></trkpt><trkpt lat="-8.071246678431061" lon="113.66267061827018"><ele>601.2</ele><time>2026-08-14T09:22:35.000Z</time></trkpt><trkpt lat="-8.071242471461348" lon="113.6626493479669"><ele>599.9</ele><time>2026-08-14T09:22:36.000Z</time></trkpt><trkpt lat="-8.07123716540076" lon="113.6626280903909"><ele>599.9</ele><time>2026-08-14T09:22:37.000Z</time></trkpt><trkpt lat="-8.071231471461353" lon="113.66260731917849"><ele>599.9</ele><time>2026-08-14T09:22:38.000Z</time></trkpt><trkpt lat="-8.0712250032795" lon="113.66258744948126"><ele>599.9</ele><time>2026-08-14T09:22:39.000Z</time></trkpt><trkpt lat="-8.071217080552236" lon="113.66256708705662"><ele>599.9</ele><time>2026-08-14T09:22:40.000Z</time></trkpt><trkpt lat="-8.071209195097635" lon="113.66254692857146"><ele>599.2</ele><time>2026-08-14T09:22:41.000Z</time></trkpt><trkpt lat="-8.071201496612687" lon="113.66252793069229"><ele>599.2</ele><time>2026-08-14T09:22:42.000Z</time></trkpt><trkpt lat="-8.07119294509749" lon="113.66250832584339"><ele>599.2</ele><time>2026-08-14T09:22:43.000Z</time></trkpt><trkpt lat="-8.071183868127827" lon="113.66248858978244"><ele>599.2</ele><time>2026-08-14T09:22:44.000Z</time></trkpt><trkpt lat="-8.071174330855204" lon="113.66247046341846"><ele>599.2</ele><time>2026-08-14T09:22:45.000Z</time></trkpt><trkpt lat="-8.071161697521765" lon="113.66245302008467"><ele>597.5</ele><time>2026-08-14T09:22:46.000Z</time></trkpt><trkpt lat="-8.071145600854802" lon="113.66243662341769"><ele>597.5</ele><time>2026-08-14T09:22:47.000Z</time></trkpt><trkpt lat="-8.071125830854191" lon="113.66242420341749"><ele>597.5</ele><time>2026-08-14T09:22:48.000Z</time></trkpt><trkpt lat="-8.071102824186566" lon="113.66241505008398"><ele>597.5</ele><time>2026-08-14T09:22:49.000Z</time></trkpt><trkpt lat="-8.071077324185273" lon="113.6624073900839"><ele>597.5</ele><time>2026-08-14T09:22:50.000Z</time></trkpt><trkpt lat="-8.071052064184055" lon="113.66240328341728"><ele>595.5</ele><time>2026-08-14T09:22:51.000Z</time></trkpt><trkpt lat="-8.071026274183083" lon="113.66240071341728"><ele>595.5</ele><time>2026-08-14T09:22:52.000Z</time></trkpt><trkpt lat="-8.071002310848948" lon="113.66239819008399"><ele>595.5</ele><time>2026-08-14T09:22:53.000Z</time></trkpt><trkpt lat="-8.070982347515038" lon="113.66239474341724"><ele>595.5</ele><time>2026-08-14T09:22:54.000Z</time></trkpt><trkpt lat="-8.07096705084805" lon="113.6623889600838"><ele>595.5</ele><time>2026-08-14T09:22:55.000Z</time></trkpt><trkpt lat="-8.070955740847886" lon="113.66237814675037"><ele>594.6</ele><time>2026-08-14T09:22:56.000Z</time></trkpt><trkpt lat="-8.07094858418109" lon="113.66236246675003"><ele>594.6</ele><time>2026-08-14T09:22:57.000Z</time></trkpt><trkpt lat="-8.070944787514389" lon="113.66234290674966"><ele>594.6</ele><time>2026-08-14T09:22:58.000Z</time></trkpt><trkpt lat="-8.07094138751438" lon="113.66232065674933"><ele>594.6</ele><time>2026-08-14T09:22:59.000Z</time></trkpt><trkpt lat="-8.070935924181061" lon="113.66229766341544"><ele>594.6</ele><time>2026-08-14T09:23:00.000Z</time></trkpt><trkpt lat="-8.070927394180853" lon="113.66227592008136"><ele>593.2</ele><time>2026-08-14T09:23:01.000Z</time></trkpt><trkpt lat="-8.07091655751387" lon="113.66225705674746"><ele>593.2</ele><time>2026-08-14T09:23:02.000Z</time></trkpt><trkpt lat="-8.070905210846885" lon="113.66224082341357"><ele>593.2</ele><time>2026-08-14T09:23:03.000Z</time></trkpt><trkpt lat="-8.070893237513229" lon="113.66222741007971"><ele>593.2</ele><time>2026-08-14T09:23:04.000Z</time></trkpt><trkpt lat="-8.070881580846166" lon="113.66221482674598"><ele>593.2</ele><time>2026-08-14T09:23:05.000Z</time></trkpt><trkpt lat="-8.0708730475127" lon="113.66220305674581"><ele>592.1</ele><time>2026-08-14T09:23:06.000Z</time></trkpt><trkpt lat="-8.070866480845975" lon="113.66219035007884"><ele>592.1</ele><time>2026-08-14T09:23:07.000Z</time></trkpt><trkpt lat="-8.070859414179234" lon="113.66217680007848"><ele>592.1</ele><time>2026-08-14T09:23:08.000Z</time></trkpt><trkpt lat="-8.070853067512505" lon="113.66216241674472"><ele>592.1</ele><time>2026-08-14T09:23:09.000Z</time></trkpt><trkpt lat="-8.070847097512496" lon="113.66214871341101"><ele>592.1</ele><time>2026-08-14T09:23:10.000Z</time></trkpt><trkpt lat="-8.07084100417914" lon="113.6621341067441"><ele>591.6</ele><time>2026-08-14T09:23:11.000Z</time></trkpt><trkpt lat="-8.070833440845803" lon="113.66212064007736"><ele>591.6</ele><time>2026-08-14T09:23:12.000Z</time></trkpt><trkpt lat="-8.07082517417906" lon="113.66210825674405"><ele>591.6</ele><time>2026-08-14T09:23:13.000Z</time></trkpt><trkpt lat="-8.07081787084566" lon="113.66209639674408"><ele>591.6</ele><time>2026-08-14T09:23:14.000Z</time></trkpt><trkpt lat="-8.07080875417888" lon="113.66208609674416"><ele>591.6</ele><time>2026-08-14T09:23:15.000Z</time></trkpt><trkpt lat="-8.07079769417864" lon="113.66207895007742"><ele>590.5</ele><time>2026-08-14T09:23:16.000Z</time></trkpt><trkpt lat="-8.070788860845028" lon="113.6620730000773"><ele>590.5</ele><time>2026-08-14T09:23:17.000Z</time></trkpt><trkpt lat="-8.070781897511504" lon="113.66206817341053"><ele>590.5</ele><time>2026-08-14T09:23:18.000Z</time></trkpt><trkpt lat="-8.070772507511382" lon="113.6620665634105"><ele>590.5</ele><time>2026-08-14T09:23:19.000Z</time></trkpt><trkpt lat="-8.070765744177939" lon="113.66206582007715"><ele>590.5</ele><time>2026-08-14T09:23:20.000Z</time></trkpt><trkpt lat="-8.070761260844625" lon="113.6620651600771"><ele>589.8</ele><time>2026-08-14T09:23:21.000Z</time></trkpt><trkpt lat="-8.070756194177998" lon="113.662063870077"><ele>589.8</ele><time>2026-08-14T09:23:22.000Z</time></trkpt><trkpt lat="-8.070750644178014" lon="113.66206234341023"><ele>589.8</ele><time>2026-08-14T09:23:23.000Z</time></trkpt><trkpt lat="-8.070744444178022" lon="113.66206066341013"><ele>589.8</ele><time>2026-08-14T09:23:24.000Z</time></trkpt><trkpt lat="-8.070737004177978" lon="113.66205875341002"><ele>589.8</ele><time>2026-08-14T09:23:25.000Z</time></trkpt><trkpt lat="-8.070727720844653" lon="113.66205764007664"><ele>589.5</ele><time>2026-08-14T09:23:26.000Z</time></trkpt><trkpt lat="-8.07071843417796" lon="113.66205802674328"><ele>589.5</ele><time>2026-08-14T09:23:27.000Z</time></trkpt><trkpt lat="-8.070708864177888" lon="113.66205862007659"><ele>589.5</ele><time>2026-08-14T09:23:28.000Z</time></trkpt><trkpt lat="-8.070700644177759" lon="113.66205568340993"><ele>589.5</ele><time>2026-08-14T09:23:29.000Z</time></trkpt><trkpt lat="-8.07069313417766" lon="113.6620515867432"><ele>589.5</ele><time>2026-08-14T09:23:30.000Z</time></trkpt><trkpt lat="-8.070684810844208" lon="113.66204639674314"><ele>589.0</ele><time>2026-08-14T09:23:31.000Z</time></trkpt><trkpt lat="-8.07067582751076" lon="113.66204254007644"><ele>589.0</ele><time>2026-08-14T09:23:32.000Z</time></trkpt><trkpt lat="-8.070667700844023" lon="113.66203925674309"><ele>589.0</ele><time>2026-08-14T09:23:33.000Z</time></trkpt><trkpt lat="-8.070660887510602" lon="113.66203821674306"><ele>589.0</ele><time>2026-08-14T09:23:34.000Z</time></trkpt><trkpt lat="-8.0706552508439" lon="113.66203839674306"><ele>589.0</ele><time>2026-08-14T09:23:35.000Z</time></trkpt><trkpt lat="-8.07065223084384" lon="113.66204006007642"><ele>588.5</ele><time>2026-08-14T09:23:36.000Z</time></trkpt><trkpt lat="-8.070650737510473" lon="113.66204049674312"><ele>588.5</ele><time>2026-08-14T09:23:37.000Z</time></trkpt><trkpt lat="-8.070649960843777" lon="113.66204202674314"><ele>588.5</ele><time>2026-08-14T09:23:38.000Z</time></trkpt><trkpt lat="-8.070649137510415" lon="113.66204410340985"><ele>588.5</ele><time>2026-08-14T09:23:39.000Z</time></trkpt><trkpt lat="-8.070647844177048" lon="113.66204639674325"><ele>588.5</ele><time>2026-08-14T09:23:40.000Z</time></trkpt><trkpt lat="-8.07064647751031" lon="113.66204844674328"><ele>588.3</ele><time>2026-08-14T09:23:41.000Z</time></trkpt><trkpt lat="-8.070644797510235" lon="113.66205074007667"><ele>588.3</ele><time>2026-08-14T09:23:42.000Z</time></trkpt><trkpt lat="-8.070642630843496" lon="113.66205209341001"><ele>588.3</ele><time>2026-08-14T09:23:43.000Z</time></trkpt><trkpt lat="-8.070640627510098" lon="113.66205232674334"><ele>588.3</ele><time>2026-08-14T09:23:44.000Z</time></trkpt><trkpt lat="-8.070638584176708" lon="113.66205169340999"><ele>588.3</ele><time>2026-08-14T09:23:45.000Z</time></trkpt><trkpt lat="-8.070635977510026" lon="113.6620505167433"><ele>587.9</ele><time>2026-08-14T09:23:46.000Z</time></trkpt><trkpt lat="-8.070632704176674" lon="113.66204896674328"><ele>587.9</ele><time>2026-08-14T09:23:47.000Z</time></trkpt><trkpt lat="-8.070628354176694" lon="113.66204760340993"><ele>587.9</ele><time>2026-08-14T09:23:48.000Z</time></trkpt><trkpt lat="-8.070622700843389" lon="113.66204677674327"><ele>587.9</ele><time>2026-08-14T09:23:49.000Z</time></trkpt><trkpt lat="-8.070616580843387" lon="113.66204684674328"><ele>587.9</ele><time>2026-08-14T09:23:50.000Z</time></trkpt><trkpt lat="-8.070610914176676" lon="113.66204730007664"><ele>587.0</ele><time>2026-08-14T09:23:51.000Z</time></trkpt><trkpt lat="-8.070606230843309" lon="113.66204749007666"><ele>587.0</ele><time>2026-08-14T09:23:52.000Z</time></trkpt><trkpt lat="-8.070602574176563" lon="113.66204720674334"><ele>587.0</ele><time>2026-08-14T09:23:53.000Z</time></trkpt><trkpt lat="-8.07060013417648" lon="113.66204701674334"><ele>587.0</ele><time>2026-08-14T09:23:54.000Z</time></trkpt><trkpt lat="-8.070598670843093" lon="113.66204658007669"><ele>587.0</ele><time>2026-08-14T09:23:55.000Z</time></trkpt><trkpt lat="-8.0705977841764" lon="113.66204594007665"><ele>585.7</ele><time>2026-08-14T09:23:56.000Z</time></trkpt><trkpt lat="-8.070597144176377" lon="113.66204553341"><ele>585.7</ele><time>2026-08-14T09:23:57.000Z</time></trkpt><trkpt lat="-8.070596760843035" lon="113.66204531007664"><ele>585.7</ele><time>2026-08-14T09:23:58.000Z</time></trkpt><trkpt lat="-8.070596760843035" lon="113.66204531007665"><ele>585.7</ele><time>2026-08-14T09:23:59.000Z</time></trkpt><trkpt lat="-8.070596760843035" lon="113.66204531007665"><ele>585.7</ele><time>2026-08-14T09:24:00.000Z</time></trkpt><trkpt lat="-8.070596760843035" lon="113.66204531007665"><ele>583.4</ele><time>2026-08-14T09:24:01.000Z</time></trkpt><trkpt lat="-8.070596760843035" lon="113.66204531007665"><ele>583.4</ele><time>2026-08-14T09:24:02.000Z</time></trkpt><trkpt lat="-8.070596760843035" lon="113.66204531007665"><ele>583.4</ele><time>2026-08-14T09:24:03.000Z</time></trkpt><trkpt lat="-8.070596760843035" lon="113.66204531007665"><ele>583.4</ele><time>2026-08-14T09:24:04.000Z</time></trkpt><trkpt lat="-8.070596760843035" lon="113.66204531007665"><ele>583.4</ele><time>2026-08-14T09:24:05.000Z</time></trkpt><trkpt lat="-8.070596760843035" lon="113.66204531007665"><ele>583.8</ele><time>2026-08-14T09:24:06.000Z</time></trkpt><trkpt lat="-8.070596760843035" lon="113.66204531007665"><ele>583.8</ele><time>2026-08-14T09:24:07.000Z</time></trkpt><trkpt lat="-8.070596760843035" lon="113.66204531007665"><ele>583.8</ele><time>2026-08-14T09:24:08.000Z</time></trkpt><trkpt lat="-8.070596800843038" lon="113.66204514007663"><ele>583.8</ele><time>2026-08-14T09:24:09.000Z</time></trkpt><trkpt lat="-8.07059670084303" lon="113.66204446340998"><ele>583.8</ele><time>2026-08-14T09:24:10.000Z</time></trkpt><trkpt lat="-8.070595837509705" lon="113.6620425867433"><ele>585.1</ele><time>2026-08-14T09:24:11.000Z</time></trkpt><trkpt lat="-8.070594507509686" lon="113.66203943340989"><ele>585.1</ele><time>2026-08-14T09:24:12.000Z</time></trkpt><trkpt lat="-8.070593514176338" lon="113.66203547340979"><ele>585.1</ele><time>2026-08-14T09:24:13.000Z</time></trkpt><trkpt lat="-8.070592147509654" lon="113.6620305834097"><ele>585.1</ele><time>2026-08-14T09:24:14.000Z</time></trkpt><trkpt lat="-8.070591577509662" lon="113.66202610007626"><ele>585.1</ele><time>2026-08-14T09:24:15.000Z</time></trkpt><trkpt lat="-8.070592617509659" lon="113.6620222534095"><ele>587.5</ele><time>2026-08-14T09:24:16.000Z</time></trkpt><trkpt lat="-8.070595230843072" lon="113.66201820674273"><ele>587.5</ele><time>2026-08-14T09:24:17.000Z</time></trkpt><trkpt lat="-8.070598764176523" lon="113.66201326340926"><ele>587.5</ele><time>2026-08-14T09:24:18.000Z</time></trkpt><trkpt lat="-8.070603774176604" lon="113.6620070767425"><ele>587.5</ele><time>2026-08-14T09:24:19.000Z</time></trkpt><trkpt lat="-8.070608330843339" lon="113.66199653674255"><ele>587.5</ele><time>2026-08-14T09:24:20.000Z</time></trkpt><trkpt lat="-8.070609864176756" lon="113.66198662007594"><ele>587.8</ele><time>2026-08-14T09:24:21.000Z</time></trkpt><trkpt lat="-8.070609207510072" lon="113.6619780400761"><ele>587.8</ele><time>2026-08-14T09:24:22.000Z</time></trkpt><trkpt lat="-8.070604787509982" lon="113.66196969674293"><ele>587.8</ele><time>2026-08-14T09:24:23.000Z</time></trkpt><trkpt lat="-8.070597454176626" lon="113.66196249340976"><ele>587.8</ele><time>2026-08-14T09:24:24.000Z</time></trkpt><trkpt lat="-8.070587454176543" lon="113.66195907674312"><ele>587.8</ele><time>2026-08-14T09:24:25.000Z</time></trkpt><trkpt lat="-8.070577720843023" lon="113.66195698340985"><ele>587.8</ele><time>2026-08-14T09:24:26.000Z</time></trkpt><trkpt lat="-8.070568307509564" lon="113.66195699007662"><ele>587.8</ele><time>2026-08-14T09:24:27.000Z</time></trkpt><trkpt lat="-8.070560947509458" lon="113.66195861674339"><ele>587.8</ele><time>2026-08-14T09:24:28.000Z</time></trkpt><trkpt lat="-8.070554307509257" lon="113.66196146341012"><ele>587.8</ele><time>2026-08-14T09:24:29.000Z</time></trkpt><trkpt lat="-8.070548797509108" lon="113.6619642934102"><ele>587.8</ele><time>2026-08-14T09:24:30.000Z</time></trkpt><trkpt lat="-8.070543024175764" lon="113.66196340007676"><ele>587.8</ele><time>2026-08-14T09:24:31.000Z</time></trkpt><trkpt lat="-8.070535697509083" lon="113.66196080340997"><ele>587.8</ele><time>2026-08-14T09:24:32.000Z</time></trkpt><trkpt lat="-8.070527787509036" lon="113.66195792007652"><ele>587.8</ele><time>2026-08-14T09:24:33.000Z</time></trkpt><trkpt lat="-8.070519600842335" lon="113.66195501674311"><ele>587.8</ele><time>2026-08-14T09:24:34.000Z</time></trkpt><trkpt lat="-8.07051125750891" lon="113.66195295340967"><ele>587.8</ele><time>2026-08-14T09:24:35.000Z</time></trkpt><trkpt lat="-8.070503897508804" lon="113.6619531634097"><ele>587.5</ele><time>2026-08-14T09:24:36.000Z</time></trkpt><trkpt lat="-8.070498030842014" lon="113.66195338674304"><ele>587.5</ele><time>2026-08-14T09:24:37.000Z</time></trkpt><trkpt lat="-8.070492080841976" lon="113.66195348674304"><ele>587.5</ele><time>2026-08-14T09:24:38.000Z</time></trkpt><trkpt lat="-8.070486584175338" lon="113.66195437340973"><ele>587.5</ele><time>2026-08-14T09:24:39.000Z</time></trkpt><trkpt lat="-8.070482127508777" lon="113.66195550007642"><ele>587.5</ele><time>2026-08-14T09:24:40.000Z</time></trkpt><trkpt lat="-8.070478230842197" lon="113.66195656007645"><ele>587.3</ele><time>2026-08-14T09:24:41.000Z</time></trkpt><trkpt lat="-8.07047220084217" lon="113.66195680340984"><ele>587.3</ele><time>2026-08-14T09:24:42.000Z</time></trkpt><trkpt lat="-8.070465357508684" lon="113.66195705340988"><ele>587.3</ele><time>2026-08-14T09:24:43.000Z</time></trkpt><trkpt lat="-8.07045783417518" lon="113.66195709340991"><ele>587.3</ele><time>2026-08-14T09:24:44.000Z</time></trkpt><trkpt lat="-8.070449944174994" lon="113.6619577567433"><ele>587.3</ele><time>2026-08-14T09:24:45.000Z</time></trkpt><trkpt lat="-8.070441847508107" lon="113.66195946674334"><ele>586.9</ele><time>2026-08-14T09:24:46.000Z</time></trkpt><trkpt lat="-8.07043570417461" lon="113.66196275341001"><ele>586.9</ele><time>2026-08-14T09:24:47.000Z</time></trkpt><trkpt lat="-8.07043022417447" lon="113.66196705341004"><ele>586.9</ele><time>2026-08-14T09:24:48.000Z</time></trkpt><trkpt lat="-8.070424930841009" lon="113.66197162674341"><ele>586.9</ele><time>2026-08-14T09:24:49.000Z</time></trkpt><trkpt lat="-8.070419324174157" lon="113.66197676341017"><ele>586.9</ele><time>2026-08-14T09:24:50.000Z</time></trkpt><trkpt lat="-8.070413540840612" lon="113.66198227674366"><ele>586.8</ele><time>2026-08-14T09:24:51.000Z</time></trkpt><trkpt lat="-8.070406340840377" lon="113.66198651674381"><ele>586.8</ele><time>2026-08-14T09:24:52.000Z</time></trkpt><trkpt lat="-8.07039870417351" lon="113.66199057341062"><ele>586.8</ele><time>2026-08-14T09:24:53.000Z</time></trkpt><trkpt lat="-8.070391134173283" lon="113.66199437674405"><ele>586.8</ele><time>2026-08-14T09:24:54.000Z</time></trkpt><trkpt lat="-8.07038225083969" lon="113.66199510007736"><ele>586.8</ele><time>2026-08-14T09:24:55.000Z</time></trkpt><trkpt lat="-8.070373380839447" lon="113.66199545341058"><ele>586.8</ele><time>2026-08-14T09:24:56.000Z</time></trkpt><trkpt lat="-8.070366190839305" lon="113.66199450674382"><ele>586.8</ele><time>2026-08-14T09:24:57.000Z</time></trkpt><trkpt lat="-8.070359044172468" lon="113.66199331674375"><ele>586.8</ele><time>2026-08-14T09:24:58.000Z</time></trkpt><trkpt lat="-8.070350417505665" lon="113.66199156341034"><ele>586.8</ele><time>2026-08-14T09:24:59.000Z</time></trkpt><trkpt lat="-8.070342084172335" lon="113.66199176341028"><ele>586.8</ele><time>2026-08-14T09:25:00.000Z</time></trkpt><trkpt lat="-8.070332890838982" lon="113.66199216007696"><ele>587.0</ele><time>2026-08-14T09:25:01.000Z</time></trkpt><trkpt lat="-8.070322944172297" lon="113.66199476341028"><ele>587.0</ele><time>2026-08-14T09:25:02.000Z</time></trkpt><trkpt lat="-8.070313077505602" lon="113.66199884341026"><ele>587.0</ele><time>2026-08-14T09:25:03.000Z</time></trkpt><trkpt lat="-8.070304370838915" lon="113.6620022100769"><ele>587.0</ele><time>2026-08-14T09:25:04.000Z</time></trkpt><trkpt lat="-8.070295330838812" lon="113.66200454341023"><ele>587.0</ele><time>2026-08-14T09:25:05.000Z</time></trkpt><trkpt lat="-8.070286387505414" lon="113.66200655674359"><ele>587.2</ele><time>2026-08-14T09:25:06.000Z</time></trkpt><trkpt lat="-8.070277670838633" lon="113.66200757007695"><ele>587.2</ele><time>2026-08-14T09:25:07.000Z</time></trkpt><trkpt lat="-8.070269270838557" lon="113.66200664341031"><ele>587.2</ele><time>2026-08-14T09:25:08.000Z</time></trkpt><trkpt lat="-8.070262257505107" lon="113.66200634674367"><ele>587.2</ele><time>2026-08-14T09:25:09.000Z</time></trkpt><trkpt lat="-8.070257067505022" lon="113.66200582341033"><ele>587.2</ele><time>2026-08-14T09:25:10.000Z</time></trkpt><trkpt lat="-8.070252397504925" lon="113.662003040077"><ele>587.5</ele><time>2026-08-14T09:25:11.000Z</time></trkpt><trkpt lat="-8.070248427504868" lon="113.66200028007702"><ele>587.5</ele><time>2026-08-14T09:25:12.000Z</time></trkpt><trkpt lat="-8.070245720838178" lon="113.66199686341034"><ele>587.5</ele><time>2026-08-14T09:25:13.000Z</time></trkpt><trkpt lat="-8.0702433241715" lon="113.66199277007699"><ele>587.5</ele><time>2026-08-14T09:25:14.000Z</time></trkpt><trkpt lat="-8.070241434171482" lon="113.66198853674368"><ele>587.5</ele><time>2026-08-14T09:25:15.000Z</time></trkpt><trkpt lat="-8.070239837504833" lon="113.66198510674364"><ele>587.9</ele><time>2026-08-14T09:25:16.000Z</time></trkpt><trkpt lat="-8.070237324171508" lon="113.66198074674362"><ele>587.9</ele><time>2026-08-14T09:25:17.000Z</time></trkpt><trkpt lat="-8.070234180838167" lon="113.66197628674362"><ele>587.9</ele><time>2026-08-14T09:25:18.000Z</time></trkpt><trkpt lat="-8.070230850838161" lon="113.66197124674356"><ele>587.9</ele><time>2026-08-14T09:25:19.000Z</time></trkpt><trkpt lat="-8.070227337504814" lon="113.66196641674351"><ele>587.9</ele><time>2026-08-14T09:25:20.000Z</time></trkpt><trkpt lat="-8.070224054171451" lon="113.66196121674348"><ele>588.1</ele><time>2026-08-14T09:25:21.000Z</time></trkpt><trkpt lat="-8.070221210838085" lon="113.66195614007674"><ele>588.1</ele><time>2026-08-14T09:25:22.000Z</time></trkpt><trkpt lat="-8.070217114171317" lon="113.66195061007666"><ele>588.1</ele><time>2026-08-14T09:25:23.000Z</time></trkpt><trkpt lat="-8.070211454171176" lon="113.66194481340995"><ele>588.1</ele><time>2026-08-14T09:25:24.000Z</time></trkpt><trkpt lat="-8.070204367504356" lon="113.66193859007663"><ele>588.1</ele><time>2026-08-14T09:25:25.000Z</time></trkpt><trkpt lat="-8.070196214170869" lon="113.66193324340995"><ele>588.2</ele><time>2026-08-14T09:25:26.000Z</time></trkpt><trkpt lat="-8.070187537504031" lon="113.66192818674328"><ele>588.2</ele><time>2026-08-14T09:25:27.000Z</time></trkpt><trkpt lat="-8.07017912083724" lon="113.66192374007665"><ele>588.2</ele><time>2026-08-14T09:25:28.000Z</time></trkpt><trkpt lat="-8.070170087503866" lon="113.66192089674334"><ele>588.2</ele><time>2026-08-14T09:25:29.000Z</time></trkpt><trkpt lat="-8.07016038083715" lon="113.66191981341001"><ele>588.2</ele><time>2026-08-14T09:25:30.000Z</time></trkpt><trkpt lat="-8.070150210837102" lon="113.66191873007668"><ele>588.4</ele><time>2026-08-14T09:25:31.000Z</time></trkpt><trkpt lat="-8.070139200837113" lon="113.66191871674332"><ele>588.4</ele><time>2026-08-14T09:25:32.000Z</time></trkpt><trkpt lat="-8.070128344170481" lon="113.66191984674336"><ele>588.4</ele><time>2026-08-14T09:25:33.000Z</time></trkpt><trkpt lat="-8.070118154170464" lon="113.66192121007671"><ele>588.4</ele><time>2026-08-14T09:25:34.000Z</time></trkpt><trkpt lat="-8.07010808083712" lon="113.6619219500767"><ele>588.4</ele><time>2026-08-14T09:25:35.000Z</time></trkpt><trkpt lat="-8.070098377503767" lon="113.66192300341004"><ele>589.1</ele><time>2026-08-14T09:25:36.000Z</time></trkpt><trkpt lat="-8.070089480837037" lon="113.66192291007674"><ele>589.1</ele><time>2026-08-14T09:25:37.000Z</time></trkpt><trkpt lat="-8.070080337503612" lon="113.66192101674343"><ele>589.1</ele><time>2026-08-14T09:25:38.000Z</time></trkpt><trkpt lat="-8.07007117083685" lon="113.66191843007682"><ele>589.1</ele><time>2026-08-14T09:25:39.000Z</time></trkpt><trkpt lat="-8.070062307503441" lon="113.66191508007687"><ele>589.1</ele><time>2026-08-14T09:25:40.000Z</time></trkpt><trkpt lat="-8.070053454170125" lon="113.66191036674361"><ele>589.5</ele><time>2026-08-14T09:25:41.000Z</time></trkpt><trkpt lat="-8.070044270836757" lon="113.66190626007699"><ele>589.5</ele><time>2026-08-14T09:25:42.000Z</time></trkpt><trkpt lat="-8.070034937503504" lon="113.66190312674368"><ele>589.5</ele><time>2026-08-14T09:25:43.000Z</time></trkpt><trkpt lat="-8.070024260836927" lon="113.66190017341039"><ele>589.5</ele><time>2026-08-14T09:25:44.000Z</time></trkpt><trkpt lat="-8.070012310837033" lon="113.66189746674377"><ele>589.5</ele><time>2026-08-14T09:25:45.000Z</time></trkpt><trkpt lat="-8.069999650837005" lon="113.66189631007713"><ele>590.2</ele><time>2026-08-14T09:25:46.000Z</time></trkpt><trkpt lat="-8.069986704170443" lon="113.66189600341049"><ele>590.2</ele><time>2026-08-14T09:25:47.000Z</time></trkpt><trkpt lat="-8.069973697503759" lon="113.66189633674387"><ele>590.2</ele><time>2026-08-14T09:25:48.000Z</time></trkpt><trkpt lat="-8.069961510836936" lon="113.66189732007726"><ele>590.2</ele><time>2026-08-14T09:25:49.000Z</time></trkpt><trkpt lat="-8.069950330836662" lon="113.66189873341064"><ele>590.2</ele><time>2026-08-14T09:25:50.000Z</time></trkpt><trkpt lat="-8.06993935416967" lon="113.66189966341067"><ele>590.9</ele><time>2026-08-14T09:25:51.000Z</time></trkpt><trkpt lat="-8.069928557502626" lon="113.66189888341064"><ele>590.9</ele><time>2026-08-14T09:25:52.000Z</time></trkpt><trkpt lat="-8.069917850835559" lon="113.66189650674396"><ele>590.9</ele><time>2026-08-14T09:25:53.000Z</time></trkpt><trkpt lat="-8.069907820835306" lon="113.66189214674387"><ele>590.9</ele><time>2026-08-14T09:25:54.000Z</time></trkpt><trkpt lat="-8.069898680835136" lon="113.66188631007712"><ele>590.9</ele><time>2026-08-14T09:25:55.000Z</time></trkpt><trkpt lat="-8.069890420835067" lon="113.6618798467437"><ele>591.3</ele><time>2026-08-14T09:25:56.000Z</time></trkpt><trkpt lat="-8.069882430834921" lon="113.66187371007695"><ele>591.3</ele><time>2026-08-14T09:25:57.000Z</time></trkpt><trkpt lat="-8.06987411416809" lon="113.66186789674357"><ele>591.3</ele><time>2026-08-14T09:25:58.000Z</time></trkpt><trkpt lat="-8.069864734167846" lon="113.6618629034102"><ele>591.3</ele><time>2026-08-14T09:25:59.000Z</time></trkpt><trkpt lat="-8.069853854167665" lon="113.66185851341022"><ele>591.3</ele><time>2026-08-14T09:26:00.000Z</time></trkpt><trkpt lat="-8.06984202083423" lon="113.66185438007692"><ele>592.1</ele><time>2026-08-14T09:26:01.000Z</time></trkpt><trkpt lat="-8.069829617500883" lon="113.66185022341031"><ele>592.1</ele><time>2026-08-14T09:26:02.000Z</time></trkpt><trkpt lat="-8.069817730834265" lon="113.6618465167436"><ele>592.1</ele><time>2026-08-14T09:26:03.000Z</time></trkpt><trkpt lat="-8.069806577501115" lon="113.6618428000769"><ele>592.1</ele><time>2026-08-14T09:26:04.000Z</time></trkpt><trkpt lat="-8.069795907501268" lon="113.66183966674346"><ele>592.1</ele><time>2026-08-14T09:26:05.000Z</time></trkpt><trkpt lat="-8.069784450834552" lon="113.66183652674337"><ele>592.9</ele><time>2026-08-14T09:26:06.000Z</time></trkpt><trkpt lat="-8.069771527501114" lon="113.66183368340998"><ele>592.9</ele><time>2026-08-14T09:26:07.000Z</time></trkpt><trkpt lat="-8.069756080834372" lon="113.66183078007661"><ele>592.9</ele><time>2026-08-14T09:26:08.000Z</time></trkpt><trkpt lat="-8.069739100834266" lon="113.66182796340993"><ele>592.9</ele><time>2026-08-14T09:26:09.000Z</time></trkpt><trkpt lat="-8.0697221608341" lon="113.66182482674326"><ele>592.9</ele><time>2026-08-14T09:26:10.000Z</time></trkpt><trkpt lat="-8.069707704167403" lon="113.66182179674324"><ele>593.3</ele><time>2026-08-14T09:26:11.000Z</time></trkpt><trkpt lat="-8.069696767500727" lon="113.66181935007656"><ele>593.3</ele><time>2026-08-14T09:26:12.000Z</time></trkpt><trkpt lat="-8.069688040834123" lon="113.66181797007656"><ele>593.3</ele><time>2026-08-14T09:26:13.000Z</time></trkpt><trkpt lat="-8.06967961750087" lon="113.66181733674323"><ele>593.3</ele><time>2026-08-14T09:26:14.000Z</time></trkpt><trkpt lat="-8.069669184167468" lon="113.66181756674322"><ele>593.3</ele><time>2026-08-14T09:26:15.000Z</time></trkpt><trkpt lat="-8.06965776083402" lon="113.66181791007656"><ele>594.0</ele><time>2026-08-14T09:26:16.000Z</time></trkpt><trkpt lat="-8.069645044167228" lon="113.66181783674324"><ele>594.0</ele><time>2026-08-14T09:26:17.000Z</time></trkpt><trkpt lat="-8.06963277083369" lon="113.66181692674327"><ele>594.0</ele><time>2026-08-14T09:26:18.000Z</time></trkpt><trkpt lat="-8.069621124166826" lon="113.66181569007661"><ele>594.0</ele><time>2026-08-14T09:26:19.000Z</time></trkpt><trkpt lat="-8.069610114166943" lon="113.66181462340997"><ele>594.0</ele><time>2026-08-14T09:26:20.000Z</time></trkpt><trkpt lat="-8.069597954167142" lon="113.66181437674331"><ele>594.4</ele><time>2026-08-14T09:26:21.000Z</time></trkpt><trkpt lat="-8.069584470833991" lon="113.66181466674334"><ele>594.4</ele><time>2026-08-14T09:26:22.000Z</time></trkpt><trkpt lat="-8.069570450834247" lon="113.66181526340999"><ele>594.4</ele><time>2026-08-14T09:26:23.000Z</time></trkpt><trkpt lat="-8.06955715750103" lon="113.66181611674335"><ele>594.4</ele><time>2026-08-14T09:26:24.000Z</time></trkpt><trkpt lat="-8.069545514167638" lon="113.66181660007669"><ele>594.4</ele><time>2026-08-14T09:26:25.000Z</time></trkpt><trkpt lat="-8.069534194167568" lon="113.66181688341003"><ele>594.6</ele><time>2026-08-14T09:26:26.000Z</time></trkpt><trkpt lat="-8.069522654167393" lon="113.66181708674335"><ele>594.6</ele><time>2026-08-14T09:26:27.000Z</time></trkpt><trkpt lat="-8.069510177500463" lon="113.66181774674332"><ele>594.6</ele><time>2026-08-14T09:26:28.000Z</time></trkpt><trkpt lat="-8.069497210833505" lon="113.66181874007665"><ele>594.6</ele><time>2026-08-14T09:26:29.000Z</time></trkpt><trkpt lat="-8.069484130833237" lon="113.66182024340999"><ele>594.6</ele><time>2026-08-14T09:26:30.000Z</time></trkpt><trkpt lat="-8.069471880832927" lon="113.66182214340998"><ele>595.0</ele><time>2026-08-14T09:26:31.000Z</time></trkpt><trkpt lat="-8.069460694166136" lon="113.66182490007668"><ele>595.0</ele><time>2026-08-14T09:26:32.000Z</time></trkpt><trkpt lat="-8.06944996416595" lon="113.66182816341009"><ele>595.0</ele><time>2026-08-14T09:26:33.000Z</time></trkpt><trkpt lat="-8.069438924165896" lon="113.66183177007682"><ele>595.0</ele><time>2026-08-14T09:26:34.000Z</time></trkpt><trkpt lat="-8.069426990832607" lon="113.6618355534102"><ele>595.0</ele><time>2026-08-14T09:26:35.000Z</time></trkpt><trkpt lat="-8.069413757499301" lon="113.66183923007695"><ele>595.6</ele><time>2026-08-14T09:26:36.000Z</time></trkpt><trkpt lat="-8.069399624165822" lon="113.66184250007697"><ele>595.6</ele><time>2026-08-14T09:26:37.000Z</time></trkpt><trkpt lat="-8.06938564749917" lon="113.66184483674365"><ele>595.6</ele><time>2026-08-14T09:26:38.000Z</time></trkpt><trkpt lat="-8.069372594165813" lon="113.66184635674362"><ele>595.6</ele><time>2026-08-14T09:26:39.000Z</time></trkpt><trkpt lat="-8.069360890832401" lon="113.66184696674361"><ele>595.6</ele><time>2026-08-14T09:26:40.000Z</time></trkpt><trkpt lat="-8.069349907499003" lon="113.66184689007692"><ele>596.0</ele><time>2026-08-14T09:26:41.000Z</time></trkpt><trkpt lat="-8.069339574165614" lon="113.66184622341022"><ele>596.0</ele><time>2026-08-14T09:26:42.000Z</time></trkpt><trkpt lat="-8.069328334165531" lon="113.6618454834102"><ele>596.0</ele><time>2026-08-14T09:26:43.000Z</time></trkpt><trkpt lat="-8.069315540832116" lon="113.66184509007687"><ele>596.0</ele><time>2026-08-14T09:26:44.000Z</time></trkpt><trkpt lat="-8.06930176083202" lon="113.66184498341022"><ele>596.0</ele><time>2026-08-14T09:26:45.000Z</time></trkpt><trkpt lat="-8.069288050831927" lon="113.66184498674356"><ele>596.7</ele><time>2026-08-14T09:26:46.000Z</time></trkpt><trkpt lat="-8.06927464749855" lon="113.66184486674356"><ele>596.7</ele><time>2026-08-14T09:26:47.000Z</time></trkpt><trkpt lat="-8.069262834165087" lon="113.66184444007688"><ele>596.7</ele><time>2026-08-14T09:26:48.000Z</time></trkpt><trkpt lat="-8.069252074164837" lon="113.66184368674354"><ele>596.7</ele><time>2026-08-14T09:26:49.000Z</time></trkpt><trkpt lat="-8.069242327497857" lon="113.66184275674352"><ele>596.7</ele><time>2026-08-14T09:26:50.000Z</time></trkpt><trkpt lat="-8.069233037497588" lon="113.66184194341017"><ele>597.4</ele><time>2026-08-14T09:26:51.000Z</time></trkpt><trkpt lat="-8.069223684164042" lon="113.66184070007685"><ele>597.4</ele><time>2026-08-14T09:26:52.000Z</time></trkpt><trkpt lat="-8.069214404163866" lon="113.66183871007686"><ele>597.4</ele><time>2026-08-14T09:26:53.000Z</time></trkpt><trkpt lat="-8.06920496416371" lon="113.66183594674351"><ele>597.4</ele><time>2026-08-14T09:26:54.000Z</time></trkpt><trkpt lat="-8.069195030830375" lon="113.66183299007682"><ele>597.4</ele><time>2026-08-14T09:26:55.000Z</time></trkpt><trkpt lat="-8.069184397496889" lon="113.66182967674347"><ele>597.6</ele><time>2026-08-14T09:26:56.000Z</time></trkpt><trkpt lat="-8.069173957496812" lon="113.66182682674344"><ele>597.6</ele><time>2026-08-14T09:26:57.000Z</time></trkpt><trkpt lat="-8.069163020829974" lon="113.6618253167434"><ele>597.6</ele><time>2026-08-14T09:26:58.000Z</time></trkpt><trkpt lat="-8.069152434163158" lon="113.66182507341007"><ele>597.6</ele><time>2026-08-14T09:26:59.000Z</time></trkpt><trkpt lat="-8.069142124162996" lon="113.66182489007672"><ele>597.6</ele><time>2026-08-14T09:27:00.000Z</time></trkpt><trkpt lat="-8.069132720829632" lon="113.66182462007673"><ele>598.1</ele><time>2026-08-14T09:27:01.000Z</time></trkpt><trkpt lat="-8.069123764162885" lon="113.66182436007675"><ele>598.1</ele><time>2026-08-14T09:27:02.000Z</time></trkpt><trkpt lat="-8.069115444162904" lon="113.6618236367434"><ele>598.1</ele><time>2026-08-14T09:27:03.000Z</time></trkpt><trkpt lat="-8.069106897496304" lon="113.66182204341003"><ele>598.1</ele><time>2026-08-14T09:27:04.000Z</time></trkpt><trkpt lat="-8.069098174162905" lon="113.66182053674333"><ele>598.1</ele><time>2026-08-14T09:27:05.000Z</time></trkpt><trkpt lat="-8.069088710829414" lon="113.66181909007665"><ele>598.6</ele><time>2026-08-14T09:27:06.000Z</time></trkpt><trkpt lat="-8.06907787082928" lon="113.66181761340995"><ele>598.6</ele><time>2026-08-14T09:27:07.000Z</time></trkpt><trkpt lat="-8.069065807495862" lon="113.66181576340989"><ele>598.6</ele><time>2026-08-14T09:27:08.000Z</time></trkpt><trkpt lat="-8.069054237495838" lon="113.66181386007648"><ele>598.6</ele><time>2026-08-14T09:27:09.000Z</time></trkpt><trkpt lat="-8.069043184162542" lon="113.66181193007642"><ele>598.6</ele><time>2026-08-14T09:27:10.000Z</time></trkpt><trkpt lat="-8.069032927495991" lon="113.66180988340969"><ele>599.0</ele><time>2026-08-14T09:27:11.000Z</time></trkpt><trkpt lat="-8.069023727496019" lon="113.66180794340963"><ele>599.0</ele><time>2026-08-14T09:27:12.000Z</time></trkpt><trkpt lat="-8.069015007495983" lon="113.66180618674291"><ele>599.0</ele><time>2026-08-14T09:27:13.000Z</time></trkpt><trkpt lat="-8.069005854162466" lon="113.66180440340956"><ele>599.0</ele><time>2026-08-14T09:27:14.000Z</time></trkpt><trkpt lat="-8.068996667495627" lon="113.66180195340954"><ele>599.0</ele><time>2026-08-14T09:27:15.000Z</time></trkpt><trkpt lat="-8.06898773749547" lon="113.6617986867428"><ele>600.0</ele><time>2026-08-14T09:27:16.000Z</time></trkpt><trkpt lat="-8.068975857495257" lon="113.66179534340938"><ele>600.0</ele><time>2026-08-14T09:27:17.000Z</time></trkpt><trkpt lat="-8.068964634161675" lon="113.66179107674262"><ele>600.0</ele><time>2026-08-14T09:27:18.000Z</time></trkpt><trkpt lat="-8.068954120828227" lon="113.6617869034092"><ele>600.0</ele><time>2026-08-14T09:27:19.000Z</time></trkpt><trkpt lat="-8.068943407494753" lon="113.66178397340911"><ele>600.0</ele><time>2026-08-14T09:27:20.000Z</time></trkpt><trkpt lat="-8.068931040827879" lon="113.66178164674243"><ele>601.3</ele><time>2026-08-14T09:27:21.000Z</time></trkpt><trkpt lat="-8.068921150827848" lon="113.6617794634091"><ele>601.3</ele><time>2026-08-14T09:27:22.000Z</time></trkpt><trkpt lat="-8.068909657494554" lon="113.66177815340912"><ele>601.3</ele><time>2026-08-14T09:27:23.000Z</time></trkpt><trkpt lat="-8.068896174161296" lon="113.66177771340911"><ele>601.3</ele><time>2026-08-14T09:27:24.000Z</time></trkpt><trkpt lat="-8.068882337494653" lon="113.66177649674243"><ele>601.3</ele><time>2026-08-14T09:27:25.000Z</time></trkpt><trkpt lat="-8.068869094161467" lon="113.66177562674241"><ele>601.9</ele><time>2026-08-14T09:27:26.000Z</time></trkpt><trkpt lat="-8.068855154161607" lon="113.66177459340904"><ele>601.9</ele><time>2026-08-14T09:27:27.000Z</time></trkpt><trkpt lat="-8.068840797495085" lon="113.66177357674238"><ele>601.9</ele><time>2026-08-14T09:27:28.000Z</time></trkpt><trkpt lat="-8.068827300828584" lon="113.66177232340904"><ele>601.9</ele><time>2026-08-14T09:27:29.000Z</time></trkpt><trkpt lat="-8.068814224162107" lon="113.66177127674234"><ele>601.9</ele><time>2026-08-14T09:27:30.000Z</time></trkpt><trkpt lat="-8.068801464162224" lon="113.66177026007566"><ele>603.0</ele><time>2026-08-14T09:27:31.000Z</time></trkpt><trkpt lat="-8.068789724162343" lon="113.66176919007562"><ele>603.0</ele><time>2026-08-14T09:27:32.000Z</time></trkpt><trkpt lat="-8.06877939082906" lon="113.66176839340892"><ele>603.0</ele><time>2026-08-14T09:27:33.000Z</time></trkpt><trkpt lat="-8.06876950749565" lon="113.66176665007552"><ele>603.0</ele><time>2026-08-14T09:27:34.000Z</time></trkpt><trkpt lat="-8.06875854416233" lon="113.66176279674212"><ele>603.0</ele><time>2026-08-14T09:27:35.000Z</time></trkpt><trkpt lat="-8.068746627495647" lon="113.66175777007534"><ele>603.6</ele><time>2026-08-14T09:27:36.000Z</time></trkpt><trkpt lat="-8.068734454162284" lon="113.66175253007523"><ele>603.6</ele><time>2026-08-14T09:27:37.000Z</time></trkpt><trkpt lat="-8.068722660829005" lon="113.66174866007513"><ele>603.6</ele><time>2026-08-14T09:27:38.000Z</time></trkpt><trkpt lat="-8.06871073749581" lon="113.66174734674173"><ele>603.6</ele><time>2026-08-14T09:27:39.000Z</time></trkpt><trkpt lat="-8.068699167495783" lon="113.66175089674184"><ele>603.6</ele><time>2026-08-14T09:27:40.000Z</time></trkpt><trkpt lat="-8.068689164162445" lon="113.66175681340869"><ele>603.6</ele><time>2026-08-14T09:27:41.000Z</time></trkpt><trkpt lat="-8.06867907082913" lon="113.66176512007553"><ele>603.6</ele><time>2026-08-14T09:27:42.000Z</time></trkpt><trkpt lat="-8.068668294162379" lon="113.66177399340897"><ele>603.6</ele><time>2026-08-14T09:27:43.000Z</time></trkpt><trkpt lat="-8.068658220828928" lon="113.66178192674245"><ele>603.6</ele><time>2026-08-14T09:27:44.000Z</time></trkpt><trkpt lat="-8.068648347495612" lon="113.66178808007578"><ele>603.6</ele><time>2026-08-14T09:27:45.000Z</time></trkpt><trkpt lat="-8.068636677495629" lon="113.66179385340908"><ele>603.3</ele><time>2026-08-14T09:27:46.000Z</time></trkpt><trkpt lat="-8.068625134162197" lon="113.66179815340908"><ele>603.3</ele><time>2026-08-14T09:27:47.000Z</time></trkpt><trkpt lat="-8.068613524162124" lon="113.66180092674244"><ele>603.3</ele><time>2026-08-14T09:27:48.000Z</time></trkpt><trkpt lat="-8.068600950828706" lon="113.66180355340916"><ele>603.3</ele><time>2026-08-14T09:27:49.000Z</time></trkpt><trkpt lat="-8.068588054161967" lon="113.66180599007589"><ele>603.3</ele><time>2026-08-14T09:27:50.000Z</time></trkpt><trkpt lat="-8.0685757574952" lon="113.66180890674268"><ele>603.2</ele><time>2026-08-14T09:27:51.000Z</time></trkpt><trkpt lat="-8.068563374161824" lon="113.66181241007614"><ele>603.2</ele><time>2026-08-14T09:27:52.000Z</time></trkpt><trkpt lat="-8.068551080828424" lon="113.66181506007626"><ele>603.2</ele><time>2026-08-14T09:27:53.000Z</time></trkpt><trkpt lat="-8.068539114161709" lon="113.66181691007634"><ele>603.2</ele><time>2026-08-14T09:27:54.000Z</time></trkpt><trkpt lat="-8.068527257494939" lon="113.66181889007643"><ele>603.2</ele><time>2026-08-14T09:27:55.000Z</time></trkpt><trkpt lat="-8.068515887494836" lon="113.66181993674317"><ele>603.4</ele><time>2026-08-14T09:27:56.000Z</time></trkpt><trkpt lat="-8.068504487494668" lon="113.66182060674319"><ele>603.4</ele><time>2026-08-14T09:27:57.000Z</time></trkpt><trkpt lat="-8.068492447494586" lon="113.66182314340992"><ele>603.4</ele><time>2026-08-14T09:27:58.000Z</time></trkpt><trkpt lat="-8.068479627494577" lon="113.66182709007663"><ele>603.4</ele><time>2026-08-14T09:27:59.000Z</time></trkpt><trkpt lat="-8.06846709082795" lon="113.66183059340992"><ele>603.4</ele><time>2026-08-14T09:28:00.000Z</time></trkpt><trkpt lat="-8.068454890827995" lon="113.66183365674324"><ele>604.3</ele><time>2026-08-14T09:28:01.000Z</time></trkpt><trkpt lat="-8.06844242749463" lon="113.66183561007657"><ele>604.3</ele><time>2026-08-14T09:28:02.000Z</time></trkpt><trkpt lat="-8.068430354161228" lon="113.6618366100765"><ele>604.3</ele><time>2026-08-14T09:28:03.000Z</time></trkpt><trkpt lat="-8.068419474161047" lon="113.66183580007649"><ele>604.3</ele><time>2026-08-14T09:28:04.000Z</time></trkpt><trkpt lat="-8.068408050827438" lon="113.66183435007648"><ele>604.3</ele><time>2026-08-14T09:28:05.000Z</time></trkpt><trkpt lat="-8.068397040827126" lon="113.66183284674312"><ele>605.5</ele><time>2026-08-14T09:28:06.000Z</time></trkpt><trkpt lat="-8.068387947493573" lon="113.66183164007643"><ele>605.5</ele><time>2026-08-14T09:28:07.000Z</time></trkpt><trkpt lat="-8.068380807493359" lon="113.66183037340974"><ele>605.5</ele><time>2026-08-14T09:28:08.000Z</time></trkpt><trkpt lat="-8.068373367493155" lon="113.6618300767431"><ele>605.5</ele><time>2026-08-14T09:28:09.000Z</time></trkpt><trkpt lat="-8.068366400826374" lon="113.66183010674312"><ele>605.5</ele><time>2026-08-14T09:28:10.000Z</time></trkpt><trkpt lat="-8.068356867493094" lon="113.66183083674316"><ele>606.0</ele><time>2026-08-14T09:28:11.000Z</time></trkpt><trkpt lat="-8.068343147493284" lon="113.66183179340985"><ele>606.0</ele><time>2026-08-14T09:28:12.000Z</time></trkpt><trkpt lat="-8.068327277493369" lon="113.66183117007657"><ele>606.0</ele><time>2026-08-14T09:28:13.000Z</time></trkpt><trkpt lat="-8.068311467493364" lon="113.66182931340988"><ele>606.0</ele><time>2026-08-14T09:28:14.000Z</time></trkpt><trkpt lat="-8.068295350826645" lon="113.66182621340991"><ele>606.0</ele><time>2026-08-14T09:28:15.000Z</time></trkpt><trkpt lat="-8.068280087493218" lon="113.66182072674319"><ele>606.4</ele><time>2026-08-14T09:28:16.000Z</time></trkpt><trkpt lat="-8.068266980826252" lon="113.66181449340982"><ele>606.4</ele><time>2026-08-14T09:28:17.000Z</time></trkpt><trkpt lat="-8.068253994159324" lon="113.66180833674305"><ele>606.4</ele><time>2026-08-14T09:28:18.000Z</time></trkpt><trkpt lat="-8.068239274159325" lon="113.66180067340967"><ele>606.4</ele><time>2026-08-14T09:28:19.000Z</time></trkpt><trkpt lat="-8.068223984159413" lon="113.66179332674287"><ele>606.4</ele><time>2026-08-14T09:28:20.000Z</time></trkpt><trkpt lat="-8.068209200826137" lon="113.66178639674277"><ele>606.3</ele><time>2026-08-14T09:28:21.000Z</time></trkpt><trkpt lat="-8.068194854159493" lon="113.66177928007599"><ele>606.3</ele><time>2026-08-14T09:28:22.000Z</time></trkpt><trkpt lat="-8.068182027492863" lon="113.66177261674257"><ele>606.3</ele><time>2026-08-14T09:28:23.000Z</time></trkpt><trkpt lat="-8.068169877492727" lon="113.66176625007566"><ele>606.3</ele><time>2026-08-14T09:28:24.000Z</time></trkpt><trkpt lat="-8.068158294159138" lon="113.66175941007546"><ele>606.3</ele><time>2026-08-14T09:28:25.000Z</time></trkpt><trkpt lat="-8.068146377492136" lon="113.66175351340857"><ele>606.3</ele><time>2026-08-14T09:28:26.000Z</time></trkpt><trkpt lat="-8.06813413749181" lon="113.66174726674174"><ele>606.3</ele><time>2026-08-14T09:28:27.000Z</time></trkpt><trkpt lat="-8.06812193415817" lon="113.66174142340826"><ele>606.3</ele><time>2026-08-14T09:28:28.000Z</time></trkpt><trkpt lat="-8.06811050415794" lon="113.66173604340824"><ele>606.3</ele><time>2026-08-14T09:28:29.000Z</time></trkpt><trkpt lat="-8.068099430824459" lon="113.66173098007489"><ele>606.3</ele><time>2026-08-14T09:28:30.000Z</time></trkpt><trkpt lat="-8.068088840824279" lon="113.66172559340816"><ele>606.5</ele><time>2026-08-14T09:28:31.000Z</time></trkpt><trkpt lat="-8.068079147490913" lon="113.66172017674144"><ele>606.5</ele><time>2026-08-14T09:28:32.000Z</time></trkpt><trkpt lat="-8.068069600824284" lon="113.66171327340803"><ele>606.5</ele><time>2026-08-14T09:28:33.000Z</time></trkpt><trkpt lat="-8.068060914157567" lon="113.66170703674129"><ele>606.5</ele><time>2026-08-14T09:28:34.000Z</time></trkpt><trkpt lat="-8.068053390824117" lon="113.6616989700746"><ele>606.5</ele><time>2026-08-14T09:28:35.000Z</time></trkpt><trkpt lat="-8.068047684157412" lon="113.66168994340785"><ele>607.2</ele><time>2026-08-14T09:28:36.000Z</time></trkpt><trkpt lat="-8.068043507490682" lon="113.66168106340774"><ele>607.2</ele><time>2026-08-14T09:28:37.000Z</time></trkpt><trkpt lat="-8.068039400823954" lon="113.66167360007428"><ele>607.2</ele><time>2026-08-14T09:28:38.000Z</time></trkpt><trkpt lat="-8.068035660823963" lon="113.66166627340749"><ele>607.2</ele><time>2026-08-14T09:28:39.000Z</time></trkpt><trkpt lat="-8.068032317490662" lon="113.66166134340733"><ele>607.2</ele><time>2026-08-14T09:28:40.000Z</time></trkpt><trkpt lat="-8.06802905415735" lon="113.66165696007394"><ele>607.7</ele><time>2026-08-14T09:28:41.000Z</time></trkpt><trkpt lat="-8.06802518082405" lon="113.66165184674057"><ele>607.7</ele><time>2026-08-14T09:28:42.000Z</time></trkpt><trkpt lat="-8.068021327490722" lon="113.66164587340722"><ele>607.7</ele><time>2026-08-14T09:28:43.000Z</time></trkpt><trkpt lat="-8.068017877490707" lon="113.66163871674048"><ele>607.7</ele><time>2026-08-14T09:28:44.000Z</time></trkpt><trkpt lat="-8.068014137490689" lon="113.66163009674047"><ele>607.7</ele><time>2026-08-14T09:28:45.000Z</time></trkpt><trkpt lat="-8.068009817490665" lon="113.66162142674042"><ele>608.8</ele><time>2026-08-14T09:28:46.000Z</time></trkpt><trkpt lat="-8.06800523082392" lon="113.66161305674032"><ele>608.8</ele><time>2026-08-14T09:28:47.000Z</time></trkpt><trkpt lat="-8.068001237490503" lon="113.66160525674017"><ele>608.8</ele><time>2026-08-14T09:28:48.000Z</time></trkpt><trkpt lat="-8.06799693415706" lon="113.66159755340671"><ele>608.8</ele><time>2026-08-14T09:28:49.000Z</time></trkpt><trkpt lat="-8.067992397490269" lon="113.66159048007316"><ele>608.8</ele><time>2026-08-14T09:28:50.000Z</time></trkpt><trkpt lat="-8.067987304156809" lon="113.6615834634063"><ele>609.8</ele><time>2026-08-14T09:28:51.000Z</time></trkpt><trkpt lat="-8.067982247490033" lon="113.66157610340608"><ele>609.8</ele><time>2026-08-14T09:28:52.000Z</time></trkpt><trkpt lat="-8.067977024156574" lon="113.6615676867392"><ele>609.8</ele><time>2026-08-14T09:28:53.000Z</time></trkpt><trkpt lat="-8.06797257082313" lon="113.66155915340565"><ele>609.8</ele><time>2026-08-14T09:28:54.000Z</time></trkpt><trkpt lat="-8.06796858082307" lon="113.66155081673875"><ele>609.8</ele><time>2026-08-14T09:28:55.000Z</time></trkpt><trkpt lat="-8.06796530748966" lon="113.66154264673851"><ele>610.3</ele><time>2026-08-14T09:28:56.000Z</time></trkpt><trkpt lat="-8.067962224156291" lon="113.66153531340505"><ele>610.3</ele><time>2026-08-14T09:28:57.000Z</time></trkpt><trkpt lat="-8.067958654156255" lon="113.66152907673825"><ele>610.3</ele><time>2026-08-14T09:28:58.000Z</time></trkpt><trkpt lat="-8.067954457489527" lon="113.66152390007156"><ele>610.3</ele><time>2026-08-14T09:28:59.000Z</time></trkpt><trkpt lat="-8.067950260822798" lon="113.66151840673815"><ele>610.3</ele><time>2026-08-14T09:29:00.000Z</time></trkpt><trkpt lat="-8.067946037489477" lon="113.66151255340478"><ele>611.4</ele><time>2026-08-14T09:29:01.000Z</time></trkpt><trkpt lat="-8.067941840822803" lon="113.66150577673815"><ele>611.4</ele><time>2026-08-14T09:29:02.000Z</time></trkpt><trkpt lat="-8.067938594156145" lon="113.66149785673826"><ele>611.4</ele><time>2026-08-14T09:29:03.000Z</time></trkpt><trkpt lat="-8.067935484156184" lon="113.66148878007164"><ele>611.4</ele><time>2026-08-14T09:29:04.000Z</time></trkpt><trkpt lat="-8.067932334156229" lon="113.66147943673839"><ele>611.4</ele><time>2026-08-14T09:29:05.000Z</time></trkpt><trkpt lat="-8.067928984156245" lon="113.66147104340511"><ele>612.7</ele><time>2026-08-14T09:29:06.000Z</time></trkpt><trkpt lat="-8.067924757489582" lon="113.6614641000718"><ele>612.7</ele><time>2026-08-14T09:29:07.000Z</time></trkpt><trkpt lat="-8.067919177489589" lon="113.66145815007171"><ele>612.7</ele><time>2026-08-14T09:29:08.000Z</time></trkpt><trkpt lat="-8.067912754156236" lon="113.66145272340502"><ele>612.7</ele><time>2026-08-14T09:29:09.000Z</time></trkpt><trkpt lat="-8.067905987489484" lon="113.66144796340504"><ele>612.7</ele><time>2026-08-14T09:29:10.000Z</time></trkpt><trkpt lat="-8.06789929415599" lon="113.66144368340508"><ele>613.4</ele><time>2026-08-14T09:29:11.000Z</time></trkpt><trkpt lat="-8.067892687489216" lon="113.66143843007168"><ele>613.4</ele><time>2026-08-14T09:29:12.000Z</time></trkpt><trkpt lat="-8.06788636082246" lon="113.66143227673828"><ele>613.4</ele><time>2026-08-14T09:29:13.000Z</time></trkpt><trkpt lat="-8.067879717489001" lon="113.66142572340489"><ele>613.4</ele><time>2026-08-14T09:29:14.000Z</time></trkpt><trkpt lat="-8.067872334155666" lon="113.66141802673803"><ele>613.4</ele><time>2026-08-14T09:29:15.000Z</time></trkpt><trkpt lat="-8.067864430822347" lon="113.66140814007122"><ele>615.0</ele><time>2026-08-14T09:29:16.000Z</time></trkpt><trkpt lat="-8.067856377488926" lon="113.66139768673786"><ele>615.0</ele><time>2026-08-14T09:29:17.000Z</time></trkpt><trkpt lat="-8.067847980822105" lon="113.66138690007122"><ele>615.0</ele><time>2026-08-14T09:29:18.000Z</time></trkpt><trkpt lat="-8.067839787488676" lon="113.66137635007117"><ele>615.0</ele><time>2026-08-14T09:29:19.000Z</time></trkpt><trkpt lat="-8.06783248082186" lon="113.66136599673777"><ele>615.0</ele><time>2026-08-14T09:29:20.000Z</time></trkpt><trkpt lat="-8.067826140821753" lon="113.66135665673764"><ele>616.8</ele><time>2026-08-14T09:29:21.000Z</time></trkpt><trkpt lat="-8.067820737488345" lon="113.6613479067374"><ele>616.8</ele><time>2026-08-14T09:29:22.000Z</time></trkpt><trkpt lat="-8.067816004154972" lon="113.66133950340381"><ele>616.8</ele><time>2026-08-14T09:29:23.000Z</time></trkpt><trkpt lat="-8.06781252415492" lon="113.66133115340365"><ele>616.8</ele><time>2026-08-14T09:29:24.000Z</time></trkpt><trkpt lat="-8.067809334154814" lon="113.66132288007027"><ele>616.8</ele><time>2026-08-14T09:29:25.000Z</time></trkpt><trkpt lat="-8.067805457488017" lon="113.66131412673694"><ele>617.7</ele><time>2026-08-14T09:29:26.000Z</time></trkpt><trkpt lat="-8.067801330821213" lon="113.6613047667369"><ele>617.7</ele><time>2026-08-14T09:29:27.000Z</time></trkpt><trkpt lat="-8.067796990821085" lon="113.66129598007024"><ele>617.7</ele><time>2026-08-14T09:29:28.000Z</time></trkpt><trkpt lat="-8.067791857487602" lon="113.66128736673686"><ele>617.7</ele><time>2026-08-14T09:29:29.000Z</time></trkpt><trkpt lat="-8.067786370820789" lon="113.66127938007007"><ele>617.7</ele><time>2026-08-14T09:29:30.000Z</time></trkpt><trkpt lat="-8.067781277487303" lon="113.66127190006993"><ele>619.4</ele><time>2026-08-14T09:29:31.000Z</time></trkpt><trkpt lat="-8.067776464153832" lon="113.66126526340322"><ele>619.4</ele><time>2026-08-14T09:29:32.000Z</time></trkpt><trkpt lat="-8.067771764153672" lon="113.66125834006985"><ele>619.4</ele><time>2026-08-14T09:29:33.000Z</time></trkpt><trkpt lat="-8.067767097486831" lon="113.66125131340308"><ele>619.4</ele><time>2026-08-14T09:29:34.000Z</time></trkpt><trkpt lat="-8.067762314153317" lon="113.66124423673637"><ele>619.4</ele><time>2026-08-14T09:29:35.000Z</time></trkpt><trkpt lat="-8.067757234153177" lon="113.66123690340294"><ele>620.9</ele><time>2026-08-14T09:29:36.000Z</time></trkpt><trkpt lat="-8.067751427486405" lon="113.66122902673621"><ele>620.9</ele><time>2026-08-14T09:29:37.000Z</time></trkpt><trkpt lat="-8.067745254153005" lon="113.66122096006943"><ele>620.9</ele><time>2026-08-14T09:29:38.000Z</time></trkpt><trkpt lat="-8.067738790819602" lon="113.66121273006934"><ele>620.9</ele><time>2026-08-14T09:29:39.000Z</time></trkpt><trkpt lat="-8.06773186415287" lon="113.66120451006925"><ele>620.9</ele><time>2026-08-14T09:29:40.000Z</time></trkpt><trkpt lat="-8.067725080819404" lon="113.66119648673592"><ele>621.5</ele><time>2026-08-14T09:29:41.000Z</time></trkpt><trkpt lat="-8.067718417485867" lon="113.66118890006919"><ele>621.5</ele><time>2026-08-14T09:29:42.000Z</time></trkpt><trkpt lat="-8.06771200748565" lon="113.66118192006915"><ele>621.5</ele><time>2026-08-14T09:29:43.000Z</time></trkpt><trkpt lat="-8.06770555748549" lon="113.66117559340246"><ele>621.5</ele><time>2026-08-14T09:29:44.000Z</time></trkpt><trkpt lat="-8.067699347485298" lon="113.66116930673567"><ele>621.5</ele><time>2026-08-14T09:29:45.000Z</time></trkpt><trkpt lat="-8.06769269748511" lon="113.66116313340225"><ele>622.6</ele><time>2026-08-14T09:29:46.000Z</time></trkpt><trkpt lat="-8.06768591081828" lon="113.66115728673553"><ele>622.6</ele><time>2026-08-14T09:29:47.000Z</time></trkpt><trkpt lat="-8.067679107484734" lon="113.66115123673546"><ele>622.6</ele><time>2026-08-14T09:29:48.000Z</time></trkpt><trkpt lat="-8.067672857484496" lon="113.66114394006881"><ele>622.6</ele><time>2026-08-14T09:29:49.000Z</time></trkpt><trkpt lat="-8.067667324150959" lon="113.66113639340219"><ele>622.6</ele><time>2026-08-14T09:29:50.000Z</time></trkpt><trkpt lat="-8.067663107484153" lon="113.66112819673558"><ele>623.6</ele><time>2026-08-14T09:29:51.000Z</time></trkpt><trkpt lat="-8.067660327484052" lon="113.6611191067356"><ele>623.6</ele><time>2026-08-14T09:29:52.000Z</time></trkpt><trkpt lat="-8.067658177483988" lon="113.66110987673567"><ele>623.6</ele><time>2026-08-14T09:29:53.000Z</time></trkpt><trkpt lat="-8.067656274150623" lon="113.66110117673568"><ele>623.6</ele><time>2026-08-14T09:29:54.000Z</time></trkpt><trkpt lat="-8.06765445415061" lon="113.66109234006899"><ele>623.6</ele><time>2026-08-14T09:29:55.000Z</time></trkpt><trkpt lat="-8.067652147483932" lon="113.66108362673558"><ele>624.2</ele><time>2026-08-14T09:29:56.000Z</time></trkpt><trkpt lat="-8.067648890817214" lon="113.66107542340217"><ele>624.2</ele><time>2026-08-14T09:29:57.000Z</time></trkpt><trkpt lat="-8.067645360817155" lon="113.66106700006875"><ele>624.2</ele><time>2026-08-14T09:29:58.000Z</time></trkpt><trkpt lat="-8.067641630817068" lon="113.66105830340197"><ele>624.2</ele><time>2026-08-14T09:29:59.000Z</time></trkpt><trkpt lat="-8.067637674150308" lon="113.66104929340202"><ele>624.2</ele><time>2026-08-14T09:30:00.000Z</time></trkpt><trkpt lat="-8.06763334081683" lon="113.66104043673538"><ele>625.2</ele><time>2026-08-14T09:30:01.000Z</time></trkpt><trkpt lat="-8.067629070816732" lon="113.66103070340213"><ele>625.2</ele><time>2026-08-14T09:30:02.000Z</time></trkpt><trkpt lat="-8.067624830816646" lon="113.66102095340223"><ele>625.2</ele><time>2026-08-14T09:30:03.000Z</time></trkpt><trkpt lat="-8.067620624149878" lon="113.66101113340228"><ele>625.2</ele><time>2026-08-14T09:30:04.000Z</time></trkpt><trkpt lat="-8.067616410816438" lon="113.66100107006889"><ele>625.2</ele><time>2026-08-14T09:30:05.000Z</time></trkpt><trkpt lat="-8.067612840816382" lon="113.66099005673541"><ele>626.2</ele><time>2026-08-14T09:30:06.000Z</time></trkpt><trkpt lat="-8.067609834149644" lon="113.66097851006862"><ele>626.2</ele><time>2026-08-14T09:30:07.000Z</time></trkpt><trkpt lat="-8.067607030816244" lon="113.66096553340182"><ele>626.2</ele><time>2026-08-14T09:30:08.000Z</time></trkpt><trkpt lat="-8.067604854149543" lon="113.66095141006849"><ele>626.2</ele><time>2026-08-14T09:30:09.000Z</time></trkpt><trkpt lat="-8.067603840816217" lon="113.66093696006848"><ele>626.2</ele><time>2026-08-14T09:30:10.000Z</time></trkpt><trkpt lat="-8.067603720816233" lon="113.66092275006847"><ele>626.8</ele><time>2026-08-14T09:30:11.000Z</time></trkpt><trkpt lat="-8.067604140816258" lon="113.66090919006834"><ele>626.8</ele><time>2026-08-14T09:30:12.000Z</time></trkpt><trkpt lat="-8.06760544414964" lon="113.66089704673486"><ele>626.8</ele><time>2026-08-14T09:30:13.000Z</time></trkpt><trkpt lat="-8.06760746748301" lon="113.66088614673467"><ele>626.8</ele><time>2026-08-14T09:30:14.000Z</time></trkpt><trkpt lat="-8.067609680816364" lon="113.66087618340114"><ele>626.8</ele><time>2026-08-14T09:30:15.000Z</time></trkpt><trkpt lat="-8.067611770816374" lon="113.66086633673444"><ele>627.8</ele><time>2026-08-14T09:30:16.000Z</time></trkpt><trkpt lat="-8.067613960816393" lon="113.66085666340109"><ele>627.8</ele><time>2026-08-14T09:30:17.000Z</time></trkpt><trkpt lat="-8.067616310816394" lon="113.66084641006773"><ele>627.8</ele><time>2026-08-14T09:30:18.000Z</time></trkpt><trkpt lat="-8.067618480816417" lon="113.66083610673438"><ele>627.8</ele><time>2026-08-14T09:30:19.000Z</time></trkpt><trkpt lat="-8.067620337483103" lon="113.6608260067344"><ele>627.8</ele><time>2026-08-14T09:30:20.000Z</time></trkpt><trkpt lat="-8.067622477483118" lon="113.66081582340094"><ele>628.9</ele><time>2026-08-14T09:30:21.000Z</time></trkpt><trkpt lat="-8.067624754149804" lon="113.66080519673417"><ele>628.9</ele><time>2026-08-14T09:30:22.000Z</time></trkpt><trkpt lat="-8.067626787483155" lon="113.66079447006726"><ele>628.9</ele><time>2026-08-14T09:30:23.000Z</time></trkpt><trkpt lat="-8.067628507483164" lon="113.6607839800671"><ele>628.9</ele><time>2026-08-14T09:30:24.000Z</time></trkpt><trkpt lat="-8.067629930816508" lon="113.66077304340027"><ele>628.9</ele><time>2026-08-14T09:30:25.000Z</time></trkpt><trkpt lat="-8.067630857483204" lon="113.66076161340023"><ele>629.4</ele><time>2026-08-14T09:30:26.000Z</time></trkpt><trkpt lat="-8.067631637483213" lon="113.66074996006685"><ele>629.4</ele><time>2026-08-14T09:30:27.000Z</time></trkpt><trkpt lat="-8.06763209748323" lon="113.66073843006691"><ele>629.4</ele><time>2026-08-14T09:30:28.000Z</time></trkpt><trkpt lat="-8.067632260816575" lon="113.66072656006693"><ele>629.4</ele><time>2026-08-14T09:30:29.000Z</time></trkpt><trkpt lat="-8.067632734149933" lon="113.66071488340022"><ele>629.4</ele><time>2026-08-14T09:30:30.000Z</time></trkpt><trkpt lat="-8.067633490816618" lon="113.66070391006672"><ele>630.3</ele><time>2026-08-14T09:30:31.000Z</time></trkpt><trkpt lat="-8.067633937483299" lon="113.66069311673331"><ele>630.3</ele><time>2026-08-14T09:30:32.000Z</time></trkpt><trkpt lat="-8.067634484149979" lon="113.6606821867332"><ele>630.3</ele><time>2026-08-14T09:30:33.000Z</time></trkpt><trkpt lat="-8.067635184149992" lon="113.6606707900664"><ele>630.3</ele><time>2026-08-14T09:30:34.000Z</time></trkpt><trkpt lat="-8.067635440816659" lon="113.66065835339961"><ele>630.3</ele><time>2026-08-14T09:30:35.000Z</time></trkpt><trkpt lat="-8.067635220816658" lon="113.66064602006627"><ele>631.4</ele><time>2026-08-14T09:30:36.000Z</time></trkpt><trkpt lat="-8.06763518081667" lon="113.66063401006609"><ele>631.4</ele><time>2026-08-14T09:30:37.000Z</time></trkpt><trkpt lat="-8.067635294150008" lon="113.66062296006594"><ele>631.4</ele><time>2026-08-14T09:30:38.000Z</time></trkpt><trkpt lat="-8.067635380816679" lon="113.6606133367324"><ele>631.4</ele><time>2026-08-14T09:30:39.000Z</time></trkpt><trkpt lat="-8.067635457483352" lon="113.66060499673219"><ele>631.4</ele><time>2026-08-14T09:30:40.000Z</time></trkpt><trkpt lat="-8.067635867483373" lon="113.66059624339864"><ele>631.9</ele><time>2026-08-14T09:30:41.000Z</time></trkpt><trkpt lat="-8.06763622415005" lon="113.66058690339855"><ele>631.9</ele><time>2026-08-14T09:30:42.000Z</time></trkpt><trkpt lat="-8.067636564150066" lon="113.66057623006509"><ele>631.9</ele><time>2026-08-14T09:30:43.000Z</time></trkpt><trkpt lat="-8.067638994150084" lon="113.6605647733982"><ele>631.9</ele><time>2026-08-14T09:30:44.000Z</time></trkpt><trkpt lat="-8.067642090816767" lon="113.66055090339782"><ele>631.9</ele><time>2026-08-14T09:30:45.000Z</time></trkpt><trkpt lat="-8.067644554150103" lon="113.66053603006405"><ele>633.0</ele><time>2026-08-14T09:30:46.000Z</time></trkpt><trkpt lat="-8.067646280816794" lon="113.66052068673018"><ele>633.0</ele><time>2026-08-14T09:30:47.000Z</time></trkpt><trkpt lat="-8.067646557483501" lon="113.66050577672964"><ele>633.0</ele><time>2026-08-14T09:30:48.000Z</time></trkpt><trkpt lat="-8.067644477483531" lon="113.66048915006267"><ele>633.0</ele><time>2026-08-14T09:30:49.000Z</time></trkpt><trkpt lat="-8.067640904150194" lon="113.66047465672925"><ele>633.0</ele><time>2026-08-14T09:30:50.000Z</time></trkpt><trkpt lat="-8.067637907483524" lon="113.66046067672917"><ele>634.0</ele><time>2026-08-14T09:30:51.000Z</time></trkpt><trkpt lat="-8.0676353874835" lon="113.66044702672912"><ele>634.0</ele><time>2026-08-14T09:30:52.000Z</time></trkpt><trkpt lat="-8.067634184150126" lon="113.66043363006256"><ele>634.0</ele><time>2026-08-14T09:30:53.000Z</time></trkpt><trkpt lat="-8.067633430816759" lon="113.66042021006248"><ele>634.0</ele><time>2026-08-14T09:30:54.000Z</time></trkpt><trkpt lat="-8.067633297483416" lon="113.66040616339576"><ele>634.0</ele><time>2026-08-14T09:30:55.000Z</time></trkpt><trkpt lat="-8.067632774150074" lon="113.66039199672898"><ele>634.3</ele><time>2026-08-14T09:30:56.000Z</time></trkpt><trkpt lat="-8.067630770816743" lon="113.66037839672893"><ele>634.3</ele><time>2026-08-14T09:30:57.000Z</time></trkpt><trkpt lat="-8.067628137483402" lon="113.660364530062"><ele>634.3</ele><time>2026-08-14T09:30:58.000Z</time></trkpt><trkpt lat="-8.06762512081672" lon="113.66035286006169"><ele>634.3</ele><time>2026-08-14T09:30:59.000Z</time></trkpt><trkpt lat="-8.067621077483334" lon="113.66034165006138"><ele>634.3</ele><time>2026-08-14T09:31:00.000Z</time></trkpt><trkpt lat="-8.067616734149924" lon="113.66033121006117"><ele>634.8</ele><time>2026-08-14T09:31:01.000Z</time></trkpt><trkpt lat="-8.06761165081642" lon="113.66032101006081"><ele>634.8</ele><time>2026-08-14T09:31:02.000Z</time></trkpt><trkpt lat="-8.067604077482992" lon="113.66031152672727"><ele>634.8</ele><time>2026-08-14T09:31:03.000Z</time></trkpt><trkpt lat="-8.06759315081614" lon="113.66030232006044"><ele>634.8</ele><time>2026-08-14T09:31:04.000Z</time></trkpt><trkpt lat="-8.067580007482595" lon="113.66029369672705"><ele>634.8</ele><time>2026-08-14T09:31:05.000Z</time></trkpt><trkpt lat="-8.067565250815806" lon="113.66028626339366"><ele>635.1</ele><time>2026-08-14T09:31:06.000Z</time></trkpt><trkpt lat="-8.067550380815705" lon="113.66027967006039"><ele>635.1</ele><time>2026-08-14T09:31:07.000Z</time></trkpt><trkpt lat="-8.067537614148879" lon="113.6602737333938"><ele>635.1</ele><time>2026-08-14T09:31:08.000Z</time></trkpt><trkpt lat="-8.067526827482144" lon="113.66026758672722"><ele>635.1</ele><time>2026-08-14T09:31:09.000Z</time></trkpt><trkpt lat="-8.067517577482137" lon="113.66026281006062"><ele>635.1</ele><time>2026-08-14T09:31:10.000Z</time></trkpt><trkpt lat="-8.06750648748205" lon="113.66025779672728"><ele>635.2</ele><time>2026-08-14T09:31:11.000Z</time></trkpt><trkpt lat="-8.06749500081527" lon="113.66025301006061"><ele>635.2</ele><time>2026-08-14T09:31:12.000Z</time></trkpt><trkpt lat="-8.067481857481727" lon="113.66024803339394"><ele>635.2</ele><time>2026-08-14T09:31:13.000Z</time></trkpt><trkpt lat="-8.067466270814764" lon="113.66024394339395"><ele>635.2</ele><time>2026-08-14T09:31:14.000Z</time></trkpt><trkpt lat="-8.067449627481007" lon="113.66023951672726"><ele>635.2</ele><time>2026-08-14T09:31:15.000Z</time></trkpt><trkpt lat="-8.067434430814007" lon="113.66023592339393"><ele>635.6</ele><time>2026-08-14T09:31:16.000Z</time></trkpt><trkpt lat="-8.06741898414705" lon="113.6602323167273"><ele>635.6</ele><time>2026-08-14T09:31:17.000Z</time></trkpt><trkpt lat="-8.067404154146892" lon="113.66022927339395"><ele>635.6</ele><time>2026-08-14T09:31:18.000Z</time></trkpt><trkpt lat="-8.067391564146867" lon="113.66022819339396"><ele>635.6</ele><time>2026-08-14T09:31:19.000Z</time></trkpt><trkpt lat="-8.067379770813588" lon="113.66022649339399"><ele>635.6</ele><time>2026-08-14T09:31:20.000Z</time></trkpt><trkpt lat="-8.0673672041469" lon="113.66022509672737"><ele>635.9</ele><time>2026-08-14T09:31:21.000Z</time></trkpt><trkpt lat="-8.067353510813627" lon="113.66022430006069"><ele>635.9</ele><time>2026-08-14T09:31:22.000Z</time></trkpt><trkpt lat="-8.067337727480105" lon="113.66022416339403"><ele>635.9</ele><time>2026-08-14T09:31:23.000Z</time></trkpt><trkpt lat="-8.067319547479622" lon="113.66022172672733"><ele>635.9</ele><time>2026-08-14T09:31:24.000Z</time></trkpt><trkpt lat="-8.067301607479212" lon="113.66021989339397"><ele>635.9</ele><time>2026-08-14T09:31:25.000Z</time></trkpt><trkpt lat="-8.067284494145397" lon="113.66021810672729"><ele>636.0</ele><time>2026-08-14T09:31:26.000Z</time></trkpt><trkpt lat="-8.067269090811534" lon="113.66021562006055"><ele>636.0</ele><time>2026-08-14T09:31:27.000Z</time></trkpt><trkpt lat="-8.06725554414457" lon="113.66021282672719"><ele>636.0</ele><time>2026-08-14T09:31:28.000Z</time></trkpt><trkpt lat="-8.067243670811195" lon="113.66020989006054"><ele>636.0</ele><time>2026-08-14T09:31:29.000Z</time></trkpt><trkpt lat="-8.067233104144456" lon="113.66020567006058"><ele>636.0</ele><time>2026-08-14T09:31:30.000Z</time></trkpt><trkpt lat="-8.067222057477782" lon="113.66020080672729"><ele>636.4</ele><time>2026-08-14T09:31:31.000Z</time></trkpt><trkpt lat="-8.0672104841445" lon="113.6601969000607"><ele>636.4</ele><time>2026-08-14T09:31:32.000Z</time></trkpt><trkpt lat="-8.067199024144527" lon="113.66019327672743"><ele>636.4</ele><time>2026-08-14T09:31:33.000Z</time></trkpt><trkpt lat="-8.067186467477823" lon="113.66018972672745"><ele>636.4</ele><time>2026-08-14T09:31:34.000Z</time></trkpt><trkpt lat="-8.067171820811192" lon="113.66018737006077"><ele>636.4</ele><time>2026-08-14T09:31:35.000Z</time></trkpt><trkpt lat="-8.067158997477927" lon="113.6601847900608"><ele>636.8</ele><time>2026-08-14T09:31:36.000Z</time></trkpt><trkpt lat="-8.067145107477778" lon="113.66018261672748"><ele>636.8</ele><time>2026-08-14T09:31:37.000Z</time></trkpt><trkpt lat="-8.067131074144257" lon="113.6601807767275"><ele>636.8</ele><time>2026-08-14T09:31:38.000Z</time></trkpt><trkpt lat="-8.06711795081079" lon="113.66017899672754"><ele>636.8</ele><time>2026-08-14T09:31:39.000Z</time></trkpt><trkpt lat="-8.067105690810493" lon="113.66017639672755"><ele>636.8</ele><time>2026-08-14T09:31:40.000Z</time></trkpt><trkpt lat="-8.06709187414339" lon="113.6601750767275"><ele>637.0</ele><time>2026-08-14T09:31:41.000Z</time></trkpt><trkpt lat="-8.067079967476372" lon="113.66017241672742"><ele>637.0</ele><time>2026-08-14T09:31:42.000Z</time></trkpt><trkpt lat="-8.067067457476018" lon="113.66016815006064"><ele>637.0</ele><time>2026-08-14T09:31:43.000Z</time></trkpt><trkpt lat="-8.067055757475648" lon="113.66016349672714"><ele>637.0</ele><time>2026-08-14T09:31:44.000Z</time></trkpt><trkpt lat="-8.067043577475342" lon="113.66015971672705"><ele>637.0</ele><time>2026-08-14T09:31:45.000Z</time></trkpt><trkpt lat="-8.067030620808477" lon="113.66015621672696"><ele>637.6</ele><time>2026-08-14T09:31:46.000Z</time></trkpt><trkpt lat="-8.067018227475009" lon="113.6601531067269"><ele>637.6</ele><time>2026-08-14T09:31:47.000Z</time></trkpt><trkpt lat="-8.06700610747483" lon="113.6601516433935"><ele>637.6</ele><time>2026-08-14T09:31:48.000Z</time></trkpt><trkpt lat="-8.066992960807921" lon="113.66015100006022"><ele>637.6</ele><time>2026-08-14T09:31:49.000Z</time></trkpt><trkpt lat="-8.06697935747441" lon="113.66015050006024"><ele>637.6</ele><time>2026-08-14T09:31:50.000Z</time></trkpt><trkpt lat="-8.066966920807637" lon="113.66014903006025"><ele>638.3</ele><time>2026-08-14T09:31:51.000Z</time></trkpt><trkpt lat="-8.066954384140796" lon="113.66014709672693"><ele>638.3</ele><time>2026-08-14T09:31:52.000Z</time></trkpt><trkpt lat="-8.066941580807395" lon="113.66014470006027"><ele>638.3</ele><time>2026-08-14T09:31:53.000Z</time></trkpt><trkpt lat="-8.06693008414074" lon="113.66014198672693"><ele>638.3</ele><time>2026-08-14T09:31:54.000Z</time></trkpt><trkpt lat="-8.066918907474042" lon="113.6601386000602"><ele>638.3</ele><time>2026-08-14T09:31:55.000Z</time></trkpt><trkpt lat="-8.06690810747385" lon="113.66013518006011"><ele>638.7</ele><time>2026-08-14T09:31:56.000Z</time></trkpt><trkpt lat="-8.066896664140378" lon="113.66013232339336"><ele>638.7</ele><time>2026-08-14T09:31:57.000Z</time></trkpt><trkpt lat="-8.066886010806922" lon="113.66012946672659"><ele>638.7</ele><time>2026-08-14T09:31:58.000Z</time></trkpt><trkpt lat="-8.066874290806798" lon="113.66012686339316"><ele>638.7</ele><time>2026-08-14T09:31:59.000Z</time></trkpt><trkpt lat="-8.066863297473413" lon="113.6601248233931"><ele>638.7</ele><time>2026-08-14T09:32:00.000Z</time></trkpt><trkpt lat="-8.066851527473467" lon="113.66012284672641"><ele>639.7</ele><time>2026-08-14T09:32:01.000Z</time></trkpt><trkpt lat="-8.066840227473582" lon="113.66012085339307"><ele>639.7</ele><time>2026-08-14T09:32:02.000Z</time></trkpt><trkpt lat="-8.066828120807074" lon="113.66011788672634"><ele>639.7</ele><time>2026-08-14T09:32:03.000Z</time></trkpt><trkpt lat="-8.066815657473816" lon="113.66011453005963"><ele>639.7</ele><time>2026-08-14T09:32:04.000Z</time></trkpt><trkpt lat="-8.066803060807064" lon="113.66011044339288"><ele>639.7</ele><time>2026-08-14T09:32:05.000Z</time></trkpt><trkpt lat="-8.066790507473616" lon="113.66010573672615"><ele>640.8</ele><time>2026-08-14T09:32:06.000Z</time></trkpt><trkpt lat="-8.06677788747353" lon="113.66010080672609"><ele>640.8</ele><time>2026-08-14T09:32:07.000Z</time></trkpt><trkpt lat="-8.066765360806567" lon="113.66009615672608"><ele>640.8</ele><time>2026-08-14T09:32:08.000Z</time></trkpt><trkpt lat="-8.066753627472986" lon="113.66009185005939"><ele>640.8</ele><time>2026-08-14T09:32:09.000Z</time></trkpt><trkpt lat="-8.066742110806144" lon="113.66008745339268"><ele>640.8</ele><time>2026-08-14T09:32:10.000Z</time></trkpt><trkpt lat="-8.066730624139366" lon="113.6600832133926"><ele>641.3</ele><time>2026-08-14T09:32:11.000Z</time></trkpt><trkpt lat="-8.066718194139106" lon="113.66007774672592"><ele>641.3</ele><time>2026-08-14T09:32:12.000Z</time></trkpt><trkpt lat="-8.066706320805515" lon="113.66007314672592"><ele>641.3</ele><time>2026-08-14T09:32:13.000Z</time></trkpt><trkpt lat="-8.066694210805213" lon="113.66006778672597"><ele>641.3</ele><time>2026-08-14T09:32:14.000Z</time></trkpt><trkpt lat="-8.06668199747148" lon="113.66006305672606"><ele>641.3</ele><time>2026-08-14T09:32:15.000Z</time></trkpt><trkpt lat="-8.066670504137761" lon="113.66005901672618"><ele>642.3</ele><time>2026-08-14T09:32:16.000Z</time></trkpt><trkpt lat="-8.066658787470786" lon="113.66005677005953"><ele>642.3</ele><time>2026-08-14T09:32:17.000Z</time></trkpt><trkpt lat="-8.06664660747048" lon="113.66005366672618"><ele>642.3</ele><time>2026-08-14T09:32:18.000Z</time></trkpt><trkpt lat="-8.066634850803563" lon="113.6600514933928"><ele>642.3</ele><time>2026-08-14T09:32:19.000Z</time></trkpt><trkpt lat="-8.066622494136672" lon="113.66004953005942"><ele>642.3</ele><time>2026-08-14T09:32:20.000Z</time></trkpt><trkpt lat="-8.066609800803002" lon="113.66004612005932"><ele>643.4</ele><time>2026-08-14T09:32:21.000Z</time></trkpt><trkpt lat="-8.066597747469249" lon="113.66004177005922"><ele>643.4</ele><time>2026-08-14T09:32:22.000Z</time></trkpt><trkpt lat="-8.066585534135516" lon="113.66003701005911"><ele>643.4</ele><time>2026-08-14T09:32:23.000Z</time></trkpt><trkpt lat="-8.066573930801848" lon="113.6600318933923"><ele>643.4</ele><time>2026-08-14T09:32:24.000Z</time></trkpt><trkpt lat="-8.066562480801649" lon="113.66002617672552"><ele>643.4</ele><time>2026-08-14T09:32:25.000Z</time></trkpt><trkpt lat="-8.066552494134864" lon="113.66001988672551"><ele>643.9</ele><time>2026-08-14T09:32:26.000Z</time></trkpt><trkpt lat="-8.06654302746817" lon="113.66001367339213"><ele>643.9</ele><time>2026-08-14T09:32:27.000Z</time></trkpt><trkpt lat="-8.066534560801506" lon="113.66000854005878"><ele>643.9</ele><time>2026-08-14T09:32:28.000Z</time></trkpt><trkpt lat="-8.066524160801423" lon="113.6600024267254"><ele>643.9</ele><time>2026-08-14T09:32:29.000Z</time></trkpt><trkpt lat="-8.066514374134558" lon="113.65999760005869"><ele>643.9</ele><time>2026-08-14T09:32:30.000Z</time></trkpt><trkpt lat="-8.06650324746768" lon="113.6599945233919"><ele>645.1</ele><time>2026-08-14T09:32:31.000Z</time></trkpt><trkpt lat="-8.066491354134119" lon="113.65999199672517"><ele>645.1</ele><time>2026-08-14T09:32:32.000Z</time></trkpt><trkpt lat="-8.066479230800576" lon="113.65998847339183"><ele>645.1</ele><time>2026-08-14T09:32:33.000Z</time></trkpt><trkpt lat="-8.066467677467157" lon="113.65998567339184"><ele>645.1</ele><time>2026-08-14T09:32:34.000Z</time></trkpt><trkpt lat="-8.066456434133821" lon="113.65998147005853"><ele>645.1</ele><time>2026-08-14T09:32:35.000Z</time></trkpt><trkpt lat="-8.066444510800412" lon="113.65997583672522"><ele>646.2</ele><time>2026-08-14T09:32:36.000Z</time></trkpt><trkpt lat="-8.066432517466998" lon="113.65996870672532"><ele>646.2</ele><time>2026-08-14T09:32:37.000Z</time></trkpt><trkpt lat="-8.066420380800212" lon="113.65996087339201"><ele>646.2</ele><time>2026-08-14T09:32:38.000Z</time></trkpt><trkpt lat="-8.066408597466596" lon="113.65995126339196"><ele>646.2</ele><time>2026-08-14T09:32:39.000Z</time></trkpt><trkpt lat="-8.066396240799705" lon="113.65994133339184"><ele>646.2</ele><time>2026-08-14T09:32:40.000Z</time></trkpt><trkpt lat="-8.066383844132872" lon="113.65993320672506"><ele>646.8</ele><time>2026-08-14T09:32:41.000Z</time></trkpt><trkpt lat="-8.066373024132709" lon="113.65992587339153"><ele>646.8</ele><time>2026-08-14T09:32:42.000Z</time></trkpt><trkpt lat="-8.06636318746597" lon="113.65991932339134"><ele>646.8</ele><time>2026-08-14T09:32:43.000Z</time></trkpt><trkpt lat="-8.066352747465892" lon="113.65991471005789"><ele>646.8</ele><time>2026-08-14T09:32:44.000Z</time></trkpt><trkpt lat="-8.066342074132466" lon="113.65991076339114"><ele>646.8</ele><time>2026-08-14T09:32:45.000Z</time></trkpt><trkpt lat="-8.066331514132349" lon="113.65990547339109"><ele>648.0</ele><time>2026-08-14T09:32:46.000Z</time></trkpt><trkpt lat="-8.06632017413231" lon="113.6599004300576"><ele>648.0</ele><time>2026-08-14T09:32:47.000Z</time></trkpt><trkpt lat="-8.066308900798907" lon="113.65989596672418"><ele>648.0</ele><time>2026-08-14T09:32:48.000Z</time></trkpt><trkpt lat="-8.06629902746559" lon="113.65989180005745"><ele>648.0</ele><time>2026-08-14T09:32:49.000Z</time></trkpt><trkpt lat="-8.066288174132215" lon="113.65988801339071"><ele>648.0</ele><time>2026-08-14T09:32:50.000Z</time></trkpt><trkpt lat="-8.066278174132131" lon="113.65988575005731"><ele>649.2</ele><time>2026-08-14T09:32:51.000Z</time></trkpt><trkpt lat="-8.066268257465294" lon="113.65988388672399"><ele>649.2</ele><time>2026-08-14T09:32:52.000Z</time></trkpt><trkpt lat="-8.066256530798443" lon="113.65988220005734"><ele>649.2</ele><time>2026-08-14T09:32:53.000Z</time></trkpt><trkpt lat="-8.066244237464826" lon="113.65987972005738"><ele>649.2</ele><time>2026-08-14T09:32:54.000Z</time></trkpt><trkpt lat="-8.066234097464521" lon="113.65987612672407"><ele>649.2</ele><time>2026-08-14T09:32:55.000Z</time></trkpt><trkpt lat="-8.066223254131025" lon="113.65987160005743"><ele>649.7</ele><time>2026-08-14T09:32:56.000Z</time></trkpt><trkpt lat="-8.06621186413095" lon="113.65986692339077"><ele>649.7</ele><time>2026-08-14T09:32:57.000Z</time></trkpt><trkpt lat="-8.066201650797598" lon="113.65986250005741"><ele>649.7</ele><time>2026-08-14T09:32:58.000Z</time></trkpt><trkpt lat="-8.066191947464352" lon="113.65985792339067"><ele>649.7</ele><time>2026-08-14T09:32:59.000Z</time></trkpt><trkpt lat="-8.066181377464357" lon="113.65985325339057"><ele>649.7</ele><time>2026-08-14T09:33:00.000Z</time></trkpt><trkpt lat="-8.066170207464173" lon="113.65984770339041"><ele>650.9</ele><time>2026-08-14T09:33:01.000Z</time></trkpt><trkpt lat="-8.066159010797293" lon="113.65984207672359"><ele>650.9</ele><time>2026-08-14T09:33:02.000Z</time></trkpt><trkpt lat="-8.066147700796993" lon="113.65983559005679"><ele>650.9</ele><time>2026-08-14T09:33:03.000Z</time></trkpt><trkpt lat="-8.066136274129914" lon="113.65982956672335"><ele>650.9</ele><time>2026-08-14T09:33:04.000Z</time></trkpt><trkpt lat="-8.06612473079616" lon="113.65982364005659"><ele>650.9</ele><time>2026-08-14T09:33:05.000Z</time></trkpt><trkpt lat="-8.066114344129264" lon="113.6598184267232"><ele>652.1</ele><time>2026-08-14T09:33:06.000Z</time></trkpt><trkpt lat="-8.066104580795677" lon="113.6598129800565"><ele>652.1</ele><time>2026-08-14T09:33:07.000Z</time></trkpt><trkpt lat="-8.066095040795455" lon="113.65980616005643"><ele>652.1</ele><time>2026-08-14T09:33:08.000Z</time></trkpt><trkpt lat="-8.06608577079537" lon="113.65979926672303"><ele>652.1</ele><time>2026-08-14T09:33:09.000Z</time></trkpt><trkpt lat="-8.066076177461962" lon="113.65979243672298"><ele>652.1</ele><time>2026-08-14T09:33:10.000Z</time></trkpt><trkpt lat="-8.0660662374619" lon="113.65978549672293"><ele>652.8</ele><time>2026-08-14T09:33:11.000Z</time></trkpt><trkpt lat="-8.066056257461895" lon="113.65977831338958"><ele>652.8</ele><time>2026-08-14T09:33:12.000Z</time></trkpt><trkpt lat="-8.066046464128569" lon="113.65977323338957"><ele>652.8</ele><time>2026-08-14T09:33:13.000Z</time></trkpt><trkpt lat="-8.066036064128538" lon="113.65976780005619"><ele>652.8</ele><time>2026-08-14T09:33:14.000Z</time></trkpt><trkpt lat="-8.066025960795345" lon="113.65976281338945"><ele>652.8</ele><time>2026-08-14T09:33:15.000Z</time></trkpt><trkpt lat="-8.06601686079544" lon="113.65975849338933"><ele>653.9</ele><time>2026-08-14T09:33:16.000Z</time></trkpt><trkpt lat="-8.06600677746211" lon="113.6597548900559"><ele>653.9</ele><time>2026-08-14T09:33:17.000Z</time></trkpt><trkpt lat="-8.065996327462045" lon="113.65975108005577"><ele>653.9</ele><time>2026-08-14T09:33:18.000Z</time></trkpt><trkpt lat="-8.06598557412863" lon="113.65974681672239"><ele>653.9</ele><time>2026-08-14T09:33:19.000Z</time></trkpt><trkpt lat="-8.065975470795117" lon="113.65974159672233"><ele>653.9</ele><time>2026-08-14T09:33:20.000Z</time></trkpt><trkpt lat="-8.065963777461583" lon="113.65973495672226"><ele>654.9</ele><time>2026-08-14T09:33:21.000Z</time></trkpt><trkpt lat="-8.06595332412805" lon="113.65972739672213"><ele>654.9</ele><time>2026-08-14T09:33:22.000Z</time></trkpt><trkpt lat="-8.065942837461302" lon="113.659718666722"><ele>654.9</ele><time>2026-08-14T09:33:23.000Z</time></trkpt><trkpt lat="-8.065933017461168" lon="113.65971005005522"><ele>654.9</ele><time>2026-08-14T09:33:24.000Z</time></trkpt><trkpt lat="-8.065921954127674" lon="113.65970167338847"><ele>654.9</ele><time>2026-08-14T09:33:25.000Z</time></trkpt><trkpt lat="-8.065911907460814" lon="113.659694220055"><ele>655.3</ele><time>2026-08-14T09:33:26.000Z</time></trkpt><trkpt lat="-8.06590185079397" lon="113.65968714338831"><ele>655.3</ele><time>2026-08-14T09:33:27.000Z</time></trkpt><trkpt lat="-8.065891080793842" lon="113.65967975338826"><ele>655.3</ele><time>2026-08-14T09:33:28.000Z</time></trkpt><trkpt lat="-8.065879274127106" lon="113.65967140005493"><ele>655.3</ele><time>2026-08-14T09:33:29.000Z</time></trkpt><trkpt lat="-8.065866880793637" lon="113.65966272672172"><ele>655.3</ele><time>2026-08-14T09:33:30.000Z</time></trkpt><trkpt lat="-8.065852964126895" lon="113.65965232338854"><ele>656.0</ele><time>2026-08-14T09:33:31.000Z</time></trkpt><trkpt lat="-8.065837380793509" lon="113.6596404900552"><ele>656.0</ele><time>2026-08-14T09:33:32.000Z</time></trkpt><trkpt lat="-8.065820544126776" lon="113.65962775005525"><ele>656.0</ele><time>2026-08-14T09:33:33.000Z</time></trkpt><trkpt lat="-8.065802834126565" lon="113.65961544338856"><ele>656.0</ele><time>2026-08-14T09:33:34.000Z</time></trkpt><trkpt lat="-8.065784910793193" lon="113.6596020400552"><ele>656.0</ele><time>2026-08-14T09:33:35.000Z</time></trkpt><trkpt lat="-8.065766204126529" lon="113.65958879338844"><ele>656.5</ele><time>2026-08-14T09:33:36.000Z</time></trkpt><trkpt lat="-8.065747674126452" lon="113.65957605338846"><ele>656.5</ele><time>2026-08-14T09:33:37.000Z</time></trkpt><trkpt lat="-8.065730667459649" lon="113.65956416338842"><ele>656.5</ele><time>2026-08-14T09:33:38.000Z</time></trkpt><trkpt lat="-8.06571416412633" lon="113.6595529667217"><ele>656.5</ele><time>2026-08-14T09:33:39.000Z</time></trkpt><trkpt lat="-8.065698187459619" lon="113.65954330338823"><ele>656.5</ele><time>2026-08-14T09:33:40.000Z</time></trkpt><trkpt lat="-8.065682914126098" lon="113.65953456338812"><ele>656.8</ele><time>2026-08-14T09:33:41.000Z</time></trkpt><trkpt lat="-8.06566736745929" lon="113.65952596672136"><ele>656.8</ele><time>2026-08-14T09:33:42.000Z</time></trkpt><trkpt lat="-8.065652714125822" lon="113.65951807338801"><ele>656.8</ele><time>2026-08-14T09:33:43.000Z</time></trkpt><trkpt lat="-8.065637964125653" lon="113.65950892672137"><ele>656.8</ele><time>2026-08-14T09:33:44.000Z</time></trkpt><trkpt lat="-8.065624057458898" lon="113.6594996433881"><ele>656.8</ele><time>2026-08-14T09:33:45.000Z</time></trkpt><trkpt lat="-8.065609897458824" lon="113.6594906100549"><ele>657.2</ele><time>2026-08-14T09:33:46.000Z</time></trkpt><trkpt lat="-8.065595867458667" lon="113.65948272338827"><ele>657.2</ele><time>2026-08-14T09:33:47.000Z</time></trkpt><trkpt lat="-8.065580624125209" lon="113.65947430338831"><ele>657.2</ele><time>2026-08-14T09:33:48.000Z</time></trkpt><trkpt lat="-8.065564604124978" lon="113.65946667005501"><ele>657.2</ele><time>2026-08-14T09:33:49.000Z</time></trkpt><trkpt lat="-8.065548270791302" lon="113.65945743338827"><ele>657.2</ele><time>2026-08-14T09:33:50.000Z</time></trkpt><trkpt lat="-8.065531957457813" lon="113.65944745005474"><ele>657.8</ele><time>2026-08-14T09:33:51.000Z</time></trkpt><trkpt lat="-8.065516854124365" lon="113.65943582338798"><ele>657.8</ele><time>2026-08-14T09:33:52.000Z</time></trkpt><trkpt lat="-8.065502234124219" lon="113.65942382672117"><ele>657.8</ele><time>2026-08-14T09:33:53.000Z</time></trkpt><trkpt lat="-8.065489170790771" lon="113.65941080338754"><ele>657.8</ele><time>2026-08-14T09:33:54.000Z</time></trkpt><trkpt lat="-8.065475884124067" lon="113.6593986567207"><ele>657.8</ele><time>2026-08-14T09:33:55.000Z</time></trkpt><trkpt lat="-8.065463324123892" lon="113.65938586338723"><ele>658.3</ele><time>2026-08-14T09:33:56.000Z</time></trkpt><trkpt lat="-8.065449734123836" lon="113.65937399005368"><ele>658.3</ele><time>2026-08-14T09:33:57.000Z</time></trkpt><trkpt lat="-8.065435650790388" lon="113.65936155672014"><ele>658.3</ele><time>2026-08-14T09:33:58.000Z</time></trkpt><trkpt lat="-8.065420767457045" lon="113.65935096672001"><ele>658.3</ele><time>2026-08-14T09:33:59.000Z</time></trkpt><trkpt lat="-8.065406267456938" lon="113.65934081671995"><ele>658.3</ele><time>2026-08-14T09:34:00.000Z</time></trkpt><trkpt lat="-8.065392147456699" lon="113.65933142005319"><ele>659.4</ele><time>2026-08-14T09:34:01.000Z</time></trkpt><trkpt lat="-8.065377750789592" lon="113.65932175005307"><ele>659.4</ele><time>2026-08-14T09:34:02.000Z</time></trkpt><trkpt lat="-8.065364117455804" lon="113.65931260338634"><ele>659.4</ele><time>2026-08-14T09:34:03.000Z</time></trkpt><trkpt lat="-8.065351614121962" lon="113.65930313005302"><ele>659.4</ele><time>2026-08-14T09:34:04.000Z</time></trkpt><trkpt lat="-8.065339904121501" lon="113.65929319005298"><ele>659.4</ele><time>2026-08-14T09:34:05.000Z</time></trkpt><trkpt lat="-8.065327944121085" lon="113.65928294005292"><ele>660.6</ele><time>2026-08-14T09:34:06.000Z</time></trkpt><trkpt lat="-8.065317810787509" lon="113.6592723067195"><ele>660.6</ele><time>2026-08-14T09:34:07.000Z</time></trkpt><trkpt lat="-8.065307587453956" lon="113.65926193338593"><ele>660.6</ele><time>2026-08-14T09:34:08.000Z</time></trkpt><trkpt lat="-8.065298680787135" lon="113.65925114338559"><ele>660.6</ele><time>2026-08-14T09:34:09.000Z</time></trkpt><trkpt lat="-8.065288844120289" lon="113.65924141005182"><ele>660.6</ele><time>2026-08-14T09:34:10.000Z</time></trkpt><trkpt lat="-8.065278897453497" lon="113.65923245005142"><ele>661.2</ele><time>2026-08-14T09:34:11.000Z</time></trkpt><trkpt lat="-8.065267830786638" lon="113.65922520338442"><ele>661.2</ele><time>2026-08-14T09:34:12.000Z</time></trkpt><trkpt lat="-8.065256127453228" lon="113.65921887005086"><ele>661.2</ele><time>2026-08-14T09:34:13.000Z</time></trkpt><trkpt lat="-8.065243174119725" lon="113.65921325671738"><ele>661.2</ele><time>2026-08-14T09:34:14.000Z</time></trkpt><trkpt lat="-8.065230494119511" lon="113.65920762338392"><ele>661.2</ele><time>2026-08-14T09:34:15.000Z</time></trkpt><trkpt lat="-8.065218180785925" lon="113.65920184338384"><ele>662.4</ele><time>2026-08-14T09:34:16.000Z</time></trkpt><trkpt lat="-8.065205780785728" lon="113.65919447338368"><ele>662.4</ele><time>2026-08-14T09:34:17.000Z</time></trkpt><trkpt lat="-8.065193377452166" lon="113.65918651005022"><ele>662.4</ele><time>2026-08-14T09:34:18.000Z</time></trkpt><trkpt lat="-8.065181494118699" lon="113.65917758005014"><ele>662.4</ele><time>2026-08-14T09:34:19.000Z</time></trkpt><trkpt lat="-8.065169087451988" lon="113.65916837005004"><ele>662.4</ele><time>2026-08-14T09:34:20.000Z</time></trkpt><trkpt lat="-8.065156807452043" lon="113.65915912004998"><ele>663.8</ele><time>2026-08-14T09:34:21.000Z</time></trkpt><trkpt lat="-8.065144407452062" lon="113.65915154005002"><ele>663.8</ele><time>2026-08-14T09:34:22.000Z</time></trkpt><trkpt lat="-8.065132057452113" lon="113.6591444833834"><ele>663.8</ele><time>2026-08-14T09:34:23.000Z</time></trkpt><trkpt lat="-8.065119224118863" lon="113.65913883338332"><ele>663.8</ele><time>2026-08-14T09:34:24.000Z</time></trkpt><trkpt lat="-8.065107440785567" lon="113.65913380004997"><ele>663.8</ele><time>2026-08-14T09:34:25.000Z</time></trkpt><trkpt lat="-8.065095947452168" lon="113.65912926671656"><ele>664.4</ele><time>2026-08-14T09:34:26.000Z</time></trkpt><trkpt lat="-8.065085647452099" lon="113.65912537338315"><ele>664.4</ele><time>2026-08-14T09:34:27.000Z</time></trkpt><trkpt lat="-8.065075607451861" lon="113.65912108004974"><ele>664.4</ele><time>2026-08-14T09:34:28.000Z</time></trkpt><trkpt lat="-8.065066897451596" lon="113.65911659671636"><ele>664.4</ele><time>2026-08-14T09:34:29.000Z</time></trkpt><trkpt lat="-8.065058077451384" lon="113.65911283671628"><ele>664.4</ele><time>2026-08-14T09:34:30.000Z</time></trkpt><trkpt lat="-8.06504920411799" lon="113.65910924671623"><ele>665.4</ele><time>2026-08-14T09:34:31.000Z</time></trkpt><trkpt lat="-8.06504046745124" lon="113.65910377671614"><ele>665.4</ele><time>2026-08-14T09:34:32.000Z</time></trkpt><trkpt lat="-8.065031620784545" lon="113.6590972100494"><ele>665.4</ele><time>2026-08-14T09:34:33.000Z</time></trkpt><trkpt lat="-8.065021824117853" lon="113.65909102671603"><ele>665.4</ele><time>2026-08-14T09:34:34.000Z</time></trkpt><trkpt lat="-8.06501150078445" lon="113.65908401004938"><ele>665.4</ele><time>2026-08-14T09:34:35.000Z</time></trkpt><trkpt lat="-8.065000460784184" lon="113.65907656004939"><ele>666.3</ele><time>2026-08-14T09:34:36.000Z</time></trkpt><trkpt lat="-8.064989157450615" lon="113.65906929338277"><ele>666.3</ele><time>2026-08-14T09:34:37.000Z</time></trkpt><trkpt lat="-8.064978224117036" lon="113.65906290338276"><ele>666.3</ele><time>2026-08-14T09:34:38.000Z</time></trkpt><trkpt lat="-8.064967450783437" lon="113.65905505338273"><ele>666.3</ele><time>2026-08-14T09:34:39.000Z</time></trkpt><trkpt lat="-8.064956747449841" lon="113.65904725671604"><ele>666.3</ele><time>2026-08-14T09:34:40.000Z</time></trkpt><trkpt lat="-8.06494741744963" lon="113.65904042338268"><ele>666.8</ele><time>2026-08-14T09:34:41.000Z</time></trkpt><trkpt lat="-8.064937627449453" lon="113.65903396338258"><ele>666.8</ele><time>2026-08-14T09:34:42.000Z</time></trkpt><trkpt lat="-8.064927764115907" lon="113.65902761338256"><ele>666.8</ele><time>2026-08-14T09:34:43.000Z</time></trkpt><trkpt lat="-8.064915894115682" lon="113.6590220467159"><ele>666.8</ele><time>2026-08-14T09:34:44.000Z</time></trkpt><trkpt lat="-8.064903920782239" lon="113.65901709671591"><ele>666.8</ele><time>2026-08-14T09:34:45.000Z</time></trkpt><trkpt lat="-8.064890867448883" lon="113.65901018004922"><ele>667.8</ele><time>2026-08-14T09:34:46.000Z</time></trkpt><trkpt lat="-8.064878460782172" lon="113.65900373671593"><ele>667.8</ele><time>2026-08-14T09:34:47.000Z</time></trkpt><trkpt lat="-8.064866197448833" lon="113.65899674338247"><ele>667.8</ele><time>2026-08-14T09:34:48.000Z</time></trkpt><trkpt lat="-8.064855357448913" lon="113.658989840049"><ele>667.8</ele><time>2026-08-14T09:34:49.000Z</time></trkpt><trkpt lat="-8.064845334115603" lon="113.65898183338223"><ele>667.8</ele><time>2026-08-14T09:34:50.000Z</time></trkpt><trkpt lat="-8.064837097448976" lon="113.65897598671548"><ele>668.8</ele><time>2026-08-14T09:34:51.000Z</time></trkpt><trkpt lat="-8.064828007449055" lon="113.65897120338204"><ele>668.8</ele><time>2026-08-14T09:34:52.000Z</time></trkpt><trkpt lat="-8.064820234115865" lon="113.6589662967154"><ele>668.8</ele><time>2026-08-14T09:34:53.000Z</time></trkpt><trkpt lat="-8.064813090782605" lon="113.6589607233821"><ele>668.8</ele><time>2026-08-14T09:34:54.000Z</time></trkpt><trkpt lat="-8.064805414115904" lon="113.65895635671545"><ele>668.8</ele><time>2026-08-14T09:34:55.000Z</time></trkpt><trkpt lat="-8.0647971041158" lon="113.65894999004873"><ele>669.3</ele><time>2026-08-14T09:34:56.000Z</time></trkpt><trkpt lat="-8.064790867448991" lon="113.65894024671518"><ele>669.3</ele><time>2026-08-14T09:34:57.000Z</time></trkpt><trkpt lat="-8.064783327448906" lon="113.65893118671495"><ele>669.3</ele><time>2026-08-14T09:34:58.000Z</time></trkpt><trkpt lat="-8.064775070782066" lon="113.65892201338129"><ele>669.3</ele><time>2026-08-14T09:34:59.000Z</time></trkpt><trkpt lat="-8.064767277448663" lon="113.65891170338094"><ele>669.3</ele><time>2026-08-14T09:35:00.000Z</time></trkpt><trkpt lat="-8.06475905411536" lon="113.65890063671404"><ele>670.4</ele><time>2026-08-14T09:35:01.000Z</time></trkpt><trkpt lat="-8.064749084115444" lon="113.65889049004736"><ele>670.4</ele><time>2026-08-14T09:35:02.000Z</time></trkpt><trkpt lat="-8.06473980744874" lon="113.6588792900473"><ele>670.4</ele><time>2026-08-14T09:35:03.000Z</time></trkpt><trkpt lat="-8.06473181744881" lon="113.65886822671385"><ele>670.4</ele><time>2026-08-14T09:35:04.000Z</time></trkpt><trkpt lat="-8.064723714115463" lon="113.65885762671374"><ele>670.4</ele><time>2026-08-14T09:35:05.000Z</time></trkpt><trkpt lat="-8.064715347448704" lon="113.65884894671353"><ele>671.5</ele><time>2026-08-14T09:35:06.000Z</time></trkpt><trkpt lat="-8.064707240781779" lon="113.65884012004646"><ele>671.5</ele><time>2026-08-14T09:35:07.000Z</time></trkpt><trkpt lat="-8.064698920781584" lon="113.65883184004606"><ele>671.5</ele><time>2026-08-14T09:35:08.000Z</time></trkpt><trkpt lat="-8.064689997448049" lon="113.65882367671239"><ele>671.5</ele><time>2026-08-14T09:35:09.000Z</time></trkpt><trkpt lat="-8.064681104114579" lon="113.6588151533787"><ele>671.5</ele><time>2026-08-14T09:35:10.000Z</time></trkpt><trkpt lat="-8.064672164114437" lon="113.65880623337841"><ele>672.1</ele><time>2026-08-14T09:35:11.000Z</time></trkpt><trkpt lat="-8.064663550781088" lon="113.65879791337827"><ele>672.1</ele><time>2026-08-14T09:35:12.000Z</time></trkpt><trkpt lat="-8.064654064114476" lon="113.65879040671159"><ele>672.1</ele><time>2026-08-14T09:35:13.000Z</time></trkpt><trkpt lat="-8.064644147447748" lon="113.65878342004498"><ele>672.1</ele><time>2026-08-14T09:35:14.000Z</time></trkpt><trkpt lat="-8.06463542744771" lon="113.65877581337841"><ele>672.1</ele><time>2026-08-14T09:35:15.000Z</time></trkpt><trkpt lat="-8.064627647447685" lon="113.65876746337854"><ele>673.6</ele><time>2026-08-14T09:35:16.000Z</time></trkpt><trkpt lat="-8.06462014078095" lon="113.65875911671193"><ele>673.6</ele><time>2026-08-14T09:35:17.000Z</time></trkpt><trkpt lat="-8.06461378411413" lon="113.65874918337863"><ele>673.6</ele><time>2026-08-14T09:35:18.000Z</time></trkpt><trkpt lat="-8.064608880780739" lon="113.6587388700453"><ele>673.6</ele><time>2026-08-14T09:35:19.000Z</time></trkpt><trkpt lat="-8.064603657447336" lon="113.65872932671195"><ele>673.6</ele><time>2026-08-14T09:35:20.000Z</time></trkpt><trkpt lat="-8.064598474113874" lon="113.65871977671183"><ele>675.1</ele><time>2026-08-14T09:35:21.000Z</time></trkpt><trkpt lat="-8.064593147447145" lon="113.65870965004501"><ele>675.1</ele><time>2026-08-14T09:35:22.000Z</time></trkpt><trkpt lat="-8.064587544113763" lon="113.65870100671157"><ele>675.1</ele><time>2026-08-14T09:35:23.000Z</time></trkpt><trkpt lat="-8.064581257447108" lon="113.6586927267114"><ele>675.1</ele><time>2026-08-14T09:35:24.000Z</time></trkpt><trkpt lat="-8.064574297447056" lon="113.65868419337782"><ele>675.1</ele><time>2026-08-14T09:35:25.000Z</time></trkpt><trkpt lat="-8.064567030780395" lon="113.65867684337759"><ele>675.7</ele><time>2026-08-14T09:35:26.000Z</time></trkpt><trkpt lat="-8.06455960078039" lon="113.65867064337738"><ele>675.7</ele><time>2026-08-14T09:35:27.000Z</time></trkpt><trkpt lat="-8.064551690780448" lon="113.65866461004376"><ele>675.7</ele><time>2026-08-14T09:35:28.000Z</time></trkpt><trkpt lat="-8.064542994113747" lon="113.65865872004352"><ele>675.7</ele><time>2026-08-14T09:35:29.000Z</time></trkpt><trkpt lat="-8.06453418078037" lon="113.65865279337663"><ele>675.7</ele><time>2026-08-14T09:35:30.000Z</time></trkpt><trkpt lat="-8.064525547446944" lon="113.65864635004316"><ele>677.1</ele><time>2026-08-14T09:35:31.000Z</time></trkpt><trkpt lat="-8.06451734411353" lon="113.65863940337638"><ele>677.1</ele><time>2026-08-14T09:35:32.000Z</time></trkpt><trkpt lat="-8.064509447446724" lon="113.65863184337631"><ele>677.1</ele><time>2026-08-14T09:35:33.000Z</time></trkpt><trkpt lat="-8.064501950779974" lon="113.65862356004303"><ele>677.1</ele><time>2026-08-14T09:35:34.000Z</time></trkpt><trkpt lat="-8.06449454744656" lon="113.65861497670983"><ele>677.1</ele><time>2026-08-14T09:35:35.000Z</time></trkpt><trkpt lat="-8.064486997446519" lon="113.65860617004326"><ele>678.5</ele><time>2026-08-14T09:35:36.000Z</time></trkpt><trkpt lat="-8.064479704113053" lon="113.65859676337675"><ele>678.5</ele><time>2026-08-14T09:35:37.000Z</time></trkpt><trkpt lat="-8.06447309077955" lon="113.65858724337697"><ele>678.5</ele><time>2026-08-14T09:35:38.000Z</time></trkpt><trkpt lat="-8.064467067446037" lon="113.65857779004382"><ele>678.5</ele><time>2026-08-14T09:35:39.000Z</time></trkpt><trkpt lat="-8.064461237445931" lon="113.65856837004382"><ele>678.5</ele><time>2026-08-14T09:35:40.000Z</time></trkpt><trkpt lat="-8.06445554411247" lon="113.65855894337717"><ele>679.1</ele><time>2026-08-14T09:35:41.000Z</time></trkpt><trkpt lat="-8.064449687445663" lon="113.6585500067105"><ele>679.1</ele><time>2026-08-14T09:35:42.000Z</time></trkpt><trkpt lat="-8.064443440778895" lon="113.65854144337705"><ele>679.1</ele><time>2026-08-14T09:35:43.000Z</time></trkpt><trkpt lat="-8.064436994112098" lon="113.65853335671018"><ele>679.1</ele><time>2026-08-14T09:35:44.000Z</time></trkpt><trkpt lat="-8.064430727445252" lon="113.65852554004337"><ele>679.1</ele><time>2026-08-14T09:35:45.000Z</time></trkpt><trkpt lat="-8.064424584111809" lon="113.6585178233765"><ele>680.4</ele><time>2026-08-14T09:35:46.000Z</time></trkpt><trkpt lat="-8.064418530778447" lon="113.65851030337622"><ele>680.4</ele><time>2026-08-14T09:35:47.000Z</time></trkpt><trkpt lat="-8.064412884111762" lon="113.65850266004263"><ele>680.4</ele><time>2026-08-14T09:35:48.000Z</time></trkpt><trkpt lat="-8.064407770778464" lon="113.65849445337577"><ele>680.4</ele><time>2026-08-14T09:35:49.000Z</time></trkpt><trkpt lat="-8.064402320778495" lon="113.65848565004214"><ele>680.4</ele><time>2026-08-14T09:35:50.000Z</time></trkpt><trkpt lat="-8.064397314111833" lon="113.65847579004182"><ele>681.7</ele><time>2026-08-14T09:35:51.000Z</time></trkpt><trkpt lat="-8.064392560778487" lon="113.65846501337496"><ele>681.7</ele><time>2026-08-14T09:35:52.000Z</time></trkpt><trkpt lat="-8.064387824111748" lon="113.65845343337487"><ele>681.7</ele><time>2026-08-14T09:35:53.000Z</time></trkpt><trkpt lat="-8.064382834111637" lon="113.6584416133747"><ele>681.7</ele><time>2026-08-14T09:35:54.000Z</time></trkpt><trkpt lat="-8.064380897444908" lon="113.65843020004134"><ele>681.7</ele><time>2026-08-14T09:35:55.000Z</time></trkpt><trkpt lat="-8.064379574111502" lon="113.65841942337477"><ele>682.4</ele><time>2026-08-14T09:35:56.000Z</time></trkpt><trkpt lat="-8.064379010778095" lon="113.658409076708"><ele>682.4</ele><time>2026-08-14T09:35:57.000Z</time></trkpt><trkpt lat="-8.064379137444721" lon="113.65839918670778"><ele>682.4</ele><time>2026-08-14T09:35:58.000Z</time></trkpt><trkpt lat="-8.064379674111384" lon="113.65838924670761"><ele>682.4</ele><time>2026-08-14T09:35:59.000Z</time></trkpt><trkpt lat="-8.064378154111388" lon="113.65837828004075"><ele>682.4</ele><time>2026-08-14T09:36:00.000Z</time></trkpt><trkpt lat="-8.064377050778067" lon="113.65836703337384"><ele>683.6</ele><time>2026-08-14T09:36:01.000Z</time></trkpt><trkpt lat="-8.06437526077806" lon="113.65835486670699"><ele>683.6</ele><time>2026-08-14T09:36:02.000Z</time></trkpt><trkpt lat="-8.064371847444741" lon="113.6583406667067"><ele>683.6</ele><time>2026-08-14T09:36:03.000Z</time></trkpt><trkpt lat="-8.064367674111361" lon="113.6583280733731"><ele>683.6</ele><time>2026-08-14T09:36:04.000Z</time></trkpt><trkpt lat="-8.064362080777979" lon="113.65831664337286"><ele>683.6</ele><time>2026-08-14T09:36:05.000Z</time></trkpt><trkpt lat="-8.064354304111266" lon="113.65830601003934"><ele>684.6</ele><time>2026-08-14T09:36:06.000Z</time></trkpt><trkpt lat="-8.064345104111291" lon="113.6582960500391"><ele>684.6</ele><time>2026-08-14T09:36:07.000Z</time></trkpt><trkpt lat="-8.06433475077804" lon="113.65828754003901"><ele>684.6</ele><time>2026-08-14T09:36:08.000Z</time></trkpt><trkpt lat="-8.064323304111417" lon="113.6582773333723"><ele>684.6</ele><time>2026-08-14T09:36:09.000Z</time></trkpt><trkpt lat="-8.064311870778038" lon="113.65826585003887"><ele>684.6</ele><time>2026-08-14T09:36:10.000Z</time></trkpt><trkpt lat="-8.064300170777882" lon="113.65825433003879"><ele>685.0</ele><time>2026-08-14T09:36:11.000Z</time></trkpt><trkpt lat="-8.064290447444332" lon="113.65824374003876"><ele>685.0</ele><time>2026-08-14T09:36:12.000Z</time></trkpt><trkpt lat="-8.064282154110714" lon="113.65823418003868"><ele>685.0</ele><time>2026-08-14T09:36:13.000Z</time></trkpt><trkpt lat="-8.064273770777122" lon="113.65822449670512"><ele>685.0</ele><time>2026-08-14T09:36:14.000Z</time></trkpt><trkpt lat="-8.064265977443627" lon="113.65821616003825"><ele>685.0</ele><time>2026-08-14T09:36:15.000Z</time></trkpt><trkpt lat="-8.064258920776856" lon="113.6582082767047"><ele>685.5</ele><time>2026-08-14T09:36:16.000Z</time></trkpt><trkpt lat="-8.064250227443411" lon="113.65820005337116"><ele>685.5</ele><time>2026-08-14T09:36:17.000Z</time></trkpt><trkpt lat="-8.064242087443272" lon="113.65819151337101"><ele>685.5</ele><time>2026-08-14T09:36:18.000Z</time></trkpt><trkpt lat="-8.064235254109878" lon="113.6581832000376"><ele>685.5</ele><time>2026-08-14T09:36:19.000Z</time></trkpt><trkpt lat="-8.064226300776388" lon="113.65817412670413"><ele>685.5</ele><time>2026-08-14T09:36:20.000Z</time></trkpt><trkpt lat="-8.064215850776218" lon="113.65816422337062"><ele>685.8</ele><time>2026-08-14T09:36:21.000Z</time></trkpt><trkpt lat="-8.064204320776136" lon="113.65815339670367"><ele>685.8</ele><time>2026-08-14T09:36:22.000Z</time></trkpt><trkpt lat="-8.064190897442788" lon="113.65814290003678"><ele>685.8</ele><time>2026-08-14T09:36:23.000Z</time></trkpt><trkpt lat="-8.064178490776092" lon="113.65813348003653"><ele>685.8</ele><time>2026-08-14T09:36:24.000Z</time></trkpt><trkpt lat="-8.064167584109546" lon="113.65812477003635"><ele>685.8</ele><time>2026-08-14T09:36:25.000Z</time></trkpt><trkpt lat="-8.0641572407764" lon="113.65811654336957"><ele>686.1</ele><time>2026-08-14T09:36:26.000Z</time></trkpt><trkpt lat="-8.06414842410978" lon="113.65810929336958"><ele>686.1</ele><time>2026-08-14T09:36:27.000Z</time></trkpt><trkpt lat="-8.064140767443064" lon="113.65810100670281"><ele>686.1</ele><time>2026-08-14T09:36:28.000Z</time></trkpt><trkpt lat="-8.064130517443028" lon="113.65809092003606"><ele>686.1</ele><time>2026-08-14T09:36:29.000Z</time></trkpt><trkpt lat="-8.06412036744295" lon="113.6580815133693"><ele>686.1</ele><time>2026-08-14T09:36:30.000Z</time></trkpt><trkpt lat="-8.064111510776163" lon="113.65807210003581"><ele>686.9</ele><time>2026-08-14T09:36:31.000Z</time></trkpt><trkpt lat="-8.064102420776134" lon="113.65806328336903"><ele>686.9</ele><time>2026-08-14T09:36:32.000Z</time></trkpt><trkpt lat="-8.064092400776188" lon="113.65805669003564"><ele>686.9</ele><time>2026-08-14T09:36:33.000Z</time></trkpt><trkpt lat="-8.064083967442897" lon="113.65805247003559"><ele>686.9</ele><time>2026-08-14T09:36:34.000Z</time></trkpt><trkpt lat="-8.064075997442938" lon="113.65804758003556"><ele>686.9</ele><time>2026-08-14T09:36:35.000Z</time></trkpt><trkpt lat="-8.064066260776263" lon="113.65804173336889"><ele>688.0</ele><time>2026-08-14T09:36:36.000Z</time></trkpt><trkpt lat="-8.06405610744293" lon="113.65803484003553"><ele>688.0</ele><time>2026-08-14T09:36:37.000Z</time></trkpt><trkpt lat="-8.06404667410961" lon="113.65802646670207"><ele>688.0</ele><time>2026-08-14T09:36:38.000Z</time></trkpt><trkpt lat="-8.064035507442899" lon="113.65801652336862"><ele>688.0</ele><time>2026-08-14T09:36:39.000Z</time></trkpt><trkpt lat="-8.064022864109477" lon="113.65800683336849"><ele>688.0</ele><time>2026-08-14T09:36:40.000Z</time></trkpt><trkpt lat="-8.064011064109469" lon="113.65799732003502"><ele>688.5</ele><time>2026-08-14T09:36:41.000Z</time></trkpt><trkpt lat="-8.06399745410923" lon="113.657987830035"><ele>688.5</ele><time>2026-08-14T09:36:42.000Z</time></trkpt><trkpt lat="-8.063981864109115" lon="113.65797707670166"><ele>688.5</ele><time>2026-08-14T09:36:43.000Z</time></trkpt><trkpt lat="-8.063965974109014" lon="113.65796607003499"><ele>688.5</ele><time>2026-08-14T09:36:44.000Z</time></trkpt><trkpt lat="-8.06394967410898" lon="113.65795419003491"><ele>688.5</ele><time>2026-08-14T09:36:45.000Z</time></trkpt><trkpt lat="-8.063932507442198" lon="113.65794099003479"><ele>689.3</ele><time>2026-08-14T09:36:46.000Z</time></trkpt><trkpt lat="-8.06391586410887" lon="113.6579264767013"><ele>689.3</ele><time>2026-08-14T09:36:47.000Z</time></trkpt><trkpt lat="-8.063899407442221" lon="113.6579126733679"><ele>689.3</ele><time>2026-08-14T09:36:48.000Z</time></trkpt><trkpt lat="-8.063883227442226" lon="113.65789865670118"><ele>689.3</ele><time>2026-08-14T09:36:49.000Z</time></trkpt><trkpt lat="-8.063865854108794" lon="113.65788397003453"><ele>689.3</ele><time>2026-08-14T09:36:50.000Z</time></trkpt><trkpt lat="-8.06384768744198" lon="113.65787016670126"><ele>689.9</ele><time>2026-08-14T09:36:51.000Z</time></trkpt><trkpt lat="-8.063829517441803" lon="113.65785695003464"><ele>689.9</ele><time>2026-08-14T09:36:52.000Z</time></trkpt><trkpt lat="-8.063811817441472" lon="113.65784366670132"><ele>689.9</ele><time>2026-08-14T09:36:53.000Z</time></trkpt><trkpt lat="-8.063793524107892" lon="113.6578303300347"><ele>689.9</ele><time>2026-08-14T09:36:54.000Z</time></trkpt><trkpt lat="-8.063776297440985" lon="113.65781822336812"><ele>689.9</ele><time>2026-08-14T09:36:55.000Z</time></trkpt><trkpt lat="-8.063759024107403" lon="113.65780683003489"><ele>690.2</ele><time>2026-08-14T09:36:56.000Z</time></trkpt><trkpt lat="-8.06374181077395" lon="113.65779649336824"><ele>690.2</ele><time>2026-08-14T09:36:57.000Z</time></trkpt><trkpt lat="-8.063724404107088" lon="113.65778668336823"><ele>690.2</ele><time>2026-08-14T09:36:58.000Z</time></trkpt><trkpt lat="-8.063706187440243" lon="113.65777772670148"><ele>690.2</ele><time>2026-08-14T09:36:59.000Z</time></trkpt><trkpt lat="-8.0636887007735" lon="113.65776886003474"><ele>690.2</ele><time>2026-08-14T09:37:00.000Z</time></trkpt><trkpt lat="-8.063670634106968" lon="113.65775966336784"><ele>690.9</ele><time>2026-08-14T09:37:01.000Z</time></trkpt><trkpt lat="-8.063652837440362" lon="113.65774970003426"><ele>690.9</ele><time>2026-08-14T09:37:02.000Z</time></trkpt><trkpt lat="-8.063634874107047" lon="113.65773937003405"><ele>690.9</ele><time>2026-08-14T09:37:03.000Z</time></trkpt><trkpt lat="-8.063617887440213" lon="113.65772923003378"><ele>690.9</ele><time>2026-08-14T09:37:04.000Z</time></trkpt><trkpt lat="-8.063600247440007" lon="113.65771788670008"><ele>690.9</ele><time>2026-08-14T09:37:05.000Z</time></trkpt><trkpt lat="-8.06358329743975" lon="113.65770605003306"><ele>691.6</ele><time>2026-08-14T09:37:06.000Z</time></trkpt><trkpt lat="-8.063566664106087" lon="113.65769501003281"><ele>691.6</ele><time>2026-08-14T09:37:07.000Z</time></trkpt><trkpt lat="-8.063550907439053" lon="113.65768405003249"><ele>691.6</ele><time>2026-08-14T09:37:08.000Z</time></trkpt><trkpt lat="-8.063534830772273" lon="113.65767234336553"><ele>691.6</ele><time>2026-08-14T09:37:09.000Z</time></trkpt><trkpt lat="-8.063519270772009" lon="113.65766152669862"><ele>691.6</ele><time>2026-08-14T09:37:10.000Z</time></trkpt><trkpt lat="-8.063504814104991" lon="113.65765074336517"><ele>691.9</ele><time>2026-08-14T09:37:11.000Z</time></trkpt><trkpt lat="-8.063489610771475" lon="113.65763792003159"><ele>691.9</ele><time>2026-08-14T09:37:12.000Z</time></trkpt><trkpt lat="-8.063474527437998" lon="113.65762442003138"><ele>691.9</ele><time>2026-08-14T09:37:13.000Z</time></trkpt><trkpt lat="-8.06345949077119" lon="113.65761012336444"><ele>691.9</ele><time>2026-08-14T09:37:14.000Z</time></trkpt><trkpt lat="-8.0634439174379" lon="113.65759505003093"><ele>691.9</ele><time>2026-08-14T09:37:15.000Z</time></trkpt><trkpt lat="-8.063428654104687" lon="113.65757918669733"><ele>692.8</ele><time>2026-08-14T09:37:16.000Z</time></trkpt><trkpt lat="-8.063413704104704" lon="113.65756400669716"><ele>692.8</ele><time>2026-08-14T09:37:17.000Z</time></trkpt><trkpt lat="-8.063398824104725" lon="113.65754881669707"><ele>692.8</ele><time>2026-08-14T09:37:18.000Z</time></trkpt><trkpt lat="-8.063385050771355" lon="113.65753388003029"><ele>692.8</ele><time>2026-08-14T09:37:19.000Z</time></trkpt><trkpt lat="-8.06337159410458" lon="113.6575190900301"><ele>692.8</ele><time>2026-08-14T09:37:20.000Z</time></trkpt><trkpt lat="-8.063357090771106" lon="113.65750561003003"><ele>693.7</ele><time>2026-08-14T09:37:21.000Z</time></trkpt><trkpt lat="-8.063342164104244" lon="113.65749261336336"><ele>693.7</ele><time>2026-08-14T09:37:22.000Z</time></trkpt><trkpt lat="-8.063327427437423" lon="113.65747981669654"><ele>693.7</ele><time>2026-08-14T09:37:23.000Z</time></trkpt><trkpt lat="-8.063312344103945" lon="113.65746697669644"><ele>693.7</ele><time>2026-08-14T09:37:24.000Z</time></trkpt><trkpt lat="-8.063297440770418" lon="113.6574549966964"><ele>693.7</ele><time>2026-08-14T09:37:25.000Z</time></trkpt><trkpt lat="-8.063282747436904" lon="113.65744269002964"><ele>694.2</ele><time>2026-08-14T09:37:26.000Z</time></trkpt><trkpt lat="-8.0632684674369" lon="113.65742992002944"><ele>694.2</ele><time>2026-08-14T09:37:27.000Z</time></trkpt><trkpt lat="-8.063253460770156" lon="113.6574163000294"><ele>694.2</ele><time>2026-08-14T09:37:28.000Z</time></trkpt><trkpt lat="-8.063238847436738" lon="113.6574038100293"><ele>694.2</ele><time>2026-08-14T09:37:29.000Z</time></trkpt><trkpt lat="-8.063224990770124" lon="113.65739082669586"><ele>694.2</ele><time>2026-08-14T09:37:30.000Z</time></trkpt><trkpt lat="-8.063211644103509" lon="113.65737836669564"><ele>695.4</ele><time>2026-08-14T09:37:31.000Z</time></trkpt><trkpt lat="-8.063198384103504" lon="113.65736685669553"><ele>695.4</ele><time>2026-08-14T09:37:32.000Z</time></trkpt><trkpt lat="-8.063186374103699" lon="113.65735771669536"><ele>695.4</ele><time>2026-08-14T09:37:33.000Z</time></trkpt><trkpt lat="-8.06317488410377" lon="113.65734904002859"><ele>695.4</ele><time>2026-08-14T09:37:34.000Z</time></trkpt><trkpt lat="-8.063163710770436" lon="113.65734082002845"><ele>695.4</ele><time>2026-08-14T09:37:35.000Z</time></trkpt><trkpt lat="-8.063153590770423" lon="113.65733292002842"><ele>696.5</ele><time>2026-08-14T09:37:36.000Z</time></trkpt><trkpt lat="-8.063144654103754" lon="113.65732561002832"><ele>696.5</ele><time>2026-08-14T09:37:37.000Z</time></trkpt><trkpt lat="-8.0631357241036" lon="113.65731830669495"><ele>696.5</ele><time>2026-08-14T09:37:38.000Z</time></trkpt><trkpt lat="-8.063126817436778" lon="113.65731139336151"><ele>696.5</ele><time>2026-08-14T09:37:39.000Z</time></trkpt><trkpt lat="-8.063117854103304" lon="113.6573052600281"><ele>696.5</ele><time>2026-08-14T09:37:40.000Z</time></trkpt><trkpt lat="-8.06310839743654" lon="113.65729966669474"><ele>697.1</ele><time>2026-08-14T09:37:41.000Z</time></trkpt><trkpt lat="-8.063098274103165" lon="113.657293780028"><ele>697.1</ele><time>2026-08-14T09:37:42.000Z</time></trkpt><trkpt lat="-8.063086687436428" lon="113.65728710002786"><ele>697.1</ele><time>2026-08-14T09:37:43.000Z</time></trkpt><trkpt lat="-8.063073667436393" lon="113.65727924002772"><ele>697.1</ele><time>2026-08-14T09:37:44.000Z</time></trkpt><trkpt lat="-8.063058940769665" lon="113.6572703366943"><ele>697.1</ele><time>2026-08-14T09:37:45.000Z</time></trkpt><trkpt lat="-8.063043724102908" lon="113.65726109669417"><ele>697.9</ele><time>2026-08-14T09:37:46.000Z</time></trkpt><trkpt lat="-8.063028844102714" lon="113.65725187336068"><ele>697.9</ele><time>2026-08-14T09:37:47.000Z</time></trkpt><trkpt lat="-8.063015484102644" lon="113.65724365669398"><ele>697.9</ele><time>2026-08-14T09:37:48.000Z</time></trkpt><trkpt lat="-8.063004070769233" lon="113.65723706669397"><ele>697.9</ele><time>2026-08-14T09:37:49.000Z</time></trkpt><trkpt lat="-8.062993880769108" lon="113.65723081336048"><ele>697.9</ele><time>2026-08-14T09:37:50.000Z</time></trkpt><trkpt lat="-8.062982584102372" lon="113.65722365669362"><ele>698.5</ele><time>2026-08-14T09:37:51.000Z</time></trkpt><trkpt lat="-8.06296836743543" lon="113.6572161600269"><ele>698.5</ele><time>2026-08-14T09:37:52.000Z</time></trkpt><trkpt lat="-8.062954544101814" lon="113.65720834669348"><ele>698.5</ele><time>2026-08-14T09:37:53.000Z</time></trkpt><trkpt lat="-8.06294058076819" lon="113.65720037669341"><ele>698.5</ele><time>2026-08-14T09:37:54.000Z</time></trkpt><trkpt lat="-8.062927690767964" lon="113.65719292669344"><ele>698.5</ele><time>2026-08-14T09:37:55.000Z</time></trkpt><trkpt lat="-8.062915407434227" lon="113.65718590002692"><ele>698.8</ele><time>2026-08-14T09:37:56.000Z</time></trkpt><trkpt lat="-8.062905714100646" lon="113.65717895669357"><ele>698.8</ele><time>2026-08-14T09:37:57.000Z</time></trkpt><trkpt lat="-8.062894344100327" lon="113.65717184002688"><ele>698.8</ele><time>2026-08-14T09:37:58.000Z</time></trkpt><trkpt lat="-8.062882314100122" lon="113.65716376669351"><ele>698.8</ele><time>2026-08-14T09:37:59.000Z</time></trkpt><trkpt lat="-8.062869840766558" lon="113.65715563336013"><ele>698.8</ele><time>2026-08-14T09:38:00.000Z</time></trkpt><trkpt lat="-8.062858724099772" lon="113.65714833002671"><ele>699.4</ele><time>2026-08-14T09:38:01.000Z</time></trkpt><trkpt lat="-8.062846684099688" lon="113.65714118336003"><ele>699.4</ele><time>2026-08-14T09:38:02.000Z</time></trkpt><trkpt lat="-8.062836664099635" lon="113.65713448002673"><ele>699.4</ele><time>2026-08-14T09:38:03.000Z</time></trkpt><trkpt lat="-8.062826327432774" lon="113.65712855336012"><ele>699.4</ele><time>2026-08-14T09:38:04.000Z</time></trkpt><trkpt lat="-8.062815920765908" lon="113.6571228700268"><ele>699.4</ele><time>2026-08-14T09:38:05.000Z</time></trkpt><trkpt lat="-8.062805937432325" lon="113.65711678669336"><ele>699.9</ele><time>2026-08-14T09:38:06.000Z</time></trkpt><trkpt lat="-8.062796510765411" lon="113.65711113669329"><ele>699.9</ele><time>2026-08-14T09:38:07.000Z</time></trkpt><trkpt lat="-8.062785517431918" lon="113.6571060500265"><ele>699.9</ele><time>2026-08-14T09:38:08.000Z</time></trkpt><trkpt lat="-8.062775310765186" lon="113.65710099335972"><ele>699.9</ele><time>2026-08-14T09:38:09.000Z</time></trkpt><trkpt lat="-8.062765127431788" lon="113.65709698002634"><ele>699.9</ele><time>2026-08-14T09:38:10.000Z</time></trkpt><trkpt lat="-8.062754690765074" lon="113.657092676693"><ele>700.1</ele><time>2026-08-14T09:38:11.000Z</time></trkpt><trkpt lat="-8.062745507431707" lon="113.65708616335965"><ele>700.1</ele><time>2026-08-14T09:38:12.000Z</time></trkpt><trkpt lat="-8.062736817431519" lon="113.657078776693"><ele>700.1</ele><time>2026-08-14T09:38:13.000Z</time></trkpt><trkpt lat="-8.062727737431263" lon="113.65707016335966"><ele>700.1</ele><time>2026-08-14T09:38:14.000Z</time></trkpt><trkpt lat="-8.062716957430935" lon="113.65705821669289"><ele>700.1</ele><time>2026-08-14T09:38:15.000Z</time></trkpt><trkpt lat="-8.062704644097348" lon="113.6570458033594"><ele>700.8</ele><time>2026-08-14T09:38:16.000Z</time></trkpt><trkpt lat="-8.062692407430495" lon="113.65703530669256"><ele>700.8</ele><time>2026-08-14T09:38:17.000Z</time></trkpt><trkpt lat="-8.062679957430479" lon="113.65702563002569"><ele>700.8</ele><time>2026-08-14T09:38:18.000Z</time></trkpt><trkpt lat="-8.062668607430453" lon="113.65701718002549"><ele>700.8</ele><time>2026-08-14T09:38:19.000Z</time></trkpt><trkpt lat="-8.062659754097192" lon="113.65701012002542"><ele>700.8</ele><time>2026-08-14T09:38:20.000Z</time></trkpt><trkpt lat="-8.06265200076381" lon="113.65700439002539"><ele>701.5</ele><time>2026-08-14T09:38:21.000Z</time></trkpt><trkpt lat="-8.062643014097054" lon="113.65699905335865"><ele>701.5</ele><time>2026-08-14T09:38:22.000Z</time></trkpt><trkpt lat="-8.062633667430182" lon="113.6569935033586"><ele>701.5</ele><time>2026-08-14T09:38:23.000Z</time></trkpt><trkpt lat="-8.06262248076334" lon="113.65698745335855"><ele>701.5</ele><time>2026-08-14T09:38:24.000Z</time></trkpt><trkpt lat="-8.062609900763192" lon="113.65698109669184"><ele>701.5</ele><time>2026-08-14T09:38:25.000Z</time></trkpt><trkpt lat="-8.062597300763077" lon="113.65697398335847"><ele>701.9</ele><time>2026-08-14T09:38:26.000Z</time></trkpt><trkpt lat="-8.062585904096274" lon="113.65696707335842"><ele>701.9</ele><time>2026-08-14T09:38:27.000Z</time></trkpt><trkpt lat="-8.062574640762751" lon="113.6569597333583"><ele>701.9</ele><time>2026-08-14T09:38:28.000Z</time></trkpt><trkpt lat="-8.062563744095858" lon="113.65695228002483"><ele>701.9</ele><time>2026-08-14T09:38:29.000Z</time></trkpt><trkpt lat="-8.062552837428871" lon="113.6569458800246"><ele>701.9</ele><time>2026-08-14T09:38:30.000Z</time></trkpt><trkpt lat="-8.062541600761833" lon="113.65693983002436"><ele>702.5</ele><time>2026-08-14T09:38:31.000Z</time></trkpt><trkpt lat="-8.062529014094745" lon="113.65693251002426"><ele>702.5</ele><time>2026-08-14T09:38:32.000Z</time></trkpt><trkpt lat="-8.062515977427783" lon="113.65692520335756"><ele>702.5</ele><time>2026-08-14T09:38:33.000Z</time></trkpt><trkpt lat="-8.062501600760646" lon="113.65691771335753"><ele>702.5</ele><time>2026-08-14T09:38:34.000Z</time></trkpt><trkpt lat="-8.062486194093632" lon="113.65690945335746"><ele>702.5</ele><time>2026-08-14T09:38:35.000Z</time></trkpt><trkpt lat="-8.062471830760058" lon="113.65690194669074"><ele>703.2</ele><time>2026-08-14T09:38:36.000Z</time></trkpt><trkpt lat="-8.062458150759923" lon="113.65689581002391"><ele>703.2</ele><time>2026-08-14T09:38:37.000Z</time></trkpt><trkpt lat="-8.062445130759674" lon="113.65688935669039"><ele>703.2</ele><time>2026-08-14T09:38:38.000Z</time></trkpt><trkpt lat="-8.062433797426253" lon="113.65688317335687"><ele>703.2</ele><time>2026-08-14T09:38:39.000Z</time></trkpt><trkpt lat="-8.06242376409285" lon="113.65687717335679"><ele>703.2</ele><time>2026-08-14T09:38:40.000Z</time></trkpt><trkpt lat="-8.062412340759348" lon="113.6568700300234"><ele>703.7</ele><time>2026-08-14T09:38:41.000Z</time></trkpt><trkpt lat="-8.062401434092468" lon="113.65686224002332"><ele>703.7</ele><time>2026-08-14T09:38:42.000Z</time></trkpt><trkpt lat="-8.062391520758997" lon="113.65685431335662"><ele>703.7</ele><time>2026-08-14T09:38:43.000Z</time></trkpt><trkpt lat="-8.062382370758948" lon="113.6568462600233"><ele>703.7</ele><time>2026-08-14T09:38:44.000Z</time></trkpt><trkpt lat="-8.062374257425509" lon="113.65683874669"><ele>703.7</ele><time>2026-08-14T09:38:45.000Z</time></trkpt><trkpt lat="-8.062367944092154" lon="113.65683133002342"><ele>704.7</ele><time>2026-08-14T09:38:46.000Z</time></trkpt><trkpt lat="-8.062360824092067" lon="113.65682389669018"><ele>704.7</ele><time>2026-08-14T09:38:47.000Z</time></trkpt><trkpt lat="-8.062353370758675" lon="113.65681642669028"><ele>704.7</ele><time>2026-08-14T09:38:48.000Z</time></trkpt><trkpt lat="-8.06234458075858" lon="113.65680883002372"><ele>704.7</ele><time>2026-08-14T09:38:49.000Z</time></trkpt><trkpt lat="-8.06233388742513" lon="113.6568000166905"><ele>704.7</ele><time>2026-08-14T09:38:50.000Z</time></trkpt><trkpt lat="-8.06232202075827" lon="113.65679134335728"><ele>705.6</ele><time>2026-08-14T09:38:51.000Z</time></trkpt><trkpt lat="-8.062310747424869" lon="113.65678333002404"><ele>705.6</ele><time>2026-08-14T09:38:52.000Z</time></trkpt><trkpt lat="-8.062299100758112" lon="113.65677567335743"><ele>705.6</ele><time>2026-08-14T09:38:53.000Z</time></trkpt><trkpt lat="-8.062287594091364" lon="113.65676861669075"><ele>705.6</ele><time>2026-08-14T09:38:54.000Z</time></trkpt><trkpt lat="-8.062276210758018" lon="113.65676221669074"><ele>705.6</ele><time>2026-08-14T09:38:55.000Z</time></trkpt><trkpt lat="-8.062264037424656" lon="113.65675481002388"><ele>706.1</ele><time>2026-08-14T09:38:56.000Z</time></trkpt><trkpt lat="-8.062250984091301" lon="113.65674587335702"><ele>706.1</ele><time>2026-08-14T09:38:57.000Z</time></trkpt><trkpt lat="-8.062237580757925" lon="113.65673554002345"><ele>706.1</ele><time>2026-08-14T09:38:58.000Z</time></trkpt><trkpt lat="-8.062224917424533" lon="113.65672308002323"><ele>706.1</ele><time>2026-08-14T09:38:59.000Z</time></trkpt><trkpt lat="-8.06221289742442" lon="113.6567091366896"><ele>706.1</ele><time>2026-08-14T09:39:00.000Z</time></trkpt><trkpt lat="-8.062201267424484" lon="113.65669379668937"><ele>706.9</ele><time>2026-08-14T09:39:01.000Z</time></trkpt><trkpt lat="-8.062190237424524" lon="113.65667741002248"><ele>706.9</ele><time>2026-08-14T09:39:02.000Z</time></trkpt><trkpt lat="-8.062179597424526" lon="113.65666035002221"><ele>706.9</ele><time>2026-08-14T09:39:03.000Z</time></trkpt><trkpt lat="-8.062167747424485" lon="113.65664264002172"><ele>706.9</ele><time>2026-08-14T09:39:04.000Z</time></trkpt><trkpt lat="-8.06215529742447" lon="113.65662484668788"><ele>706.9</ele><time>2026-08-14T09:39:05.000Z</time></trkpt><trkpt lat="-8.062142820757753" lon="113.65660773668742"><ele>707.5</ele><time>2026-08-14T09:39:06.000Z</time></trkpt><trkpt lat="-8.062129037424294" lon="113.65659013002036"><ele>707.5</ele><time>2026-08-14T09:39:07.000Z</time></trkpt><trkpt lat="-8.062114107424282" lon="113.65657210335326"><ele>707.5</ele><time>2026-08-14T09:39:08.000Z</time></trkpt><trkpt lat="-8.062099720757695" lon="113.65655449001972"><ele>707.5</ele><time>2026-08-14T09:39:09.000Z</time></trkpt><trkpt lat="-8.062084477424452" lon="113.65653566335288"><ele>707.5</ele><time>2026-08-14T09:39:10.000Z</time></trkpt><trkpt lat="-8.062068837424519" lon="113.65651652001944"><ele>707.6</ele><time>2026-08-14T09:39:11.000Z</time></trkpt><trkpt lat="-8.062054290757953" lon="113.6564982333525"><ele>707.6</ele><time>2026-08-14T09:39:12.000Z</time></trkpt><trkpt lat="-8.0620399540914" lon="113.65648012001895"><ele>707.6</ele><time>2026-08-14T09:39:13.000Z</time></trkpt><trkpt lat="-8.062025114091362" lon="113.65646205668524"><ele>707.6</ele><time>2026-08-14T09:39:14.000Z</time></trkpt><trkpt lat="-8.062012267424654" lon="113.65644642001817"><ele>707.6</ele><time>2026-08-14T09:39:15.000Z</time></trkpt><trkpt lat="-8.06199874409124" lon="113.65643069668434"><ele>707.4</ele><time>2026-08-14T09:39:16.000Z</time></trkpt><trkpt lat="-8.06198424409113" lon="113.65641435668394"><ele>707.4</ele><time>2026-08-14T09:39:17.000Z</time></trkpt><trkpt lat="-8.06197044409085" lon="113.65639716335018"><ele>707.4</ele><time>2026-08-14T09:39:18.000Z</time></trkpt><trkpt lat="-8.061956494090683" lon="113.65637964668295"><ele>707.4</ele><time>2026-08-14T09:39:19.000Z</time></trkpt><trkpt lat="-8.061940674090371" lon="113.6563607333491"><ele>707.4</ele><time>2026-08-14T09:39:20.000Z</time></trkpt><trkpt lat="-8.061924674090111" lon="113.65634259334861"><ele>706.4</ele><time>2026-08-14T09:39:21.000Z</time></trkpt><trkpt lat="-8.061907794089858" lon="113.65632519334818"><ele>706.4</ele><time>2026-08-14T09:39:22.000Z</time></trkpt><trkpt lat="-8.061889130756288" lon="113.65630911668117"><ele>706.4</ele><time>2026-08-14T09:39:23.000Z</time></trkpt><trkpt lat="-8.061869367422833" lon="113.65629335334775"><ele>706.4</ele><time>2026-08-14T09:39:24.000Z</time></trkpt><trkpt lat="-8.061848947422643" lon="113.65627757668096"><ele>706.4</ele><time>2026-08-14T09:39:25.000Z</time></trkpt><trkpt lat="-8.061829660755762" lon="113.65626171334743"><ele>705.8</ele><time>2026-08-14T09:39:26.000Z</time></trkpt><trkpt lat="-8.061811094088895" lon="113.65624571668056"><ele>705.8</ele><time>2026-08-14T09:39:27.000Z</time></trkpt><trkpt lat="-8.061792304088772" lon="113.65622888334697"><ele>705.8</ele><time>2026-08-14T09:39:28.000Z</time></trkpt><trkpt lat="-8.061774127421652" lon="113.65621139334662"><ele>705.8</ele><time>2026-08-14T09:39:29.000Z</time></trkpt><trkpt lat="-8.061756837421251" lon="113.65619326667954"><ele>705.8</ele><time>2026-08-14T09:39:30.000Z</time></trkpt><trkpt lat="-8.061738034087458" lon="113.65617497001253"><ele>704.6</ele><time>2026-08-14T09:39:31.000Z</time></trkpt><trkpt lat="-8.06171982408691" lon="113.65615722667872"><ele>704.6</ele><time>2026-08-14T09:39:32.000Z</time></trkpt><trkpt lat="-8.061702347419619" lon="113.65614089001167"><ele>704.6</ele><time>2026-08-14T09:39:33.000Z</time></trkpt><trkpt lat="-8.061684774086052" lon="113.65612518334474"><ele>704.6</ele><time>2026-08-14T09:39:34.000Z</time></trkpt><trkpt lat="-8.061666110752695" lon="113.65610992334454"><ele>704.6</ele><time>2026-08-14T09:39:35.000Z</time></trkpt><trkpt lat="-8.061647280752846" lon="113.65609451334433"><ele>703.7</ele><time>2026-08-14T09:39:36.000Z</time></trkpt><trkpt lat="-8.061627854086385" lon="113.65607794667737"><ele>703.7</ele><time>2026-08-14T09:39:37.000Z</time></trkpt><trkpt lat="-8.061607887420074" lon="113.65606126667699"><ele>703.7</ele><time>2026-08-14T09:39:38.000Z</time></trkpt><trkpt lat="-8.061587270753757" lon="113.65604638000998"><ele>703.7</ele><time>2026-08-14T09:39:39.000Z</time></trkpt><trkpt lat="-8.061567497420638" lon="113.65603231667629"><ele>703.7</ele><time>2026-08-14T09:39:40.000Z</time></trkpt><trkpt lat="-8.061547780753854" lon="113.65601923667604"><ele>703.5</ele><time>2026-08-14T09:39:41.000Z</time></trkpt><trkpt lat="-8.061527494087157" lon="113.6560081433427"><ele>703.5</ele><time>2026-08-14T09:39:42.000Z</time></trkpt><trkpt lat="-8.061507720753825" lon="113.65599803667598"><ele>703.5</ele><time>2026-08-14T09:39:43.000Z</time></trkpt><trkpt lat="-8.061489900753667" lon="113.65598696000913"><ele>703.5</ele><time>2026-08-14T09:39:44.000Z</time></trkpt><trkpt lat="-8.061472000753628" lon="113.655977190009"><ele>703.5</ele><time>2026-08-14T09:39:45.000Z</time></trkpt><trkpt lat="-8.061456537420495" lon="113.65596880667549"><ele>703.4</ele><time>2026-08-14T09:39:46.000Z</time></trkpt><trkpt lat="-8.061439967420752" lon="113.6559590266753"><ele>703.4</ele><time>2026-08-14T09:39:47.000Z</time></trkpt><trkpt lat="-8.06142277075412" lon="113.65594874334178"><ele>703.4</ele><time>2026-08-14T09:39:48.000Z</time></trkpt><trkpt lat="-8.061407000754164" lon="113.65593983334175"><ele>703.4</ele><time>2026-08-14T09:39:49.000Z</time></trkpt><trkpt lat="-8.061392677420747" lon="113.65593216334173"><ele>703.4</ele><time>2026-08-14T09:39:50.000Z</time></trkpt><trkpt lat="-8.061377660754015" lon="113.65592533667507"><ele>703.8</ele><time>2026-08-14T09:39:51.000Z</time></trkpt><trkpt lat="-8.06136614075381" lon="113.65592057667497"><ele>703.8</ele><time>2026-08-14T09:39:52.000Z</time></trkpt><trkpt lat="-8.061357837420434" lon="113.6559173233416"><ele>703.8</ele><time>2026-08-14T09:39:53.000Z</time></trkpt><trkpt lat="-8.061348210753602" lon="113.65591486334151"><ele>703.8</ele><time>2026-08-14T09:39:54.000Z</time></trkpt><trkpt lat="-8.061338617420194" lon="113.65591264000811"><ele>703.8</ele><time>2026-08-14T09:39:55.000Z</time></trkpt><trkpt lat="-8.06132846742012" lon="113.65591037667471"><ele>704.2</ele><time>2026-08-14T09:39:56.000Z</time></trkpt><trkpt lat="-8.061316554086803" lon="113.65590882667468"><ele>704.2</ele><time>2026-08-14T09:39:57.000Z</time></trkpt><trkpt lat="-8.061303177420125" lon="113.65590676000792"><ele>704.2</ele><time>2026-08-14T09:39:58.000Z</time></trkpt><trkpt lat="-8.061289077420284" lon="113.65590374667454"><ele>704.2</ele><time>2026-08-14T09:39:59.000Z</time></trkpt><trkpt lat="-8.06127441742041" lon="113.65589992000783"><ele>704.2</ele><time>2026-08-14T09:40:00.000Z</time></trkpt><trkpt lat="-8.06125938408718" lon="113.65589536667446"><ele>705.2</ele><time>2026-08-14T09:40:01.000Z</time></trkpt><trkpt lat="-8.061244740753912" lon="113.65589065334109"><ele>705.2</ele><time>2026-08-14T09:40:02.000Z</time></trkpt><trkpt lat="-8.061229780753838" lon="113.6558848200078"><ele>705.2</ele><time>2026-08-14T09:40:03.000Z</time></trkpt><trkpt lat="-8.061216170753706" lon="113.65587887000784"><ele>705.2</ele><time>2026-08-14T09:40:04.000Z</time></trkpt><trkpt lat="-8.061203197420125" lon="113.6558725100078"><ele>705.2</ele><time>2026-08-14T09:40:05.000Z</time></trkpt><trkpt lat="-8.061190777419853" lon="113.65586585000774"><ele>706.3</ele><time>2026-08-14T09:40:06.000Z</time></trkpt><trkpt lat="-8.061179174086295" lon="113.65585851667433"><ele>706.3</ele><time>2026-08-14T09:40:07.000Z</time></trkpt><trkpt lat="-8.061168564086252" lon="113.65585191667421"><ele>706.3</ele><time>2026-08-14T09:40:08.000Z</time></trkpt><trkpt lat="-8.061157197419512" lon="113.65584550334077"><ele>706.3</ele><time>2026-08-14T09:40:09.000Z</time></trkpt><trkpt lat="-8.061145447419538" lon="113.65583934334066"><ele>706.3</ele><time>2026-08-14T09:40:10.000Z</time></trkpt><trkpt lat="-8.061134104086133" lon="113.65583406000721"><ele>706.7</ele><time>2026-08-14T09:40:11.000Z</time></trkpt><trkpt lat="-8.061120824085945" lon="113.65582921334051"><ele>706.7</ele><time>2026-08-14T09:40:12.000Z</time></trkpt><trkpt lat="-8.061106004085664" lon="113.65582513667377"><ele>706.7</ele><time>2026-08-14T09:40:13.000Z</time></trkpt><trkpt lat="-8.061092477418779" lon="113.65582126000697"><ele>706.7</ele><time>2026-08-14T09:40:14.000Z</time></trkpt><trkpt lat="-8.061079187418605" lon="113.65581747667356"><ele>706.7</ele><time>2026-08-14T09:40:15.000Z</time></trkpt><trkpt lat="-8.061066010751954" lon="113.65581346334015"><ele>707.5</ele><time>2026-08-14T09:40:16.000Z</time></trkpt><trkpt lat="-8.061056050752027" lon="113.65580939334009"><ele>707.5</ele><time>2026-08-14T09:40:17.000Z</time></trkpt><trkpt lat="-8.061046720752138" lon="113.65580575667336"><ele>707.5</ele><time>2026-08-14T09:40:18.000Z</time></trkpt><trkpt lat="-8.061035984085542" lon="113.65580258334003"><ele>707.5</ele><time>2026-08-14T09:40:19.000Z</time></trkpt><trkpt lat="-8.06102539075232" lon="113.65579964667336"><ele>707.5</ele><time>2026-08-14T09:40:20.000Z</time></trkpt><trkpt lat="-8.061013617418904" lon="113.65579628667334"><ele>708.2</ele><time>2026-08-14T09:40:21.000Z</time></trkpt><trkpt lat="-8.06100000075215" lon="113.6557936000066"><ele>708.2</ele><time>2026-08-14T09:40:22.000Z</time></trkpt><trkpt lat="-8.060986524085406" lon="113.65579033000661"><ele>708.2</ele><time>2026-08-14T09:40:23.000Z</time></trkpt><trkpt lat="-8.060973514085356" lon="113.6557878600066"><ele>708.2</ele><time>2026-08-14T09:40:24.000Z</time></trkpt><trkpt lat="-8.06096011075198" lon="113.65578519667326"><ele>708.2</ele><time>2026-08-14T09:40:25.000Z</time></trkpt><trkpt lat="-8.06094871408539" lon="113.65578291333995"><ele>708.6</ele><time>2026-08-14T09:40:26.000Z</time></trkpt><trkpt lat="-8.060937687418795" lon="113.65578020667331"><ele>708.6</ele><time>2026-08-14T09:40:27.000Z</time></trkpt><trkpt lat="-8.060926637418863" lon="113.65577817667327"><ele>708.6</ele><time>2026-08-14T09:40:28.000Z</time></trkpt><trkpt lat="-8.06091535075222" lon="113.65577567667322"><ele>708.6</ele><time>2026-08-14T09:40:29.000Z</time></trkpt><trkpt lat="-8.060905054085513" lon="113.65577398333983"><ele>708.6</ele><time>2026-08-14T09:40:30.000Z</time></trkpt><trkpt lat="-8.060894044085524" lon="113.65577235000644"><ele>709.4</ele><time>2026-08-14T09:40:31.000Z</time></trkpt><trkpt lat="-8.060883344085612" lon="113.6557707133397"><ele>709.4</ele><time>2026-08-14T09:40:32.000Z</time></trkpt><trkpt lat="-8.06087387741897" lon="113.65576894333967"><ele>709.4</ele><time>2026-08-14T09:40:33.000Z</time></trkpt><trkpt lat="-8.060862550752493" lon="113.6557667200063"><ele>709.4</ele><time>2026-08-14T09:40:34.000Z</time></trkpt><trkpt lat="-8.060848884085813" lon="113.65576426333958"><ele>709.4</ele><time>2026-08-14T09:40:35.000Z</time></trkpt><trkpt lat="-8.060834500752485" lon="113.65576108333951"><ele>710.1</ele><time>2026-08-14T09:40:36.000Z</time></trkpt><trkpt lat="-8.060819674085796" lon="113.65575806333943"><ele>710.1</ele><time>2026-08-14T09:40:37.000Z</time></trkpt><trkpt lat="-8.060804054085834" lon="113.65575618333935"><ele>710.1</ele><time>2026-08-14T09:40:38.000Z</time></trkpt><trkpt lat="-8.060790117419122" lon="113.65575437667262"><ele>710.1</ele><time>2026-08-14T09:40:39.000Z</time></trkpt><trkpt lat="-8.060777817419208" lon="113.65575279667257"><ele>710.1</ele><time>2026-08-14T09:40:40.000Z</time></trkpt><trkpt lat="-8.0607655074192" lon="113.65575253000588"><ele>710.6</ele><time>2026-08-14T09:40:41.000Z</time></trkpt><trkpt lat="-8.060752910752447" lon="113.65575138667256"><ele>710.6</ele><time>2026-08-14T09:40:42.000Z</time></trkpt><trkpt lat="-8.060740254085783" lon="113.65574898333925"><ele>710.6</ele><time>2026-08-14T09:40:43.000Z</time></trkpt><trkpt lat="-8.060727787418946" lon="113.65574675667258"><ele>710.6</ele><time>2026-08-14T09:40:44.000Z</time></trkpt><trkpt lat="-8.060713364085355" lon="113.65574629333928"><ele>710.6</ele><time>2026-08-14T09:40:45.000Z</time></trkpt><trkpt lat="-8.060699664085142" lon="113.65574476667261"><ele>711.5</ele><time>2026-08-14T09:40:46.000Z</time></trkpt><trkpt lat="-8.06068666408497" lon="113.65574423000592"><ele>711.5</ele><time>2026-08-14T09:40:47.000Z</time></trkpt><trkpt lat="-8.060676440751365" lon="113.65574448333923"><ele>711.5</ele><time>2026-08-14T09:40:48.000Z</time></trkpt><trkpt lat="-8.060668510751205" lon="113.65574493667256"><ele>711.5</ele><time>2026-08-14T09:40:49.000Z</time></trkpt><trkpt lat="-8.06066474741787" lon="113.65574117333922"><ele>711.5</ele><time>2026-08-14T09:40:50.000Z</time></trkpt><trkpt lat="-8.060663050751184" lon="113.65573601667252"><ele>712.6</ele><time>2026-08-14T09:40:51.000Z</time></trkpt><trkpt lat="-8.060663510751171" lon="113.65573109333914"><ele>712.6</ele><time>2026-08-14T09:40:52.000Z</time></trkpt><trkpt lat="-8.060663600751178" lon="113.65572118333917"><ele>712.6</ele><time>2026-08-14T09:40:53.000Z</time></trkpt><trkpt lat="-8.060663220751161" lon="113.6557126100059"><ele>712.6</ele><time>2026-08-14T09:40:54.000Z</time></trkpt><trkpt lat="-8.060662557417803" lon="113.65570732667265"><ele>712.6</ele><time>2026-08-14T09:40:55.000Z</time></trkpt><trkpt lat="-8.060662054084446" lon="113.65570431000613"><ele>713.1</ele><time>2026-08-14T09:40:56.000Z</time></trkpt><trkpt lat="-8.060657804084503" lon="113.65570058333958"><ele>713.1</ele><time>2026-08-14T09:40:57.000Z</time></trkpt><trkpt lat="-8.060649430751292" lon="113.65570224333965"><ele>713.1</ele><time>2026-08-14T09:40:58.000Z</time></trkpt><trkpt lat="-8.060639537418012" lon="113.65570290000635"><ele>713.1</ele><time>2026-08-14T09:40:59.000Z</time></trkpt><trkpt lat="-8.060627960751441" lon="113.65570337000636"><ele>713.1</ele><time>2026-08-14T09:41:00.000Z</time></trkpt><trkpt lat="-8.06061364408486" lon="113.65570421667303"><ele>713.9</ele><time>2026-08-14T09:41:01.000Z</time></trkpt><trkpt lat="-8.060600697418085" lon="113.65570534000638"><ele>713.9</ele><time>2026-08-14T09:41:02.000Z</time></trkpt><trkpt lat="-8.060589837417982" lon="113.65570497667302"><ele>713.9</ele><time>2026-08-14T09:41:03.000Z</time></trkpt><trkpt lat="-8.060579150751312" lon="113.65570321000635"><ele>713.9</ele><time>2026-08-14T09:41:04.000Z</time></trkpt><trkpt lat="-8.06056795075128" lon="113.65569944667303"><ele>713.9</ele><time>2026-08-14T09:41:05.000Z</time></trkpt><trkpt lat="-8.060557220751305" lon="113.655695146673"><ele>714.4</ele><time>2026-08-14T09:41:06.000Z</time></trkpt><trkpt lat="-8.060548114084778" lon="113.6556906200063"><ele>714.4</ele><time>2026-08-14T09:41:07.000Z</time></trkpt><trkpt lat="-8.06053741408476" lon="113.6556873633396"><ele>714.4</ele><time>2026-08-14T09:41:08.000Z</time></trkpt><trkpt lat="-8.060527577418021" lon="113.6556844800062"><ele>714.4</ele><time>2026-08-14T09:41:09.000Z</time></trkpt><trkpt lat="-8.06051790741799" lon="113.65568317333945"><ele>714.4</ele><time>2026-08-14T09:41:10.000Z</time></trkpt><trkpt lat="-8.060508514084612" lon="113.65568175333942"><ele>714.6</ele><time>2026-08-14T09:41:11.000Z</time></trkpt><trkpt lat="-8.060496834084535" lon="113.65567901000611"><ele>714.6</ele><time>2026-08-14T09:41:12.000Z</time></trkpt><trkpt lat="-8.06048563741776" lon="113.65567350000615"><ele>714.6</ele><time>2026-08-14T09:41:13.000Z</time></trkpt><trkpt lat="-8.060473307417567" lon="113.65566735667292"><ele>714.6</ele><time>2026-08-14T09:41:14.000Z</time></trkpt><trkpt lat="-8.060460410750611" lon="113.65565936667306"><ele>714.6</ele><time>2026-08-14T09:41:15.000Z</time></trkpt><trkpt lat="-8.060446190750305" lon="113.65565141000653"><ele>715.3</ele><time>2026-08-14T09:41:16.000Z</time></trkpt><trkpt lat="-8.0604324274166" lon="113.65564277667318"><ele>715.3</ele><time>2026-08-14T09:41:17.000Z</time></trkpt><trkpt lat="-8.060418210749658" lon="113.65563579000646"><ele>715.3</ele><time>2026-08-14T09:41:18.000Z</time></trkpt><trkpt lat="-8.060403300749403" lon="113.65562944667303"><ele>715.3</ele><time>2026-08-14T09:41:19.000Z</time></trkpt><trkpt lat="-8.060389160749192" lon="113.65562352667294"><ele>715.3</ele><time>2026-08-14T09:41:20.000Z</time></trkpt><trkpt lat="-8.060374247415787" lon="113.65561781000613"><ele>716.1</ele><time>2026-08-14T09:41:21.000Z</time></trkpt><trkpt lat="-8.060357630748944" lon="113.65561107000622"><ele>716.1</ele><time>2026-08-14T09:41:22.000Z</time></trkpt><trkpt lat="-8.060340740748599" lon="113.65560175667301"><ele>716.1</ele><time>2026-08-14T09:41:23.000Z</time></trkpt><trkpt lat="-8.060322947414928" lon="113.65558990333986"><ele>716.1</ele><time>2026-08-14T09:41:24.000Z</time></trkpt><trkpt lat="-8.060303180747681" lon="113.65557716667347"><ele>716.1</ele><time>2026-08-14T09:41:25.000Z</time></trkpt><trkpt lat="-8.060284650746961" lon="113.65556219667371"><ele>716.4</ele><time>2026-08-14T09:41:26.000Z</time></trkpt><trkpt lat="-8.060266964079657" lon="113.65554802000713"><ele>716.4</ele><time>2026-08-14T09:41:27.000Z</time></trkpt><trkpt lat="-8.060250304079082" lon="113.65553407000705"><ele>716.4</ele><time>2026-08-14T09:41:28.000Z</time></trkpt><trkpt lat="-8.06023443074516" lon="113.65551894334037"><ele>716.4</ele><time>2026-08-14T09:41:29.000Z</time></trkpt><trkpt lat="-8.060220150744728" lon="113.65550356667363"><ele>716.4</ele><time>2026-08-14T09:41:30.000Z</time></trkpt><trkpt lat="-8.060205904077508" lon="113.65548688667363"><ele>716.9</ele><time>2026-08-14T09:41:31.000Z</time></trkpt><trkpt lat="-8.060193904077044" lon="113.6554692400068"><ele>716.9</ele><time>2026-08-14T09:41:32.000Z</time></trkpt><trkpt lat="-8.060182460743253" lon="113.65545087000666"><ele>716.9</ele><time>2026-08-14T09:41:33.000Z</time></trkpt><trkpt lat="-8.060170794076203" lon="113.65543381333961"><ele>716.9</ele><time>2026-08-14T09:41:34.000Z</time></trkpt><trkpt lat="-8.060159190742644" lon="113.65541562000575"><ele>716.9</ele><time>2026-08-14T09:41:35.000Z</time></trkpt><trkpt lat="-8.060147734075821" lon="113.65539732333852"><ele>717.2</ele><time>2026-08-14T09:41:36.000Z</time></trkpt><trkpt lat="-8.0601357407423" lon="113.65538043000481"><ele>717.2</ele><time>2026-08-14T09:41:37.000Z</time></trkpt><trkpt lat="-8.060123524075523" lon="113.65536470333787"><ele>717.2</ele><time>2026-08-14T09:41:38.000Z</time></trkpt><trkpt lat="-8.060112217408802" lon="113.65534921000442"><ele>717.2</ele><time>2026-08-14T09:41:39.000Z</time></trkpt><trkpt lat="-8.060101517408677" lon="113.655334146671"><ele>717.2</ele><time>2026-08-14T09:41:40.000Z</time></trkpt><trkpt lat="-8.060091180741816" lon="113.65531971667079"><ele>717.5</ele><time>2026-08-14T09:41:41.000Z</time></trkpt><trkpt lat="-8.060080344074938" lon="113.65530530667051"><ele>717.5</ele><time>2026-08-14T09:41:42.000Z</time></trkpt><trkpt lat="-8.060070207408106" lon="113.65529059333687"><ele>717.5</ele><time>2026-08-14T09:41:43.000Z</time></trkpt><trkpt lat="-8.060059537407938" lon="113.65527596000325"><ele>717.5</ele><time>2026-08-14T09:41:44.000Z</time></trkpt><trkpt lat="-8.060047767407777" lon="113.65526104000305"><ele>717.5</ele><time>2026-08-14T09:41:45.000Z</time></trkpt><trkpt lat="-8.060035414074466" lon="113.65524577666967"><ele>718.5</ele><time>2026-08-14T09:41:46.000Z</time></trkpt><trkpt lat="-8.060023537407833" lon="113.65522979666964"><ele>718.5</ele><time>2026-08-14T09:41:47.000Z</time></trkpt><trkpt lat="-8.060010347407939" lon="113.65521331666957"><ele>718.5</ele><time>2026-08-14T09:41:48.000Z</time></trkpt><trkpt lat="-8.059997907407908" lon="113.65519707666951"><ele>718.5</ele><time>2026-08-14T09:41:49.000Z</time></trkpt><trkpt lat="-8.059986984074527" lon="113.65518199000277"><ele>718.5</ele><time>2026-08-14T09:41:50.000Z</time></trkpt><trkpt lat="-8.059978140741089" lon="113.6551678000026"><ele>719.8</ele><time>2026-08-14T09:41:51.000Z</time></trkpt><trkpt lat="-8.059969554074334" lon="113.65515430333592"><ele>719.8</ele><time>2026-08-14T09:41:52.000Z</time></trkpt><trkpt lat="-8.059962580740827" lon="113.65514293000258"><ele>719.8</ele><time>2026-08-14T09:41:53.000Z</time></trkpt><trkpt lat="-8.05995609407409" lon="113.65513250000251"><ele>719.8</ele><time>2026-08-14T09:41:54.000Z</time></trkpt><trkpt lat="-8.059949804074018" lon="113.65512250666904"><ele>719.8</ele><time>2026-08-14T09:41:55.000Z</time></trkpt><trkpt lat="-8.059940947407123" lon="113.65511268333557"><ele>720.5</ele><time>2026-08-14T09:41:56.000Z</time></trkpt><trkpt lat="-8.059931727406857" lon="113.65510292000192"><ele>720.5</ele><time>2026-08-14T09:41:57.000Z</time></trkpt><trkpt lat="-8.059922107406537" lon="113.65509156333492"><ele>720.5</ele><time>2026-08-14T09:41:58.000Z</time></trkpt><trkpt lat="-8.05991282407289" lon="113.6550795000012"><ele>720.5</ele><time>2026-08-14T09:41:59.000Z</time></trkpt><trkpt lat="-8.059902264072559" lon="113.65506509000065"><ele>720.5</ele><time>2026-08-14T09:42:00.000Z</time></trkpt><trkpt lat="-8.059892587405585" lon="113.65505037333352"><ele>721.4</ele><time>2026-08-14T09:42:01.000Z</time></trkpt><trkpt lat="-8.059883334072" lon="113.65503624333319"><ele>721.4</ele><time>2026-08-14T09:42:02.000Z</time></trkpt><trkpt lat="-8.059874930738502" lon="113.65502292999963"><ele>721.4</ele><time>2026-08-14T09:42:03.000Z</time></trkpt><trkpt lat="-8.059867450738357" lon="113.65501030999951"><ele>721.4</ele><time>2026-08-14T09:42:04.000Z</time></trkpt><trkpt lat="-8.059860954071528" lon="113.65499896666616"><ele>721.4</ele><time>2026-08-14T09:42:05.000Z</time></trkpt><trkpt lat="-8.059855467404821" lon="113.65498758666622"><ele>721.9</ele><time>2026-08-14T09:42:06.000Z</time></trkpt><trkpt lat="-8.05985036740482" lon="113.65497661333295"><ele>721.9</ele><time>2026-08-14T09:42:07.000Z</time></trkpt><trkpt lat="-8.059845137404741" lon="113.65496557666631"><ele>721.9</ele><time>2026-08-14T09:42:08.000Z</time></trkpt><trkpt lat="-8.05983918407134" lon="113.6549544766663"><ele>721.9</ele><time>2026-08-14T09:42:09.000Z</time></trkpt><trkpt lat="-8.059833604071294" lon="113.65494424666647"><ele>721.9</ele><time>2026-08-14T09:42:10.000Z</time></trkpt><trkpt lat="-8.059827797404521" lon="113.65493385666655"><ele>722.0</ele><time>2026-08-14T09:42:11.000Z</time></trkpt><trkpt lat="-8.059822270737714" lon="113.65492256666661"><ele>722.0</ele><time>2026-08-14T09:42:12.000Z</time></trkpt><trkpt lat="-8.059817000737642" lon="113.6549102666667"><ele>722.0</ele><time>2026-08-14T09:42:13.000Z</time></trkpt><trkpt lat="-8.059811694070884" lon="113.65489738000005"><ele>722.0</ele><time>2026-08-14T09:42:14.000Z</time></trkpt><trkpt lat="-8.059805480737543" lon="113.6548841933333"><ele>722.0</ele><time>2026-08-14T09:42:15.000Z</time></trkpt><trkpt lat="-8.059800687404257" lon="113.65487257999989"><ele>722.4</ele><time>2026-08-14T09:42:16.000Z</time></trkpt><trkpt lat="-8.059794690737604" lon="113.65486025666635"><ele>722.4</ele><time>2026-08-14T09:42:17.000Z</time></trkpt><trkpt lat="-8.059787554070859" lon="113.65484867999942"><ele>722.4</ele><time>2026-08-14T09:42:18.000Z</time></trkpt><trkpt lat="-8.059780720737464" lon="113.65483687999922"><ele>722.4</ele><time>2026-08-14T09:42:19.000Z</time></trkpt><trkpt lat="-8.059773560737383" lon="113.65482495666576"><ele>722.4</ele><time>2026-08-14T09:42:20.000Z</time></trkpt><trkpt lat="-8.059764870737196" lon="113.65481137999905"><ele>722.9</ele><time>2026-08-14T09:42:21.000Z</time></trkpt><trkpt lat="-8.059756837403745" lon="113.65479786333239"><ele>722.9</ele><time>2026-08-14T09:42:22.000Z</time></trkpt><trkpt lat="-8.059748884070391" lon="113.65478350666577"><ele>722.9</ele><time>2026-08-14T09:42:23.000Z</time></trkpt><trkpt lat="-8.059738960737041" lon="113.65476884666566"><ele>722.9</ele><time>2026-08-14T09:42:24.000Z</time></trkpt><trkpt lat="-8.059728134070365" lon="113.65475345666543"><ele>722.9</ele><time>2026-08-14T09:42:25.000Z</time></trkpt><trkpt lat="-8.059716160737135" lon="113.6547376366652"><ele>723.2</ele><time>2026-08-14T09:42:26.000Z</time></trkpt><trkpt lat="-8.05970288740389" lon="113.6547210199985"><ele>723.2</ele><time>2026-08-14T09:42:27.000Z</time></trkpt><trkpt lat="-8.059689397403902" lon="113.65470320666502"><ele>723.2</ele><time>2026-08-14T09:42:28.000Z</time></trkpt><trkpt lat="-8.059676500737162" lon="113.6546841766647"><ele>723.2</ele><time>2026-08-14T09:42:29.000Z</time></trkpt><trkpt lat="-8.059664110737057" lon="113.65466430666466"><ele>723.2</ele><time>2026-08-14T09:42:30.000Z</time></trkpt><trkpt lat="-8.059652600736944" lon="113.65464413999787"><ele>723.8</ele><time>2026-08-14T09:42:31.000Z</time></trkpt><trkpt lat="-8.059641510736858" lon="113.65462403999773"><ele>723.8</ele><time>2026-08-14T09:42:32.000Z</time></trkpt><trkpt lat="-8.059630204070245" lon="113.65460450999778"><ele>723.8</ele><time>2026-08-14T09:42:33.000Z</time></trkpt><trkpt lat="-8.05961905740361" lon="113.65458542999818"><ele>723.8</ele><time>2026-08-14T09:42:34.000Z</time></trkpt><trkpt lat="-8.05961040407028" lon="113.65456603333163"><ele>723.8</ele><time>2026-08-14T09:42:35.000Z</time></trkpt><trkpt lat="-8.059602557403576" lon="113.654546826665"><ele>724.6</ele><time>2026-08-14T09:42:36.000Z</time></trkpt><trkpt lat="-8.059595847403546" lon="113.65452734999838"><ele>724.6</ele><time>2026-08-14T09:42:37.000Z</time></trkpt><trkpt lat="-8.059591157403437" lon="113.6545082233315"><ele>724.6</ele><time>2026-08-14T09:42:38.000Z</time></trkpt><trkpt lat="-8.059587327403458" lon="113.65448941999789"><ele>724.6</ele><time>2026-08-14T09:42:39.000Z</time></trkpt><trkpt lat="-8.059582054070129" lon="113.65447170999771"><ele>724.6</ele><time>2026-08-14T09:42:40.000Z</time></trkpt><trkpt lat="-8.059577137403547" lon="113.65445435333095"><ele>725.2</ele><time>2026-08-14T09:42:41.000Z</time></trkpt><trkpt lat="-8.059571520736926" lon="113.65443759999744"><ele>725.2</ele><time>2026-08-14T09:42:42.000Z</time></trkpt><trkpt lat="-8.05956575073697" lon="113.65442113999742"><ele>725.2</ele><time>2026-08-14T09:42:43.000Z</time></trkpt><trkpt lat="-8.05955974073694" lon="113.65440465666408"><ele>725.2</ele><time>2026-08-14T09:42:44.000Z</time></trkpt><trkpt lat="-8.05955393073694" lon="113.6543879633308"><ele>725.2</ele><time>2026-08-14T09:42:45.000Z</time></trkpt><trkpt lat="-8.0595492107369" lon="113.65437113666425"><ele>726.5</ele><time>2026-08-14T09:42:46.000Z</time></trkpt><trkpt lat="-8.059544047403502" lon="113.6543544066642"><ele>726.5</ele><time>2026-08-14T09:42:47.000Z</time></trkpt><trkpt lat="-8.059537574070076" lon="113.65433691333055"><ele>726.5</ele><time>2026-08-14T09:42:48.000Z</time></trkpt><trkpt lat="-8.059531697403367" lon="113.65431889333004"><ele>726.5</ele><time>2026-08-14T09:42:49.000Z</time></trkpt><trkpt lat="-8.059526797403299" lon="113.6542997166628"><ele>726.5</ele><time>2026-08-14T09:42:50.000Z</time></trkpt><trkpt lat="-8.059520034069855" lon="113.65428067666214"><ele>728.3</ele><time>2026-08-14T09:42:51.000Z</time></trkpt><trkpt lat="-8.059513677403196" lon="113.65426092666178"><ele>728.3</ele><time>2026-08-14T09:42:52.000Z</time></trkpt><trkpt lat="-8.059506987403228" lon="113.65424258999482"><ele>728.3</ele><time>2026-08-14T09:42:53.000Z</time></trkpt><trkpt lat="-8.059502207403238" lon="113.65422587332812"><ele>728.3</ele><time>2026-08-14T09:42:54.000Z</time></trkpt><trkpt lat="-8.05949615740324" lon="113.65421184666131"><ele>728.3</ele><time>2026-08-14T09:42:55.000Z</time></trkpt><trkpt lat="-8.059489570736542" lon="113.65420075999457"><ele>729.3</ele><time>2026-08-14T09:42:56.000Z</time></trkpt><trkpt lat="-8.0594817040698" lon="113.6541924433277"><ele>729.3</ele><time>2026-08-14T09:42:57.000Z</time></trkpt><trkpt lat="-8.059475540736385" lon="113.65418487332764"><ele>729.3</ele><time>2026-08-14T09:42:58.000Z</time></trkpt><trkpt lat="-8.059468530736327" lon="113.65417675332756"><ele>729.3</ele><time>2026-08-14T09:42:59.000Z</time></trkpt><trkpt lat="-8.059462567402965" lon="113.65416841332758"><ele>729.3</ele><time>2026-08-14T09:43:00.000Z</time></trkpt><trkpt lat="-8.059457764069615" lon="113.65415835666093"><ele>731.3</ele><time>2026-08-14T09:43:01.000Z</time></trkpt><trkpt lat="-8.059455330736208" lon="113.65414665666091"><ele>731.3</ele><time>2026-08-14T09:43:02.000Z</time></trkpt><trkpt lat="-8.059452257402777" lon="113.65413405666091"><ele>731.3</ele><time>2026-08-14T09:43:03.000Z</time></trkpt><trkpt lat="-8.05944784406936" lon="113.6541216166609"><ele>731.3</ele><time>2026-08-14T09:43:04.000Z</time></trkpt><trkpt lat="-8.059443134069214" lon="113.65410842999418"><ele>731.3</ele><time>2026-08-14T09:43:05.000Z</time></trkpt><trkpt lat="-8.059439170735805" lon="113.65409482999414"><ele>733.1</ele><time>2026-08-14T09:43:06.000Z</time></trkpt><trkpt lat="-8.059435047402419" lon="113.65408035666078"><ele>733.1</ele><time>2026-08-14T09:43:07.000Z</time></trkpt><trkpt lat="-8.0594309707357" lon="113.65406573332731"><ele>733.1</ele><time>2026-08-14T09:43:08.000Z</time></trkpt><trkpt lat="-8.059427120735602" lon="113.65405038666051"><ele>733.1</ele><time>2026-08-14T09:43:09.000Z</time></trkpt><trkpt lat="-8.059423264068883" lon="113.65403566666046"><ele>733.1</ele><time>2026-08-14T09:43:10.000Z</time></trkpt><trkpt lat="-8.059419150735508" lon="113.65402051332708"><ele>733.9</ele><time>2026-08-14T09:43:11.000Z</time></trkpt><trkpt lat="-8.059415074068818" lon="113.65400627666027"><ele>733.9</ele><time>2026-08-14T09:43:12.000Z</time></trkpt><trkpt lat="-8.059411077402116" lon="113.65399190999347"><ele>733.9</ele><time>2026-08-14T09:43:13.000Z</time></trkpt><trkpt lat="-8.059407594068752" lon="113.6539782333266"><ele>733.9</ele><time>2026-08-14T09:43:14.000Z</time></trkpt><trkpt lat="-8.059404764068734" lon="113.65396397665972"><ele>733.9</ele><time>2026-08-14T09:43:15.000Z</time></trkpt><trkpt lat="-8.059402284068696" lon="113.65395021665958"><ele>735.2</ele><time>2026-08-14T09:43:16.000Z</time></trkpt><trkpt lat="-8.059399954068653" lon="113.65393710665941"><ele>735.2</ele><time>2026-08-14T09:43:17.000Z</time></trkpt><trkpt lat="-8.059397934068636" lon="113.65392451665927"><ele>735.2</ele><time>2026-08-14T09:43:18.000Z</time></trkpt><trkpt lat="-8.059395657401964" lon="113.65391152332577"><ele>735.2</ele><time>2026-08-14T09:43:19.000Z</time></trkpt><trkpt lat="-8.059393557401958" lon="113.65389884999233"><ele>735.2</ele><time>2026-08-14T09:43:20.000Z</time></trkpt><trkpt lat="-8.059392147401942" lon="113.65388647999218"><ele>736.1</ele><time>2026-08-14T09:43:21.000Z</time></trkpt><trkpt lat="-8.059390774068557" lon="113.65387487332548"><ele>736.1</ele><time>2026-08-14T09:43:22.000Z</time></trkpt><trkpt lat="-8.059389064068501" lon="113.65386364665872"><ele>736.1</ele><time>2026-08-14T09:43:23.000Z</time></trkpt><trkpt lat="-8.059387624068448" lon="113.65385297665871"><ele>736.1</ele><time>2026-08-14T09:43:24.000Z</time></trkpt><trkpt lat="-8.059386634068405" lon="113.65384198332524"><ele>736.1</ele><time>2026-08-14T09:43:25.000Z</time></trkpt><trkpt lat="-8.059384434068372" lon="113.653830223325"><ele>736.5</ele><time>2026-08-14T09:43:26.000Z</time></trkpt><trkpt lat="-8.059382967401707" lon="113.65381662999141"><ele>736.5</ele><time>2026-08-14T09:43:27.000Z</time></trkpt><trkpt lat="-8.059383090735063" lon="113.65380162332448"><ele>736.5</ele><time>2026-08-14T09:43:28.000Z</time></trkpt><trkpt lat="-8.059384264068402" lon="113.6537856233244"><ele>736.5</ele><time>2026-08-14T09:43:29.000Z</time></trkpt><trkpt lat="-8.059385610735095" lon="113.65376908665758"><ele>736.5</ele><time>2026-08-14T09:43:30.000Z</time></trkpt><trkpt lat="-8.059387914068457" lon="113.65375353332422"><ele>737.2</ele><time>2026-08-14T09:43:31.000Z</time></trkpt><trkpt lat="-8.059389540735161" lon="113.65373930665763"><ele>737.2</ele><time>2026-08-14T09:43:32.000Z</time></trkpt><trkpt lat="-8.059391574068488" lon="113.65372672665777"><ele>737.2</ele><time>2026-08-14T09:43:33.000Z</time></trkpt><trkpt lat="-8.0593930140685" lon="113.65371515665774"><ele>737.2</ele><time>2026-08-14T09:43:34.000Z</time></trkpt><trkpt lat="-8.059393500735151" lon="113.65370405999116"><ele>737.2</ele><time>2026-08-14T09:43:35.000Z</time></trkpt><trkpt lat="-8.059395030735192" lon="113.65369202999102"><ele>737.7</ele><time>2026-08-14T09:43:36.000Z</time></trkpt><trkpt lat="-8.059398337401928" lon="113.65367964332408"><ele>737.7</ele><time>2026-08-14T09:43:37.000Z</time></trkpt><trkpt lat="-8.059400660735378" lon="113.6536668899904"><ele>737.7</ele><time>2026-08-14T09:43:38.000Z</time></trkpt><trkpt lat="-8.059403440735496" lon="113.65365393665668"><ele>737.7</ele><time>2026-08-14T09:43:39.000Z</time></trkpt><trkpt lat="-8.059407097402268" lon="113.65364126998959"><ele>737.7</ele><time>2026-08-14T09:43:40.000Z</time></trkpt><trkpt lat="-8.059411040735679" lon="113.65362878998936"><ele>737.9</ele><time>2026-08-14T09:43:41.000Z</time></trkpt><trkpt lat="-8.059416947402358" lon="113.65361629332249"><ele>737.9</ele><time>2026-08-14T09:43:42.000Z</time></trkpt><trkpt lat="-8.059422694069031" lon="113.65360380332227"><ele>737.9</ele><time>2026-08-14T09:43:43.000Z</time></trkpt><trkpt lat="-8.059429437402368" lon="113.65359336998878"><ele>737.9</ele><time>2026-08-14T09:43:44.000Z</time></trkpt><trkpt lat="-8.059439297402443" lon="113.6535829899886"><ele>737.9</ele><time>2026-08-14T09:43:45.000Z</time></trkpt><trkpt lat="-8.059448197402483" lon="113.65357316998845"><ele>738.7</ele><time>2026-08-14T09:43:46.000Z</time></trkpt><trkpt lat="-8.059455537402567" lon="113.65356334665493"><ele>738.7</ele><time>2026-08-14T09:43:47.000Z</time></trkpt><trkpt lat="-8.05946419406938" lon="113.65355331332155"><ele>738.7</ele><time>2026-08-14T09:43:48.000Z</time></trkpt><trkpt lat="-8.059471844069542" lon="113.65354214332142"><ele>738.7</ele><time>2026-08-14T09:43:49.000Z</time></trkpt><trkpt lat="-8.059476177402967" lon="113.65353160665477"><ele>738.7</ele><time>2026-08-14T09:43:50.000Z</time></trkpt><trkpt lat="-8.0594806507364" lon="113.65352120332128"><ele>739.8</ele><time>2026-08-14T09:43:51.000Z</time></trkpt><trkpt lat="-8.05948467740311" lon="113.65351115332119"><ele>739.8</ele><time>2026-08-14T09:43:52.000Z</time></trkpt><trkpt lat="-8.05948899073646" lon="113.65350114998769"><ele>739.8</ele><time>2026-08-14T09:43:53.000Z</time></trkpt><trkpt lat="-8.059494304069839" lon="113.65349130332092"><ele>739.8</ele><time>2026-08-14T09:43:54.000Z</time></trkpt><trkpt lat="-8.059501140736542" lon="113.65348166332078"><ele>739.8</ele><time>2026-08-14T09:43:55.000Z</time></trkpt><trkpt lat="-8.059508437403267" lon="113.65347162665394"><ele>740.3</ele><time>2026-08-14T09:43:56.000Z</time></trkpt><trkpt lat="-8.059515764070053" lon="113.65346138998711"><ele>740.3</ele><time>2026-08-14T09:43:57.000Z</time></trkpt><trkpt lat="-8.0595221974035" lon="113.65345160332035"><ele>740.3</ele><time>2026-08-14T09:43:58.000Z</time></trkpt><trkpt lat="-8.059527940736888" lon="113.65344084998678"><ele>740.3</ele><time>2026-08-14T09:43:59.000Z</time></trkpt><trkpt lat="-8.059532677403626" lon="113.65343054331984"><ele>740.3</ele><time>2026-08-14T09:44:00.000Z</time></trkpt><trkpt lat="-8.05953687073699" lon="113.65342141665306"><ele>741.4</ele><time>2026-08-14T09:44:01.000Z</time></trkpt><trkpt lat="-8.059540290736997" lon="113.65341310331954"><ele>741.4</ele><time>2026-08-14T09:44:02.000Z</time></trkpt><trkpt lat="-8.059543457403633" lon="113.65340466998609"><ele>741.4</ele><time>2026-08-14T09:44:03.000Z</time></trkpt><trkpt lat="-8.059546324070281" lon="113.65339592665278"><ele>741.4</ele><time>2026-08-14T09:44:04.000Z</time></trkpt><trkpt lat="-8.059548974070296" lon="113.65338513998616"><ele>741.4</ele><time>2026-08-14T09:44:05.000Z</time></trkpt><trkpt lat="-8.059551917403622" lon="113.65337268665272"><ele>742.5</ele><time>2026-08-14T09:44:06.000Z</time></trkpt><trkpt lat="-8.059555174070287" lon="113.65335931665273"><ele>742.5</ele><time>2026-08-14T09:44:07.000Z</time></trkpt><trkpt lat="-8.059558600736969" lon="113.65334590665255"><ele>742.5</ele><time>2026-08-14T09:44:08.000Z</time></trkpt><trkpt lat="-8.059561697403653" lon="113.65333281331905"><ele>742.5</ele><time>2026-08-14T09:44:09.000Z</time></trkpt><trkpt lat="-8.05956468740365" lon="113.6533207333189"><ele>742.5</ele><time>2026-08-14T09:44:10.000Z</time></trkpt><trkpt lat="-8.059567677403646" lon="113.65330963331886"><ele>743.2</ele><time>2026-08-14T09:44:11.000Z</time></trkpt><trkpt lat="-8.059571237403608" lon="113.65329796998535"><ele>743.2</ele><time>2026-08-14T09:44:12.000Z</time></trkpt><trkpt lat="-8.059575050736889" lon="113.65328608665189"><ele>743.2</ele><time>2026-08-14T09:44:13.000Z</time></trkpt><trkpt lat="-8.05957985407016" lon="113.65327534998508"><ele>743.2</ele><time>2026-08-14T09:44:14.000Z</time></trkpt><trkpt lat="-8.05958516740343" lon="113.65326523998488"><ele>743.2</ele><time>2026-08-14T09:44:15.000Z</time></trkpt><trkpt lat="-8.059590374070066" lon="113.65325441998463"><ele>744.5</ele><time>2026-08-14T09:44:16.000Z</time></trkpt><trkpt lat="-8.059595334070114" lon="113.65324440998438"><ele>744.5</ele><time>2026-08-14T09:44:17.000Z</time></trkpt><trkpt lat="-8.059600367403528" lon="113.65323509665093"><ele>744.5</ele><time>2026-08-14T09:44:18.000Z</time></trkpt><trkpt lat="-8.059605420736913" lon="113.65322637665076"><ele>744.5</ele><time>2026-08-14T09:44:19.000Z</time></trkpt><trkpt lat="-8.059611354070398" lon="113.65321840331731"><ele>744.5</ele><time>2026-08-14T09:44:20.000Z</time></trkpt><trkpt lat="-8.0596181607372" lon="113.65321237998387"><ele>746.1</ele><time>2026-08-14T09:44:21.000Z</time></trkpt><trkpt lat="-8.059625040737263" lon="113.65320833998385"><ele>746.1</ele><time>2026-08-14T09:44:22.000Z</time></trkpt><trkpt lat="-8.059631667403954" lon="113.65320614665045"><ele>746.1</ele><time>2026-08-14T09:44:23.000Z</time></trkpt><trkpt lat="-8.059637594070656" lon="113.65320522665043"><ele>746.1</ele><time>2026-08-14T09:44:24.000Z</time></trkpt><trkpt lat="-8.059642550737285" lon="113.65320559998375"><ele>746.1</ele><time>2026-08-14T09:44:25.000Z</time></trkpt><trkpt lat="-8.059647124070572" lon="113.65320659998376"><ele>746.8</ele><time>2026-08-14T09:44:26.000Z</time></trkpt><trkpt lat="-8.059652340737248" lon="113.65320722998379"><ele>746.8</ele><time>2026-08-14T09:44:27.000Z</time></trkpt><trkpt lat="-8.059659167403858" lon="113.65320661331711"><ele>746.8</ele><time>2026-08-14T09:44:28.000Z</time></trkpt><trkpt lat="-8.059669050737373" lon="113.65320413665037"><ele>746.8</ele><time>2026-08-14T09:44:29.000Z</time></trkpt><trkpt lat="-8.059681720737709" lon="113.6531986666503"><ele>746.8</ele><time>2026-08-14T09:44:30.000Z</time></trkpt><trkpt lat="-8.059694847404753" lon="113.6531910466501"><ele>748.3</ele><time>2026-08-14T09:44:31.000Z</time></trkpt><trkpt lat="-8.05970890740508" lon="113.65317985998308"><ele>748.3</ele><time>2026-08-14T09:44:32.000Z</time></trkpt><trkpt lat="-8.05972291073886" lon="113.65316601331585"><ele>748.3</ele><time>2026-08-14T09:44:33.000Z</time></trkpt><trkpt lat="-8.059736584072372" lon="113.65314950331512"><ele>748.3</ele><time>2026-08-14T09:44:34.000Z</time></trkpt><trkpt lat="-8.059748614072364" lon="113.65313055331447"><ele>748.3</ele><time>2026-08-14T09:44:35.000Z</time></trkpt><trkpt lat="-8.059760610739033" lon="113.6531092166471"><ele>749.3</ele><time>2026-08-14T09:44:36.000Z</time></trkpt><trkpt lat="-8.059771550739127" lon="113.65308738331291"><ele>749.3</ele><time>2026-08-14T09:44:37.000Z</time></trkpt><trkpt lat="-8.059783817405938" lon="113.6530659566456"><ele>749.3</ele><time>2026-08-14T09:44:38.000Z</time></trkpt><trkpt lat="-8.059793750739487" lon="113.65304368997859"><ele>749.3</ele><time>2026-08-14T09:44:39.000Z</time></trkpt><trkpt lat="-8.059804750739707" lon="113.65302083331123"><ele>749.3</ele><time>2026-08-14T09:44:40.000Z</time></trkpt><trkpt lat="-8.059816087406597" lon="113.65299664997738"><ele>749.7</ele><time>2026-08-14T09:44:41.000Z</time></trkpt><trkpt lat="-8.059826840740119" lon="113.65297241664373"><ele>749.7</ele><time>2026-08-14T09:44:42.000Z</time></trkpt><trkpt lat="-8.059834124073546" lon="113.65294645997665"><ele>749.7</ele><time>2026-08-14T09:44:43.000Z</time></trkpt><trkpt lat="-8.05984087740695" lon="113.6529217466428"><ele>749.7</ele><time>2026-08-14T09:44:44.000Z</time></trkpt><trkpt lat="-8.059845014073685" lon="113.65289938997576"><ele>749.7</ele><time>2026-08-14T09:44:45.000Z</time></trkpt><trkpt lat="-8.05984824407373" lon="113.65287818997527"><ele>750.0</ele><time>2026-08-14T09:44:46.000Z</time></trkpt><trkpt lat="-8.059852244073824" lon="113.65285696664144"><ele>750.0</ele><time>2026-08-14T09:44:47.000Z</time></trkpt><trkpt lat="-8.059856894073924" lon="113.65283638997425"><ele>750.0</ele><time>2026-08-14T09:44:48.000Z</time></trkpt><trkpt lat="-8.059862050740714" lon="113.6528165733071"><ele>750.0</ele><time>2026-08-14T09:44:49.000Z</time></trkpt><trkpt lat="-8.059868754074136" lon="113.6527970166399"><ele>750.0</ele><time>2026-08-14T09:44:50.000Z</time></trkpt><trkpt lat="-8.059876074074143" lon="113.65278062663947"><ele>750.4</ele><time>2026-08-14T09:44:51.000Z</time></trkpt><trkpt lat="-8.059883500740728" lon="113.65276657663904"><ele>750.4</ele><time>2026-08-14T09:44:52.000Z</time></trkpt><trkpt lat="-8.059893137407334" lon="113.65275353663876"><ele>750.4</ele><time>2026-08-14T09:44:53.000Z</time></trkpt><trkpt lat="-8.059901844073913" lon="113.65274127997182"><ele>750.4</ele><time>2026-08-14T09:44:54.000Z</time></trkpt><trkpt lat="-8.059910434073817" lon="113.65273058997161"><ele>750.4</ele><time>2026-08-14T09:44:55.000Z</time></trkpt><trkpt lat="-8.0599188507405" lon="113.6527192599713"><ele>750.7</ele><time>2026-08-14T09:44:56.000Z</time></trkpt><trkpt lat="-8.05992815074054" lon="113.65270850330435"><ele>750.7</ele><time>2026-08-14T09:44:57.000Z</time></trkpt><trkpt lat="-8.05993657407395" lon="113.65269881997078"><ele>750.7</ele><time>2026-08-14T09:44:58.000Z</time></trkpt><trkpt lat="-8.059946720740662" lon="113.6526893999705"><ele>750.7</ele><time>2026-08-14T09:44:59.000Z</time></trkpt><trkpt lat="-8.059956970740805" lon="113.65267901997035"><ele>750.7</ele><time>2026-08-14T09:45:00.000Z</time></trkpt><trkpt lat="-8.059968020740843" lon="113.65266875997034"><ele>751.7</ele><time>2026-08-14T09:45:01.000Z</time></trkpt><trkpt lat="-8.059978544074276" lon="113.6526582699704"><ele>751.7</ele><time>2026-08-14T09:45:02.000Z</time></trkpt><trkpt lat="-8.059988694074352" lon="113.65264837997043"><ele>751.7</ele><time>2026-08-14T09:45:03.000Z</time></trkpt><trkpt lat="-8.059997870741151" lon="113.65263783330379"><ele>751.7</ele><time>2026-08-14T09:45:04.000Z</time></trkpt><trkpt lat="-8.060009447408065" lon="113.65262610663706"><ele>751.7</ele><time>2026-08-14T09:45:05.000Z</time></trkpt><trkpt lat="-8.060021180741808" lon="113.65261306663692"><ele>752.7</ele><time>2026-08-14T09:45:06.000Z</time></trkpt><trkpt lat="-8.060033787408814" lon="113.65259867330334"><ele>752.7</ele><time>2026-08-14T09:45:07.000Z</time></trkpt><trkpt lat="-8.060048210742565" lon="113.65258327996966"><ele>752.7</ele><time>2026-08-14T09:45:08.000Z</time></trkpt><trkpt lat="-8.060066394076198" lon="113.65256812996924"><ele>752.7</ele><time>2026-08-14T09:45:09.000Z</time></trkpt><trkpt lat="-8.060083114076258" lon="113.65255450663555"><ele>752.7</ele><time>2026-08-14T09:45:10.000Z</time></trkpt><trkpt lat="-8.060101070743059" lon="113.6525452833019"><ele>753.1</ele><time>2026-08-14T09:45:11.000Z</time></trkpt><trkpt lat="-8.060120444076764" lon="113.65253801996832"><ele>753.1</ele><time>2026-08-14T09:45:12.000Z</time></trkpt><trkpt lat="-8.060140057410546" lon="113.65253558330146"><ele>753.1</ele><time>2026-08-14T09:45:13.000Z</time></trkpt><trkpt lat="-8.060159117411024" lon="113.65253652330139"><ele>753.1</ele><time>2026-08-14T09:45:14.000Z</time></trkpt><trkpt lat="-8.06017930741166" lon="113.65254101996793"><ele>753.1</ele><time>2026-08-14T09:45:15.000Z</time></trkpt><trkpt lat="-8.06019932074571" lon="113.65254388996782"><ele>754.0</ele><time>2026-08-14T09:45:16.000Z</time></trkpt><trkpt lat="-8.060217907412977" lon="113.65254804996775"><ele>754.0</ele><time>2026-08-14T09:45:17.000Z</time></trkpt><trkpt lat="-8.060236057413396" lon="113.65254925663439"><ele>754.0</ele><time>2026-08-14T09:45:18.000Z</time></trkpt><trkpt lat="-8.060254004080747" lon="113.65254927330105"><ele>754.0</ele><time>2026-08-14T09:45:19.000Z</time></trkpt><trkpt lat="-8.060270750747934" lon="113.65254830996768"><ele>754.0</ele><time>2026-08-14T09:45:20.000Z</time></trkpt><trkpt lat="-8.060287737414768" lon="113.65254796663433"><ele>754.9</ele><time>2026-08-14T09:45:21.000Z</time></trkpt><trkpt lat="-8.060305834081364" lon="113.65254761996762"><ele>754.9</ele><time>2026-08-14T09:45:22.000Z</time></trkpt><trkpt lat="-8.0603240940813" lon="113.65254778330095"><ele>754.9</ele><time>2026-08-14T09:45:23.000Z</time></trkpt><trkpt lat="-8.060341544081037" lon="113.65254812996758"><ele>754.9</ele><time>2026-08-14T09:45:24.000Z</time></trkpt><trkpt lat="-8.060358040747627" lon="113.65254942996765"><ele>754.9</ele><time>2026-08-14T09:45:25.000Z</time></trkpt><trkpt lat="-8.060373350747724" lon="113.65255126996769"><ele>755.3</ele><time>2026-08-14T09:45:26.000Z</time></trkpt><trkpt lat="-8.060385737414572" lon="113.65255367996774"><ele>755.3</ele><time>2026-08-14T09:45:27.000Z</time></trkpt><trkpt lat="-8.06039617074803" lon="113.65255602996781"><ele>755.3</ele><time>2026-08-14T09:45:28.000Z</time></trkpt><trkpt lat="-8.060406930748174" lon="113.65255863663455"><ele>755.3</ele><time>2026-08-14T09:45:29.000Z</time></trkpt><trkpt lat="-8.060419304081567" lon="113.65256077663462"><ele>755.3</ele><time>2026-08-14T09:45:30.000Z</time></trkpt><trkpt lat="-8.060434034081553" lon="113.65256317330133"><ele>756.3</ele><time>2026-08-14T09:45:31.000Z</time></trkpt><trkpt lat="-8.060450664081637" lon="113.65256437663474"><ele>756.3</ele><time>2026-08-14T09:45:32.000Z</time></trkpt><trkpt lat="-8.060469650748532" lon="113.65256454996816"><ele>756.3</ele><time>2026-08-14T09:45:33.000Z</time></trkpt><trkpt lat="-8.060488604082213" lon="113.65256389330156"><ele>756.3</ele><time>2026-08-14T09:45:34.000Z</time></trkpt><trkpt lat="-8.060506597415804" lon="113.65256084330164"><ele>756.3</ele><time>2026-08-14T09:45:35.000Z</time></trkpt><trkpt lat="-8.060521727416164" lon="113.65255653663507"><ele>757.0</ele><time>2026-08-14T09:45:36.000Z</time></trkpt><trkpt lat="-8.060535457416442" lon="113.65255120330175"><ele>757.0</ele><time>2026-08-14T09:45:37.000Z</time></trkpt><trkpt lat="-8.060547380750066" lon="113.65254734330176"><ele>757.0</ele><time>2026-08-14T09:45:38.000Z</time></trkpt><trkpt lat="-8.06055899408361" lon="113.65254250663502"><ele>757.0</ele><time>2026-08-14T09:45:39.000Z</time></trkpt><trkpt lat="-8.06057026408386" lon="113.65253768330153"><ele>757.0</ele><time>2026-08-14T09:45:40.000Z</time></trkpt><trkpt lat="-8.060581804084034" lon="113.65253341330137"><ele>757.4</ele><time>2026-08-14T09:45:41.000Z</time></trkpt><trkpt lat="-8.060594734084201" lon="113.65253162996797"><ele>757.4</ele><time>2026-08-14T09:45:42.000Z</time></trkpt><trkpt lat="-8.060611017417845" lon="113.6525307233012"><ele>757.4</ele><time>2026-08-14T09:45:43.000Z</time></trkpt><trkpt lat="-8.060628710751448" lon="113.65253220996783"><ele>757.4</ele><time>2026-08-14T09:45:44.000Z</time></trkpt><trkpt lat="-8.060648307418623" lon="113.65253343330114"><ele>757.4</ele><time>2026-08-14T09:45:45.000Z</time></trkpt><trkpt lat="-8.0606697407523" lon="113.65253322996777"><ele>758.5</ele><time>2026-08-14T09:45:46.000Z</time></trkpt><trkpt lat="-8.060692234086133" lon="113.65253082330105"><ele>758.5</ele><time>2026-08-14T09:45:47.000Z</time></trkpt><trkpt lat="-8.060713567419956" lon="113.65252776996768"><ele>758.5</ele><time>2026-08-14T09:45:48.000Z</time></trkpt><trkpt lat="-8.060735130753763" lon="113.65252408996767"><ele>758.5</ele><time>2026-08-14T09:45:49.000Z</time></trkpt><trkpt lat="-8.060756664087293" lon="113.65252020330101"><ele>758.5</ele><time>2026-08-14T09:45:50.000Z</time></trkpt><trkpt lat="-8.060778100754549" lon="113.65251686663437"><ele>759.6</ele><time>2026-08-14T09:45:51.000Z</time></trkpt><trkpt lat="-8.060799027421805" lon="113.65251308330103"><ele>759.6</ele><time>2026-08-14T09:45:52.000Z</time></trkpt><trkpt lat="-8.060818490755484" lon="113.6525073599677"><ele>759.6</ele><time>2026-08-14T09:45:53.000Z</time></trkpt><trkpt lat="-8.060836594089235" lon="113.65249916663429"><ele>759.6</ele><time>2026-08-14T09:45:54.000Z</time></trkpt><trkpt lat="-8.060854517423039" lon="113.65249045996742"><ele>759.6</ele><time>2026-08-14T09:45:55.000Z</time></trkpt><trkpt lat="-8.060871807423224" lon="113.6524802899673"><ele>760.0</ele><time>2026-08-14T09:45:56.000Z</time></trkpt><trkpt lat="-8.06088981075648" lon="113.65247136996717"><ele>760.0</ele><time>2026-08-14T09:45:57.000Z</time></trkpt><trkpt lat="-8.0609093474231" lon="113.65246280996705"><ele>760.0</ele><time>2026-08-14T09:45:58.000Z</time></trkpt><trkpt lat="-8.06092947408982" lon="113.65245583663366"><ele>760.0</ele><time>2026-08-14T09:45:59.000Z</time></trkpt><trkpt lat="-8.060950164089935" lon="113.65245117996706"><ele>760.0</ele><time>2026-08-14T09:46:00.000Z</time></trkpt><trkpt lat="-8.060970857423413" lon="113.65244670330033"><ele>760.1</ele><time>2026-08-14T09:46:01.000Z</time></trkpt><trkpt lat="-8.060992097423897" lon="113.65244197663363"><ele>760.1</ele><time>2026-08-14T09:46:02.000Z</time></trkpt><trkpt lat="-8.061013114091127" lon="113.65243734330022"><ele>760.1</ele><time>2026-08-14T09:46:03.000Z</time></trkpt><trkpt lat="-8.061035787424908" lon="113.65243223996679"><ele>760.1</ele><time>2026-08-14T09:46:04.000Z</time></trkpt><trkpt lat="-8.061057744091826" lon="113.65242506996677"><ele>760.1</ele><time>2026-08-14T09:46:05.000Z</time></trkpt><trkpt lat="-8.061080890758603" lon="113.65241968663346"><ele>759.7</ele><time>2026-08-14T09:46:06.000Z</time></trkpt><trkpt lat="-8.06110260075872" lon="113.65241447330018"><ele>759.7</ele><time>2026-08-14T09:46:07.000Z</time></trkpt><trkpt lat="-8.061124944092024" lon="113.65241015330022"><ele>759.7</ele><time>2026-08-14T09:46:08.000Z</time></trkpt><trkpt lat="-8.061145777425512" lon="113.65240677663363"><ele>759.7</ele><time>2026-08-14T09:46:09.000Z</time></trkpt><trkpt lat="-8.061168900759167" lon="113.65240529330026"><ele>759.7</ele><time>2026-08-14T09:46:10.000Z</time></trkpt><trkpt lat="-8.061192597426315" lon="113.65240471330026"><ele>759.6</ele><time>2026-08-14T09:46:11.000Z</time></trkpt><trkpt lat="-8.061217614093234" lon="113.65240638996693"><ele>759.6</ele><time>2026-08-14T09:46:12.000Z</time></trkpt><trkpt lat="-8.061242254093434" lon="113.6524085066336"><ele>759.6</ele><time>2026-08-14T09:46:13.000Z</time></trkpt><trkpt lat="-8.061268517426974" lon="113.65241322330023"><ele>759.6</ele><time>2026-08-14T09:46:14.000Z</time></trkpt><trkpt lat="-8.06129346076074" lon="113.65241850663354"><ele>759.6</ele><time>2026-08-14T09:46:15.000Z</time></trkpt><trkpt lat="-8.061317570761185" lon="113.65242503330009"><ele>759.5</ele><time>2026-08-14T09:46:16.000Z</time></trkpt><trkpt lat="-8.061341330761822" lon="113.65242913329999"><ele>759.5</ele><time>2026-08-14T09:46:17.000Z</time></trkpt><trkpt lat="-8.061365320762441" lon="113.65243411663316"><ele>759.5</ele><time>2026-08-14T09:46:18.000Z</time></trkpt><trkpt lat="-8.061387917429704" lon="113.65244066663328"><ele>759.5</ele><time>2026-08-14T09:46:19.000Z</time></trkpt><trkpt lat="-8.061410587430121" lon="113.65244951663348"><ele>759.5</ele><time>2026-08-14T09:46:20.000Z</time></trkpt><trkpt lat="-8.061431744097145" lon="113.65245774330042"><ele>759.2</ele><time>2026-08-14T09:46:21.000Z</time></trkpt><trkpt lat="-8.06145280743083" lon="113.65247106663428"><ele>759.2</ele><time>2026-08-14T09:46:22.000Z</time></trkpt><trkpt lat="-8.061473020764803" lon="113.65248568996813"><ele>759.2</ele><time>2026-08-14T09:46:23.000Z</time></trkpt><trkpt lat="-8.061492164098524" lon="113.65249917996849"><ele>759.2</ele><time>2026-08-14T09:46:24.000Z</time></trkpt><trkpt lat="-8.061510550765444" lon="113.6525109699688"><ele>759.2</ele><time>2026-08-14T09:46:25.000Z</time></trkpt><trkpt lat="-8.061528090765798" lon="113.6525226699691"><ele>759.0</ele><time>2026-08-14T09:46:26.000Z</time></trkpt><trkpt lat="-8.061543644099334" lon="113.65253138996916"><ele>759.0</ele><time>2026-08-14T09:46:27.000Z</time></trkpt><trkpt lat="-8.061559057432863" lon="113.65253752996928"><ele>759.0</ele><time>2026-08-14T09:46:28.000Z</time></trkpt><trkpt lat="-8.06157411743322" lon="113.65253826330266"><ele>759.0</ele><time>2026-08-14T09:46:29.000Z</time></trkpt><trkpt lat="-8.061588024100299" lon="113.65253608330254"><ele>759.0</ele><time>2026-08-14T09:46:30.000Z</time></trkpt><trkpt lat="-8.061603807433817" lon="113.65253075663566"><ele>758.5</ele><time>2026-08-14T09:46:31.000Z</time></trkpt><trkpt lat="-8.061619977433935" lon="113.65252182663535"><ele>758.5</ele><time>2026-08-14T09:46:32.000Z</time></trkpt><trkpt lat="-8.061634800767152" lon="113.6525107499684"><ele>758.5</ele><time>2026-08-14T09:46:33.000Z</time></trkpt><trkpt lat="-8.06165102410024" lon="113.65250054330143"><ele>758.5</ele><time>2026-08-14T09:46:34.000Z</time></trkpt><trkpt lat="-8.061667754099963" lon="113.65248988996794"><ele>758.5</ele><time>2026-08-14T09:46:35.000Z</time></trkpt><trkpt lat="-8.061684820766464" lon="113.65247987996786"><ele>758.6</ele><time>2026-08-14T09:46:36.000Z</time></trkpt><trkpt lat="-8.061702704099897" lon="113.6524717166345"><ele>758.6</ele><time>2026-08-14T09:46:37.000Z</time></trkpt><trkpt lat="-8.061722784099945" lon="113.65246513996779"><ele>758.6</ele><time>2026-08-14T09:46:38.000Z</time></trkpt><trkpt lat="-8.061742317433417" lon="113.65245997330115"><ele>758.6</ele><time>2026-08-14T09:46:39.000Z</time></trkpt><trkpt lat="-8.061763527433625" lon="113.65245635996776"><ele>758.6</ele><time>2026-08-14T09:46:40.000Z</time></trkpt><trkpt lat="-8.061785107433826" lon="113.65245269663441"><ele>759.0</ele><time>2026-08-14T09:46:41.000Z</time></trkpt><trkpt lat="-8.061806327433912" lon="113.65245044330109"><ele>759.0</ele><time>2026-08-14T09:46:42.000Z</time></trkpt><trkpt lat="-8.061826160767371" lon="113.65245031996783"><ele>759.0</ele><time>2026-08-14T09:46:43.000Z</time></trkpt><trkpt lat="-8.061846570767255" lon="113.6524525866345"><ele>759.0</ele><time>2026-08-14T09:46:44.000Z</time></trkpt><trkpt lat="-8.06186597743396" lon="113.65245635996783"><ele>759.0</ele><time>2026-08-14T09:46:45.000Z</time></trkpt><trkpt lat="-8.06188525410075" lon="113.65246191330118"><ele>760.4</ele><time>2026-08-14T09:46:46.000Z</time></trkpt><trkpt lat="-8.061904637434122" lon="113.65246666330123"><ele>760.4</ele><time>2026-08-14T09:46:47.000Z</time></trkpt><trkpt lat="-8.061924960767609" lon="113.6524711966345"><ele>760.4</ele><time>2026-08-14T09:46:48.000Z</time></trkpt><trkpt lat="-8.061943817434587" lon="113.6524736866345"><ele>760.4</ele><time>2026-08-14T09:46:49.000Z</time></trkpt><trkpt lat="-8.061963857434694" lon="113.65247656996785"><ele>760.4</ele><time>2026-08-14T09:46:50.000Z</time></trkpt><trkpt lat="-8.06198306410148" lon="113.65247891663451"><ele>761.9</ele><time>2026-08-14T09:46:51.000Z</time></trkpt><trkpt lat="-8.062004000768397" lon="113.65248332996785"><ele>761.9</ele><time>2026-08-14T09:46:52.000Z</time></trkpt><trkpt lat="-8.06202469743524" lon="113.65248692663454"><ele>761.9</ele><time>2026-08-14T09:46:53.000Z</time></trkpt><trkpt lat="-8.062046704102192" lon="113.6524922933013"><ele>761.9</ele><time>2026-08-14T09:46:54.000Z</time></trkpt><trkpt lat="-8.062067667436025" lon="113.65249664330133"><ele>761.9</ele><time>2026-08-14T09:46:55.000Z</time></trkpt><trkpt lat="-8.062088460769786" lon="113.65250173663476"><ele>762.4</ele><time>2026-08-14T09:46:56.000Z</time></trkpt><trkpt lat="-8.06210753077014" lon="113.65250515996817"><ele>762.4</ele><time>2026-08-14T09:46:57.000Z</time></trkpt><trkpt lat="-8.062125930770517" lon="113.65250990996833"><ele>762.4</ele><time>2026-08-14T09:46:58.000Z</time></trkpt><trkpt lat="-8.062145497437628" lon="113.65251324663511"><ele>762.4</ele><time>2026-08-14T09:46:59.000Z</time></trkpt><trkpt lat="-8.062163670771168" lon="113.65251717330189"><ele>762.4</ele><time>2026-08-14T09:47:00.000Z</time></trkpt><trkpt lat="-8.062182190771367" lon="113.65252116996862"><ele>762.7</ele><time>2026-08-14T09:47:01.000Z</time></trkpt><trkpt lat="-8.06220175743805" lon="113.65252576996863"><ele>762.7</ele><time>2026-08-14T09:47:02.000Z</time></trkpt><trkpt lat="-8.062220647438028" lon="113.65253172996854"><ele>762.7</ele><time>2026-08-14T09:47:03.000Z</time></trkpt><trkpt lat="-8.06223916410465" lon="113.65253904663521"><ele>762.7</ele><time>2026-08-14T09:47:04.000Z</time></trkpt><trkpt lat="-8.06225983410458" lon="113.65254700663522"><ele>762.7</ele><time>2026-08-14T09:47:05.000Z</time></trkpt><trkpt lat="-8.062280344104746" lon="113.65255583996861"><ele>762.4</ele><time>2026-08-14T09:47:06.000Z</time></trkpt><trkpt lat="-8.062298867438308" lon="113.65256490663539"><ele>762.4</ele><time>2026-08-14T09:47:07.000Z</time></trkpt><trkpt lat="-8.062317630771947" lon="113.65257335330234"><ele>762.4</ele><time>2026-08-14T09:47:08.000Z</time></trkpt><trkpt lat="-8.06233508743884" lon="113.65258316663594"><ele>762.4</ele><time>2026-08-14T09:47:09.000Z</time></trkpt><trkpt lat="-8.062351344105782" lon="113.65259395330301"><ele>762.4</ele><time>2026-08-14T09:47:10.000Z</time></trkpt><trkpt lat="-8.06236795743926" lon="113.65260592330344"><ele>762.4</ele><time>2026-08-14T09:47:11.000Z</time></trkpt><trkpt lat="-8.062385954106002" lon="113.65261863997046"><ele>762.4</ele><time>2026-08-14T09:47:12.000Z</time></trkpt><trkpt lat="-8.062404390772741" lon="113.65262970997067"><ele>762.4</ele><time>2026-08-14T09:47:13.000Z</time></trkpt><trkpt lat="-8.062422027439371" lon="113.65263878997084"><ele>762.4</ele><time>2026-08-14T09:47:14.000Z</time></trkpt><trkpt lat="-8.062440820772643" lon="113.65264531330419"><ele>762.4</ele><time>2026-08-14T09:47:15.000Z</time></trkpt><trkpt lat="-8.062459554105791" lon="113.65265010330418"><ele>762.7</ele><time>2026-08-14T09:47:16.000Z</time></trkpt><trkpt lat="-8.06247930077264" lon="113.65265292663756"><ele>762.7</ele><time>2026-08-14T09:47:17.000Z</time></trkpt><trkpt lat="-8.062500577439703" lon="113.65265655330427"><ele>762.7</ele><time>2026-08-14T09:47:18.000Z</time></trkpt><trkpt lat="-8.062522507440137" lon="113.652660309971"><ele>762.7</ele><time>2026-08-14T09:47:19.000Z</time></trkpt><trkpt lat="-8.062543514107276" lon="113.65266499663778"><ele>762.7</ele><time>2026-08-14T09:47:20.000Z</time></trkpt><trkpt lat="-8.062564904107862" lon="113.65267150330462"><ele>763.4</ele><time>2026-08-14T09:47:21.000Z</time></trkpt><trkpt lat="-8.062584280774931" lon="113.65267987997149"><ele>763.4</ele><time>2026-08-14T09:47:22.000Z</time></trkpt><trkpt lat="-8.062602337441799" lon="113.65268884997178"><ele>763.4</ele><time>2026-08-14T09:47:23.000Z</time></trkpt><trkpt lat="-8.062621847442148" lon="113.65269906997199"><ele>763.4</ele><time>2026-08-14T09:47:24.000Z</time></trkpt><trkpt lat="-8.062641227442581" lon="113.65271114330555"><ele>763.4</ele><time>2026-08-14T09:47:25.000Z</time></trkpt><trkpt lat="-8.062660307442815" lon="113.65272184663904"><ele>763.8</ele><time>2026-08-14T09:47:26.000Z</time></trkpt><trkpt lat="-8.062680914109682" lon="113.6527321233059"><ele>763.8</ele><time>2026-08-14T09:47:27.000Z</time></trkpt><trkpt lat="-8.062702947443121" lon="113.65274292330612"><ele>763.8</ele><time>2026-08-14T09:47:28.000Z</time></trkpt><trkpt lat="-8.062724727443028" lon="113.65275293330635"><ele>763.8</ele><time>2026-08-14T09:47:29.000Z</time></trkpt><trkpt lat="-8.06274630077607" lon="113.65276167330656"><ele>763.8</ele><time>2026-08-14T09:47:30.000Z</time></trkpt><trkpt lat="-8.06276854744267" lon="113.65277055330678"><ele>764.4</ele><time>2026-08-14T09:47:31.000Z</time></trkpt><trkpt lat="-8.062790504109161" lon="113.6527797399737"><ele>764.4</ele><time>2026-08-14T09:47:32.000Z</time></trkpt><trkpt lat="-8.062812410775617" lon="113.65278868664055"><ele>764.4</ele><time>2026-08-14T09:47:33.000Z</time></trkpt><trkpt lat="-8.062834270775406" lon="113.65279837330745"><ele>764.4</ele><time>2026-08-14T09:47:34.000Z</time></trkpt><trkpt lat="-8.06285592410876" lon="113.65280908997423"><ele>764.4</ele><time>2026-08-14T09:47:35.000Z</time></trkpt><trkpt lat="-8.062875757442004" lon="113.65281940997431"><ele>765.0</ele><time>2026-08-14T09:47:36.000Z</time></trkpt><trkpt lat="-8.062895310775229" lon="113.65282874997426"><ele>765.0</ele><time>2026-08-14T09:47:37.000Z</time></trkpt><trkpt lat="-8.062914167441779" lon="113.65283758664086"><ele>765.0</ele><time>2026-08-14T09:47:38.000Z</time></trkpt><trkpt lat="-8.062932770775223" lon="113.65284607664094"><ele>765.0</ele><time>2026-08-14T09:47:39.000Z</time></trkpt><trkpt lat="-8.06295291410876" lon="113.65285334997441"><ele>765.0</ele><time>2026-08-14T09:47:40.000Z</time></trkpt><trkpt lat="-8.062974164108908" lon="113.65286188997452"><ele>765.2</ele><time>2026-08-14T09:47:41.000Z</time></trkpt><trkpt lat="-8.062995184109074" lon="113.65287146330805"><ele>765.2</ele><time>2026-08-14T09:47:42.000Z</time></trkpt><trkpt lat="-8.063014784109397" lon="113.65287987330821"><ele>765.2</ele><time>2026-08-14T09:47:43.000Z</time></trkpt><trkpt lat="-8.06303233410963" lon="113.6528870666416"><ele>765.2</ele><time>2026-08-14T09:47:44.000Z</time></trkpt><trkpt lat="-8.06304754410966" lon="113.65289360664163"><ele>765.2</ele><time>2026-08-14T09:47:45.000Z</time></trkpt><trkpt lat="-8.063061907443124" lon="113.65289856664171"><ele>765.0</ele><time>2026-08-14T09:47:46.000Z</time></trkpt><trkpt lat="-8.06307586411002" lon="113.65290251330842"><ele>765.0</ele><time>2026-08-14T09:47:47.000Z</time></trkpt><trkpt lat="-8.063088550776854" lon="113.65290655330848"><ele>765.0</ele><time>2026-08-14T09:47:48.000Z</time></trkpt><trkpt lat="-8.06310172744372" lon="113.6529117633086"><ele>765.0</ele><time>2026-08-14T09:47:49.000Z</time></trkpt><trkpt lat="-8.063114597443867" lon="113.65291768997534"><ele>765.0</ele><time>2026-08-14T09:47:50.000Z</time></trkpt><trkpt lat="-8.063126620777453" lon="113.65292402997542"><ele>764.6</ele><time>2026-08-14T09:47:51.000Z</time></trkpt><trkpt lat="-8.063137780777652" lon="113.65293114997549"><ele>764.6</ele><time>2026-08-14T09:47:52.000Z</time></trkpt><trkpt lat="-8.063149864111256" lon="113.65293854997553"><ele>764.6</ele><time>2026-08-14T09:47:53.000Z</time></trkpt><trkpt lat="-8.063161614111443" lon="113.65294513997557"><ele>764.6</ele><time>2026-08-14T09:47:54.000Z</time></trkpt><trkpt lat="-8.063172467445032" lon="113.65295202997561"><ele>764.6</ele><time>2026-08-14T09:47:55.000Z</time></trkpt><trkpt lat="-8.063183254111769" lon="113.65295906330891"><ele>764.5</ele><time>2026-08-14T09:47:56.000Z</time></trkpt><trkpt lat="-8.06319470411197" lon="113.65296616997564"><ele>764.5</ele><time>2026-08-14T09:47:57.000Z</time></trkpt><trkpt lat="-8.06320695744543" lon="113.65297515664227"><ele>764.5</ele><time>2026-08-14T09:47:58.000Z</time></trkpt><trkpt lat="-8.063220920779056" lon="113.65298599330887"><ele>764.5</ele><time>2026-08-14T09:47:59.000Z</time></trkpt><trkpt lat="-8.06323742411259" lon="113.65299822664221"><ele>764.5</ele><time>2026-08-14T09:48:00.000Z</time></trkpt><trkpt lat="-8.063255757446324" lon="113.65301211664226"><ele>764.5</ele><time>2026-08-14T09:48:01.000Z</time></trkpt><trkpt lat="-8.063274897446684" lon="113.65302700330889"><ele>764.5</ele><time>2026-08-14T09:48:02.000Z</time></trkpt><trkpt lat="-8.063294564113647" lon="113.6530416666423"><ele>764.5</ele><time>2026-08-14T09:48:03.000Z</time></trkpt><trkpt lat="-8.06331387411365" lon="113.6530561033089"><ele>764.5</ele><time>2026-08-14T09:48:04.000Z</time></trkpt><trkpt lat="-8.063332754113748" lon="113.65307083664227"><ele>764.5</ele><time>2026-08-14T09:48:05.000Z</time></trkpt><trkpt lat="-8.063349940780501" lon="113.65308487330901"><ele>764.6</ele><time>2026-08-14T09:48:06.000Z</time></trkpt><trkpt lat="-8.063367544113914" lon="113.65309912330926"><ele>764.6</ele><time>2026-08-14T09:48:07.000Z</time></trkpt><trkpt lat="-8.063384987447352" lon="113.6531124899763"><ele>764.6</ele><time>2026-08-14T09:48:08.000Z</time></trkpt><trkpt lat="-8.063402250780836" lon="113.65312509331018"><ele>764.6</ele><time>2026-08-14T09:48:09.000Z</time></trkpt><trkpt lat="-8.063419904114287" lon="113.65313665331057"><ele>764.6</ele><time>2026-08-14T09:48:10.000Z</time></trkpt><trkpt lat="-8.063438474114303" lon="113.65314687331099"><ele>764.7</ele><time>2026-08-14T09:48:11.000Z</time></trkpt><trkpt lat="-8.063456720781" lon="113.65315582664452"><ele>764.7</ele><time>2026-08-14T09:48:12.000Z</time></trkpt><trkpt lat="-8.063475360781236" lon="113.6531644633113"><ele>764.7</ele><time>2026-08-14T09:48:13.000Z</time></trkpt><trkpt lat="-8.063494304115036" lon="113.65317283664463"><ele>764.7</ele><time>2026-08-14T09:48:14.000Z</time></trkpt><trkpt lat="-8.063513667448863" lon="113.65318124664472"><ele>764.7</ele><time>2026-08-14T09:48:15.000Z</time></trkpt><trkpt lat="-8.063533270782553" lon="113.6531905166448"><ele>764.9</ele><time>2026-08-14T09:48:16.000Z</time></trkpt><trkpt lat="-8.06355270078302" lon="113.65320017331173"><ele>764.9</ele><time>2026-08-14T09:48:17.000Z</time></trkpt><trkpt lat="-8.063572350783378" lon="113.65321026331205"><ele>764.9</ele><time>2026-08-14T09:48:18.000Z</time></trkpt><trkpt lat="-8.063591014116948" lon="113.65322033997904"><ele>764.9</ele><time>2026-08-14T09:48:19.000Z</time></trkpt><trkpt lat="-8.063609837450715" lon="113.65323023664601"><ele>764.9</ele><time>2026-08-14T09:48:20.000Z</time></trkpt><trkpt lat="-8.063628620784538" lon="113.65324020997954"><ele>765.2</ele><time>2026-08-14T09:48:21.000Z</time></trkpt><trkpt lat="-8.063647514118092" lon="113.65325050997976"><ele>765.2</ele><time>2026-08-14T09:48:22.000Z</time></trkpt><trkpt lat="-8.063665580785052" lon="113.6532602333132"><ele>765.2</ele><time>2026-08-14T09:48:23.000Z</time></trkpt><trkpt lat="-8.063684047452067" lon="113.65327001331336"><ele>765.2</ele><time>2026-08-14T09:48:24.000Z</time></trkpt><trkpt lat="-8.063701917452043" lon="113.65328024664684"><ele>765.2</ele><time>2026-08-14T09:48:25.000Z</time></trkpt><trkpt lat="-8.063720347452051" lon="113.653290806647"><ele>765.4</ele><time>2026-08-14T09:48:26.000Z</time></trkpt><trkpt lat="-8.063738147452238" lon="113.65330094331378"><ele>765.4</ele><time>2026-08-14T09:48:27.000Z</time></trkpt><trkpt lat="-8.063755970785758" lon="113.653311953314"><ele>765.4</ele><time>2026-08-14T09:48:28.000Z</time></trkpt><trkpt lat="-8.063774564119324" lon="113.6533233433141"><ele>765.4</ele><time>2026-08-14T09:48:29.000Z</time></trkpt><trkpt lat="-8.063791860786452" lon="113.65333416664755"><ele>765.4</ele><time>2026-08-14T09:48:30.000Z</time></trkpt><trkpt lat="-8.06380842078696" lon="113.65334460331444"><ele>766.0</ele><time>2026-08-14T09:48:31.000Z</time></trkpt><trkpt lat="-8.063825550787596" lon="113.65335528998123"><ele>766.0</ele><time>2026-08-14T09:48:32.000Z</time></trkpt><trkpt lat="-8.063842734121415" lon="113.65336548331454"><ele>766.0</ele><time>2026-08-14T09:48:33.000Z</time></trkpt><trkpt lat="-8.063860394121592" lon="113.65337610998131"><ele>766.0</ele><time>2026-08-14T09:48:34.000Z</time></trkpt><trkpt lat="-8.063880187454895" lon="113.65338768664806"><ele>766.0</ele><time>2026-08-14T09:48:35.000Z</time></trkpt><trkpt lat="-8.063900164121513" lon="113.65339950331479"><ele>766.4</ele><time>2026-08-14T09:48:36.000Z</time></trkpt><trkpt lat="-8.063920820787988" lon="113.65341134998152"><ele>766.4</ele><time>2026-08-14T09:48:37.000Z</time></trkpt><trkpt lat="-8.063942087454528" lon="113.65342333664844"><ele>766.4</ele><time>2026-08-14T09:48:38.000Z</time></trkpt><trkpt lat="-8.063962574121145" lon="113.65343473998189"><ele>766.4</ele><time>2026-08-14T09:48:39.000Z</time></trkpt><trkpt lat="-8.063982270787744" lon="113.65344524664879"><ele>766.4</ele><time>2026-08-14T09:48:40.000Z</time></trkpt><trkpt lat="-8.064001677454447" lon="113.65345512331558"><ele>766.4</ele><time>2026-08-14T09:48:41.000Z</time></trkpt><trkpt lat="-8.064020914121295" lon="113.65346430664906"><ele>766.4</ele><time>2026-08-14T09:48:42.000Z</time></trkpt><trkpt lat="-8.064040937454795" lon="113.65347330664909"><ele>766.4</ele><time>2026-08-14T09:48:43.000Z</time></trkpt><trkpt lat="-8.06406147412166" lon="113.65348209331592"><ele>766.4</ele><time>2026-08-14T09:48:44.000Z</time></trkpt><trkpt lat="-8.064082990788583" lon="113.65349131998273"><ele>766.4</ele><time>2026-08-14T09:48:45.000Z</time></trkpt><trkpt lat="-8.064105627455358" lon="113.65350103998287"><ele>766.0</ele><time>2026-08-14T09:48:46.000Z</time></trkpt><trkpt lat="-8.06412800078851" lon="113.65351093664961"><ele>766.0</ele><time>2026-08-14T09:48:47.000Z</time></trkpt><trkpt lat="-8.064150124121495" lon="113.65352105331631"><ele>766.0</ele><time>2026-08-14T09:48:48.000Z</time></trkpt><trkpt lat="-8.06417166745469" lon="113.6535311099829"><ele>766.0</ele><time>2026-08-14T09:48:49.000Z</time></trkpt><trkpt lat="-8.064192107454636" lon="113.65354103664944"><ele>766.0</ele><time>2026-08-14T09:48:50.000Z</time></trkpt><trkpt lat="-8.06421275745481" lon="113.65355097331614"><ele>765.4</ele><time>2026-08-14T09:48:51.000Z</time></trkpt><trkpt lat="-8.064233164121543" lon="113.65356065998296"><ele>765.4</ele><time>2026-08-14T09:48:52.000Z</time></trkpt><trkpt lat="-8.064253677455074" lon="113.65356989998313"><ele>765.4</ele><time>2026-08-14T09:48:53.000Z</time></trkpt><trkpt lat="-8.064275317454971" lon="113.65357896998333"><ele>765.4</ele><time>2026-08-14T09:48:54.000Z</time></trkpt><trkpt lat="-8.064297244121615" lon="113.65358705331683"><ele>765.4</ele><time>2026-08-14T09:48:55.000Z</time></trkpt><trkpt lat="-8.064319380788055" lon="113.65359420665023"><ele>765.2</ele><time>2026-08-14T09:48:56.000Z</time></trkpt><trkpt lat="-8.06434199078792" lon="113.65360019665025"><ele>765.2</ele><time>2026-08-14T09:48:57.000Z</time></trkpt><trkpt lat="-8.064364594121056" lon="113.6536057733169"><ele>765.2</ele><time>2026-08-14T09:48:58.000Z</time></trkpt><trkpt lat="-8.064387254120954" lon="113.65361080998358"><ele>765.2</ele><time>2026-08-14T09:48:59.000Z</time></trkpt><trkpt lat="-8.06440920412093" lon="113.65361540331688"><ele>765.2</ele><time>2026-08-14T09:49:00.000Z</time></trkpt><trkpt lat="-8.0644299407875" lon="113.65361998665014"><ele>764.8</ele><time>2026-08-14T09:49:01.000Z</time></trkpt><trkpt lat="-8.064450064121067" lon="113.6536254366501"><ele>764.8</ele><time>2026-08-14T09:49:02.000Z</time></trkpt><trkpt lat="-8.064469357454676" lon="113.65363147331675"><ele>764.8</ele><time>2026-08-14T09:49:03.000Z</time></trkpt><trkpt lat="-8.064488574121766" lon="113.6536382166501"><ele>764.8</ele><time>2026-08-14T09:49:04.000Z</time></trkpt><trkpt lat="-8.064508414122168" lon="113.65364572665017"><ele>764.8</ele><time>2026-08-14T09:49:05.000Z</time></trkpt><trkpt lat="-8.064528904122577" lon="113.65365345665028"><ele>764.5</ele><time>2026-08-14T09:49:06.000Z</time></trkpt><trkpt lat="-8.06455047078932" lon="113.65366118665038"><ele>764.5</ele><time>2026-08-14T09:49:07.000Z</time></trkpt><trkpt lat="-8.06457256078952" lon="113.6536684399839"><ele>764.5</ele><time>2026-08-14T09:49:08.000Z</time></trkpt><trkpt lat="-8.064593937456221" lon="113.65367540665072"><ele>764.5</ele><time>2026-08-14T09:49:09.000Z</time></trkpt><trkpt lat="-8.064615707456035" lon="113.65368228331756"><ele>764.5</ele><time>2026-08-14T09:49:10.000Z</time></trkpt><trkpt lat="-8.064635677455923" lon="113.6536881933177"><ele>764.4</ele><time>2026-08-14T09:49:11.000Z</time></trkpt><trkpt lat="-8.064656270789337" lon="113.65369402998454"><ele>764.4</ele><time>2026-08-14T09:49:12.000Z</time></trkpt><trkpt lat="-8.064677404122596" lon="113.65369941665134"><ele>764.4</ele><time>2026-08-14T09:49:13.000Z</time></trkpt><trkpt lat="-8.064699644122467" lon="113.65370370998478"><ele>764.4</ele><time>2026-08-14T09:49:14.000Z</time></trkpt><trkpt lat="-8.064722377455947" lon="113.65370612665154"><ele>764.4</ele><time>2026-08-14T09:49:15.000Z</time></trkpt><trkpt lat="-8.064746130789427" lon="113.65370843998497"><ele>764.3</ele><time>2026-08-14T09:49:16.000Z</time></trkpt><trkpt lat="-8.06476738745609" lon="113.65370997998498"><ele>764.3</ele><time>2026-08-14T09:49:17.000Z</time></trkpt><trkpt lat="-8.064788030789321" lon="113.65371110331834"><ele>764.3</ele><time>2026-08-14T09:49:18.000Z</time></trkpt><trkpt lat="-8.064807370789172" lon="113.65371224665171"><ele>764.3</ele><time>2026-08-14T09:49:19.000Z</time></trkpt><trkpt lat="-8.06482514412223" lon="113.65371439998503"><ele>764.3</ele><time>2026-08-14T09:49:20.000Z</time></trkpt><trkpt lat="-8.064841177455275" lon="113.65371766665172"><ele>764.5</ele><time>2026-08-14T09:49:21.000Z</time></trkpt><trkpt lat="-8.064855440788353" lon="113.65372075331838"><ele>764.5</ele><time>2026-08-14T09:49:22.000Z</time></trkpt><trkpt lat="-8.06486780412165" lon="113.65372329998505"><ele>764.5</ele><time>2026-08-14T09:49:23.000Z</time></trkpt><trkpt lat="-8.064878287455143" lon="113.65372518998504"><ele>764.5</ele><time>2026-08-14T09:49:24.000Z</time></trkpt><trkpt lat="-8.064887534121894" lon="113.65372672331839"><ele>764.5</ele><time>2026-08-14T09:49:25.000Z</time></trkpt><trkpt lat="-8.06489726078858" lon="113.65372712331836"><ele>764.7</ele><time>2026-08-14T09:49:26.000Z</time></trkpt><trkpt lat="-8.064907490788647" lon="113.65372723998505"><ele>764.7</ele><time>2026-08-14T09:49:27.000Z</time></trkpt><trkpt lat="-8.064917144121967" lon="113.65372725998505"><ele>764.7</ele><time>2026-08-14T09:49:28.000Z</time></trkpt><trkpt lat="-8.064926997455206" lon="113.65372738331837"><ele>764.7</ele><time>2026-08-14T09:49:29.000Z</time></trkpt><trkpt lat="-8.064936970788484" lon="113.653727379985"><ele>764.7</ele><time>2026-08-14T09:49:30.000Z</time></trkpt><trkpt lat="-8.064946657455227" lon="113.65372741998502"><ele>765.2</ele><time>2026-08-14T09:49:31.000Z</time></trkpt><trkpt lat="-8.064954934121944" lon="113.65372803331832"><ele>765.2</ele><time>2026-08-14T09:49:32.000Z</time></trkpt><trkpt lat="-8.06496256745538" lon="113.65372940665165"><ele>765.2</ele><time>2026-08-14T09:49:33.000Z</time></trkpt><trkpt lat="-8.064970247455484" lon="113.65373161331836"><ele>765.2</ele><time>2026-08-14T09:49:34.000Z</time></trkpt><trkpt lat="-8.064977934122316" lon="113.65373442331841"><ele>765.2</ele><time>2026-08-14T09:49:35.000Z</time></trkpt><trkpt lat="-8.064986517455747" lon="113.65373720331843"><ele>766.2</ele><time>2026-08-14T09:49:36.000Z</time></trkpt><trkpt lat="-8.064997030789302" lon="113.65373887998514"><ele>766.2</ele><time>2026-08-14T09:49:37.000Z</time></trkpt><trkpt lat="-8.065008590789446" lon="113.65373939331849"><ele>766.2</ele><time>2026-08-14T09:49:38.000Z</time></trkpt><trkpt lat="-8.065020387456304" lon="113.65373940998514"><ele>766.2</ele><time>2026-08-14T09:49:39.000Z</time></trkpt><trkpt lat="-8.065032214123011" lon="113.6537382233184"><ele>766.2</ele><time>2026-08-14T09:49:40.000Z</time></trkpt><trkpt lat="-8.065043597456356" lon="113.65373687331835"><ele>766.8</ele><time>2026-08-14T09:49:41.000Z</time></trkpt><trkpt lat="-8.065054967456245" lon="113.65373616331831"><ele>766.8</ele><time>2026-08-14T09:49:42.000Z</time></trkpt><trkpt lat="-8.065066267456132" lon="113.65373687665162"><ele>766.8</ele><time>2026-08-14T09:49:43.000Z</time></trkpt><trkpt lat="-8.065077517455984" lon="113.65373841998492"><ele>766.8</ele><time>2026-08-14T09:49:44.000Z</time></trkpt><trkpt lat="-8.065088847455932" lon="113.65374178665157"><ele>766.8</ele><time>2026-08-14T09:49:45.000Z</time></trkpt><trkpt lat="-8.065100034122509" lon="113.65374546331823"><ele>767.9</ele><time>2026-08-14T09:49:46.000Z</time></trkpt><trkpt lat="-8.065111357455729" lon="113.65375000665153"><ele>767.9</ele><time>2026-08-14T09:49:47.000Z</time></trkpt><trkpt lat="-8.065122560788911" lon="113.65375490665149"><ele>767.9</ele><time>2026-08-14T09:49:48.000Z</time></trkpt><trkpt lat="-8.065133257455457" lon="113.65375919998482"><ele>767.9</ele><time>2026-08-14T09:49:49.000Z</time></trkpt><trkpt lat="-8.06514319412205" lon="113.65376282998486"><ele>767.9</ele><time>2026-08-14T09:49:50.000Z</time></trkpt><trkpt lat="-8.065152267455366" lon="113.65376657665156"><ele>769.0</ele><time>2026-08-14T09:49:51.000Z</time></trkpt><trkpt lat="-8.065160447455337" lon="113.65377020998497"><ele>769.0</ele><time>2026-08-14T09:49:52.000Z</time></trkpt><trkpt lat="-8.065168800788745" lon="113.65377366998504"><ele>769.0</ele><time>2026-08-14T09:49:53.000Z</time></trkpt><trkpt lat="-8.06517759412215" lon="113.65377797998516"><ele>769.0</ele><time>2026-08-14T09:49:54.000Z</time></trkpt><trkpt lat="-8.06518725078894" lon="113.65378261331864"><ele>769.0</ele><time>2026-08-14T09:49:55.000Z</time></trkpt><trkpt lat="-8.065196944122413" lon="113.65378739998543"><ele>769.6</ele><time>2026-08-14T09:49:56.000Z</time></trkpt><trkpt lat="-8.065206327455915" lon="113.6537914066522"><ele>769.6</ele><time>2026-08-14T09:49:57.000Z</time></trkpt><trkpt lat="-8.065214980789417" lon="113.6537966299857"><ele>769.6</ele><time>2026-08-14T09:49:58.000Z</time></trkpt><trkpt lat="-8.065225570789488" lon="113.65380336998587"><ele>769.6</ele><time>2026-08-14T09:49:59.000Z</time></trkpt><trkpt lat="-8.065236270789505" lon="113.65381119998601"><ele>769.6</ele><time>2026-08-14T09:50:00.000Z</time></trkpt><trkpt lat="-8.065247530789557" lon="113.6538197199861"><ele>770.7</ele><time>2026-08-14T09:50:01.000Z</time></trkpt><trkpt lat="-8.065258557456263" lon="113.65382908665285"><ele>770.7</ele><time>2026-08-14T09:50:02.000Z</time></trkpt><trkpt lat="-8.065270257456202" lon="113.6538386233196"><ele>770.7</ele><time>2026-08-14T09:50:03.000Z</time></trkpt><trkpt lat="-8.06527956412297" lon="113.6538472766531"><ele>770.7</ele><time>2026-08-14T09:50:04.000Z</time></trkpt><trkpt lat="-8.065289334123072" lon="113.65385579998649"><ele>770.7</ele><time>2026-08-14T09:50:05.000Z</time></trkpt><trkpt lat="-8.065299484123255" lon="113.65386422331991"><ele>771.8</ele><time>2026-08-14T09:50:06.000Z</time></trkpt><trkpt lat="-8.065310417456834" lon="113.65387319998668"><ele>771.8</ele><time>2026-08-14T09:50:07.000Z</time></trkpt><trkpt lat="-8.06532094745721" lon="113.65388041332005"><ele>771.8</ele><time>2026-08-14T09:50:08.000Z</time></trkpt><trkpt lat="-8.065331460790762" lon="113.65388625332002"><ele>771.8</ele><time>2026-08-14T09:50:09.000Z</time></trkpt><trkpt lat="-8.065340380790934" lon="113.65389048665341"><ele>771.8</ele><time>2026-08-14T09:50:10.000Z</time></trkpt><trkpt lat="-8.065348447457705" lon="113.65389417665347"><ele>772.3</ele><time>2026-08-14T09:50:11.000Z</time></trkpt><trkpt lat="-8.065356964124458" lon="113.65389707665354"><ele>772.3</ele><time>2026-08-14T09:50:12.000Z</time></trkpt><trkpt lat="-8.065366407457871" lon="113.65390029998687"><ele>772.3</ele><time>2026-08-14T09:50:13.000Z</time></trkpt><trkpt lat="-8.065376794124768" lon="113.65390420665351"><ele>772.3</ele><time>2026-08-14T09:50:14.000Z</time></trkpt><trkpt lat="-8.065389137458311" lon="113.65390991665359"><ele>772.3</ele><time>2026-08-14T09:50:15.000Z</time></trkpt><trkpt lat="-8.065402397458529" lon="113.65391686665377"><ele>773.1</ele><time>2026-08-14T09:50:16.000Z</time></trkpt><trkpt lat="-8.065416570792166" lon="113.65392589332063"><ele>773.1</ele><time>2026-08-14T09:50:17.000Z</time></trkpt><trkpt lat="-8.0654328641259" lon="113.65393815332081"><ele>773.1</ele><time>2026-08-14T09:50:18.000Z</time></trkpt><trkpt lat="-8.065450250792788" lon="113.65395281332103"><ele>773.1</ele><time>2026-08-14T09:50:19.000Z</time></trkpt><trkpt lat="-8.065467510793123" lon="113.65396834332125"><ele>773.1</ele><time>2026-08-14T09:50:20.000Z</time></trkpt><trkpt lat="-8.065486827460282" lon="113.65398515665466"><ele>773.7</ele><time>2026-08-14T09:50:21.000Z</time></trkpt><trkpt lat="-8.065507654127256" lon="113.65400183665474"><ele>773.7</ele><time>2026-08-14T09:50:22.000Z</time></trkpt><trkpt lat="-8.065528240794153" lon="113.65401790665506"><ele>773.7</ele><time>2026-08-14T09:50:23.000Z</time></trkpt><trkpt lat="-8.065549297461109" lon="113.65403343998875"><ele>773.7</ele><time>2026-08-14T09:50:24.000Z</time></trkpt><trkpt lat="-8.065570874127944" lon="113.65404929332229"><ele>773.7</ele><time>2026-08-14T09:50:25.000Z</time></trkpt><trkpt lat="-8.065592000794478" lon="113.65406500332263"><ele>773.9</ele><time>2026-08-14T09:50:26.000Z</time></trkpt><trkpt lat="-8.06561271079435" lon="113.65408131332288"><ele>773.9</ele><time>2026-08-14T09:50:27.000Z</time></trkpt><trkpt lat="-8.065632137460812" lon="113.65409685665638"><ele>773.9</ele><time>2026-08-14T09:50:28.000Z</time></trkpt><trkpt lat="-8.065650260794106" lon="113.65411204998979"><ele>773.9</ele><time>2026-08-14T09:50:29.000Z</time></trkpt><trkpt lat="-8.065668884127309" lon="113.65412747665668"><ele>773.9</ele><time>2026-08-14T09:50:30.000Z</time></trkpt><trkpt lat="-8.065687504127146" lon="113.65414262999018"><ele>773.8</ele><time>2026-08-14T09:50:31.000Z</time></trkpt><trkpt lat="-8.065706077460314" lon="113.6541573933237"><ele>773.8</ele><time>2026-08-14T09:50:32.000Z</time></trkpt><trkpt lat="-8.065726534126867" lon="113.65417331665742"><ele>773.8</ele><time>2026-08-14T09:50:33.000Z</time></trkpt><trkpt lat="-8.065747517460027" lon="113.65418944665775"><ele>773.8</ele><time>2026-08-14T09:50:34.000Z</time></trkpt><trkpt lat="-8.065768210793506" lon="113.65420563999146"><ele>773.8</ele><time>2026-08-14T09:50:35.000Z</time></trkpt><trkpt lat="-8.065788730793763" lon="113.65422244999172"><ele>773.0</ele><time>2026-08-14T09:50:36.000Z</time></trkpt><trkpt lat="-8.065808364127514" lon="113.65423885999205"><ele>773.0</ele><time>2026-08-14T09:50:37.000Z</time></trkpt><trkpt lat="-8.065826010794662" lon="113.65425464332546"><ele>773.0</ele><time>2026-08-14T09:50:38.000Z</time></trkpt><trkpt lat="-8.065843604128414" lon="113.65427044665901"><ele>773.0</ele><time>2026-08-14T09:50:39.000Z</time></trkpt><trkpt lat="-8.065859677462045" lon="113.65428519665913"><ele>773.0</ele><time>2026-08-14T09:50:40.000Z</time></trkpt><trkpt lat="-8.065874610795635" lon="113.65429948999258"><ele>772.5</ele><time>2026-08-14T09:50:41.000Z</time></trkpt><trkpt lat="-8.065889544129226" lon="113.6543147366594"><ele>772.5</ele><time>2026-08-14T09:50:42.000Z</time></trkpt><trkpt lat="-8.065903734129469" lon="113.65432942332617"><ele>772.5</ele><time>2026-08-14T09:50:43.000Z</time></trkpt><trkpt lat="-8.065917374129771" lon="113.65434445665944"><ele>772.5</ele><time>2026-08-14T09:50:44.000Z</time></trkpt><trkpt lat="-8.065931617463411" lon="113.65436028665938"><ele>772.5</ele><time>2026-08-14T09:50:45.000Z</time></trkpt><trkpt lat="-8.065945920797178" lon="113.65437588332611"><ele>771.1</ele><time>2026-08-14T09:50:46.000Z</time></trkpt><trkpt lat="-8.065960297464311" lon="113.65439093332616"><ele>771.1</ele><time>2026-08-14T09:50:47.000Z</time></trkpt><trkpt lat="-8.065975450798009" lon="113.65440610665966"><ele>771.1</ele><time>2026-08-14T09:50:48.000Z</time></trkpt><trkpt lat="-8.06599046746506" lon="113.6544210533265"><ele>771.1</ele><time>2026-08-14T09:50:49.000Z</time></trkpt><trkpt lat="-8.066005880798802" lon="113.65443610999326"><ele>771.1</ele><time>2026-08-14T09:50:50.000Z</time></trkpt><trkpt lat="-8.066021837465758" lon="113.65445161666007"><ele>769.9</ele><time>2026-08-14T09:50:51.000Z</time></trkpt><trkpt lat="-8.066037880799323" lon="113.65446738666022"><ele>769.9</ele><time>2026-08-14T09:50:52.000Z</time></trkpt><trkpt lat="-8.06605442746616" lon="113.65448347332699"><ele>769.9</ele><time>2026-08-14T09:50:53.000Z</time></trkpt><trkpt lat="-8.066071664132947" lon="113.65449989999377"><ele>769.9</ele><time>2026-08-14T09:50:54.000Z</time></trkpt><trkpt lat="-8.066088047466227" lon="113.65451585666065"><ele>769.9</ele><time>2026-08-14T09:50:55.000Z</time></trkpt><trkpt lat="-8.066103594132823" lon="113.65453176999408"><ele>769.1</ele><time>2026-08-14T09:50:56.000Z</time></trkpt><trkpt lat="-8.066118287466123" lon="113.65454772332757"><ele>769.1</ele><time>2026-08-14T09:50:57.000Z</time></trkpt><trkpt lat="-8.066132344132873" lon="113.65456382666109"><ele>769.1</ele><time>2026-08-14T09:50:58.000Z</time></trkpt><trkpt lat="-8.066145354132923" lon="113.6545792666614"><ele>769.1</ele><time>2026-08-14T09:50:59.000Z</time></trkpt><trkpt lat="-8.066158864133095" lon="113.65459525999495"><ele>769.1</ele><time>2026-08-14T09:51:00.000Z</time></trkpt><trkpt lat="-8.066173514133306" lon="113.65461140666184"><ele>766.5</ele><time>2026-08-14T09:51:01.000Z</time></trkpt><trkpt lat="-8.066188444133534" lon="113.65462719999532"><ele>766.5</ele><time>2026-08-14T09:51:02.000Z</time></trkpt><trkpt lat="-8.066203140800413" lon="113.65464280999547"><ele>766.5</ele><time>2026-08-14T09:51:03.000Z</time></trkpt><trkpt lat="-8.066219044134185" lon="113.65465965332903"><ele>766.5</ele><time>2026-08-14T09:51:04.000Z</time></trkpt><trkpt lat="-8.066234777467885" lon="113.65467632666275"><ele>766.5</ele><time>2026-08-14T09:51:05.000Z</time></trkpt><trkpt lat="-8.066249520801648" lon="113.65469241999651"><ele>762.8</ele><time>2026-08-14T09:51:06.000Z</time></trkpt><trkpt lat="-8.066264834135325" lon="113.65470916666364"><ele>762.8</ele><time>2026-08-14T09:51:07.000Z</time></trkpt><trkpt lat="-8.066280204135762" lon="113.65472549999743"><ele>762.8</ele><time>2026-08-14T09:51:08.000Z</time></trkpt><trkpt lat="-8.066294190802722" lon="113.65474074333119"><ele>762.8</ele><time>2026-08-14T09:51:09.000Z</time></trkpt><trkpt lat="-8.06630849413649" lon="113.65475600666484"><ele>762.8</ele><time>2026-08-14T09:51:10.000Z</time></trkpt><trkpt lat="-8.066323377470262" lon="113.65477194999838"><ele>760.8</ele><time>2026-08-14T09:51:11.000Z</time></trkpt><trkpt lat="-8.066338190804029" lon="113.65478806333181"><ele>760.8</ele><time>2026-08-14T09:51:12.000Z</time></trkpt><trkpt lat="-8.06635425413778" lon="113.6548056266654"><ele>760.8</ele><time>2026-08-14T09:51:13.000Z</time></trkpt><trkpt lat="-8.066370747471433" lon="113.65482341666555"><ele>760.8</ele><time>2026-08-14T09:51:14.000Z</time></trkpt><trkpt lat="-8.06638742747155" lon="113.65484204999908"><ele>760.8</ele><time>2026-08-14T09:51:15.000Z</time></trkpt><trkpt lat="-8.066404320805045" lon="113.65486070999934"><ele>757.0</ele><time>2026-08-14T09:51:16.000Z</time></trkpt><trkpt lat="-8.066422100805045" lon="113.65487940666651"><ele>757.0</ele><time>2026-08-14T09:51:17.000Z</time></trkpt><trkpt lat="-8.066440054138269" lon="113.65489737000014"><ele>757.0</ele><time>2026-08-14T09:51:18.000Z</time></trkpt><trkpt lat="-8.066459304138146" lon="113.65491522000033"><ele>757.0</ele><time>2026-08-14T09:51:19.000Z</time></trkpt><trkpt lat="-8.066480074138358" lon="113.6549322033338"><ele>757.0</ele><time>2026-08-14T09:51:20.000Z</time></trkpt><trkpt lat="-8.066502710805135" lon="113.65494852666734"><ele>753.7</ele><time>2026-08-14T09:51:21.000Z</time></trkpt><trkpt lat="-8.066527940805646" lon="113.65496315666739"><ele>753.7</ele><time>2026-08-14T09:51:22.000Z</time></trkpt><trkpt lat="-8.066554470806174" lon="113.65497698333407"><ele>753.7</ele><time>2026-08-14T09:51:23.000Z</time></trkpt><trkpt lat="-8.066581727473658" lon="113.65498989333416"><ele>753.7</ele><time>2026-08-14T09:51:24.000Z</time></trkpt><trkpt lat="-8.066609837474221" lon="113.65500287000091"><ele>753.7</ele><time>2026-08-14T09:51:25.000Z</time></trkpt><trkpt lat="-8.066637854141444" lon="113.65501455333421"><ele>752.1</ele><time>2026-08-14T09:51:26.000Z</time></trkpt><trkpt lat="-8.06666349747525" lon="113.65502655333412"><ele>752.1</ele><time>2026-08-14T09:51:27.000Z</time></trkpt><trkpt lat="-8.06668828080925" lon="113.65503828000074"><ele>752.1</ele><time>2026-08-14T09:51:28.000Z</time></trkpt><trkpt lat="-8.066712644143227" lon="113.65505002333393"><ele>752.1</ele><time>2026-08-14T09:51:29.000Z</time></trkpt><trkpt lat="-8.066735770810677" lon="113.65506078666719"><ele>752.1</ele><time>2026-08-14T09:51:30.000Z</time></trkpt><trkpt lat="-8.06675825747821" lon="113.65507250666717"><ele>748.9</ele><time>2026-08-14T09:51:31.000Z</time></trkpt><trkpt lat="-8.066780430812084" lon="113.65508451000058"><ele>748.9</ele><time>2026-08-14T09:51:32.000Z</time></trkpt><trkpt lat="-8.066802850812334" lon="113.65509680333393"><ele>748.9</ele><time>2026-08-14T09:51:33.000Z</time></trkpt><trkpt lat="-8.066825590812542" lon="113.6551092533341"><ele>748.9</ele><time>2026-08-14T09:51:34.000Z</time></trkpt><trkpt lat="-8.066848570812825" lon="113.65512188666767"><ele>748.9</ele><time>2026-08-14T09:51:35.000Z</time></trkpt><trkpt lat="-8.066871497479712" lon="113.65513419333448"><ele>745.9</ele><time>2026-08-14T09:51:36.000Z</time></trkpt><trkpt lat="-8.066894630813461" lon="113.65514680666801"><ele>745.9</ele><time>2026-08-14T09:51:37.000Z</time></trkpt><trkpt lat="-8.066916764147393" lon="113.65515938666822"><ele>745.9</ele><time>2026-08-14T09:51:38.000Z</time></trkpt><trkpt lat="-8.06693804414782" lon="113.65517156333499"><ele>745.9</ele><time>2026-08-14T09:51:39.000Z</time></trkpt><trkpt lat="-8.066959500814832" lon="113.65518418666834"><ele>745.9</ele><time>2026-08-14T09:51:40.000Z</time></trkpt><trkpt lat="-8.066981034148363" lon="113.65519633666842"><ele>744.7</ele><time>2026-08-14T09:51:41.000Z</time></trkpt><trkpt lat="-8.06700269081508" lon="113.65520788333508"><ele>744.7</ele><time>2026-08-14T09:51:42.000Z</time></trkpt><trkpt lat="-8.06702548748162" lon="113.65521952000185"><ele>744.7</ele><time>2026-08-14T09:51:43.000Z</time></trkpt><trkpt lat="-8.06704827414807" lon="113.655231130002"><ele>744.7</ele><time>2026-08-14T09:51:44.000Z</time></trkpt><trkpt lat="-8.067070140814586" lon="113.65524293000212"><ele>744.7</ele><time>2026-08-14T09:51:45.000Z</time></trkpt><trkpt lat="-8.067092044148108" lon="113.65525406666896"><ele>743.0</ele><time>2026-08-14T09:51:46.000Z</time></trkpt><trkpt lat="-8.067113857481655" lon="113.65526589333574"><ele>743.0</ele><time>2026-08-14T09:51:47.000Z</time></trkpt><trkpt lat="-8.06713469748187" lon="113.65527744000251"><ele>743.0</ele><time>2026-08-14T09:51:48.000Z</time></trkpt><trkpt lat="-8.067156050815452" lon="113.65528894333598"><ele>743.0</ele><time>2026-08-14T09:51:49.000Z</time></trkpt><trkpt lat="-8.067177530815584" lon="113.65529868666951"><ele>743.0</ele><time>2026-08-14T09:51:50.000Z</time></trkpt><trkpt lat="-8.067198614148811" lon="113.65530797666968"><ele>742.1</ele><time>2026-08-14T09:51:51.000Z</time></trkpt><trkpt lat="-8.067220424148996" lon="113.65531517333652"><ele>742.1</ele><time>2026-08-14T09:51:52.000Z</time></trkpt><trkpt lat="-8.067243510816073" lon="113.65532039666996"><ele>742.1</ele><time>2026-08-14T09:51:53.000Z</time></trkpt><trkpt lat="-8.067267974150116" lon="113.6553252300034"><ele>742.1</ele><time>2026-08-14T09:51:54.000Z</time></trkpt><trkpt lat="-8.067292437484161" lon="113.65533005333684"><ele>742.1</ele><time>2026-08-14T09:51:55.000Z</time></trkpt><trkpt lat="-8.067316307484958" lon="113.65533553000361"><ele>741.7</ele><time>2026-08-14T09:51:56.000Z</time></trkpt><trkpt lat="-8.067339520819017" lon="113.65534149000378"><ele>741.7</ele><time>2026-08-14T09:51:57.000Z</time></trkpt><trkpt lat="-8.06736123081956" lon="113.65534893000388"><ele>741.7</ele><time>2026-08-14T09:51:58.000Z</time></trkpt><trkpt lat="-8.067381237486455" lon="113.65535622000394"><ele>741.7</ele><time>2026-08-14T09:51:59.000Z</time></trkpt><trkpt lat="-8.067400690820042" lon="113.6553642233373"><ele>741.7</ele><time>2026-08-14T09:52:00.000Z</time></trkpt><trkpt lat="-8.067420300820459" lon="113.6553732533373"><ele>741.1</ele><time>2026-08-14T09:52:01.000Z</time></trkpt><trkpt lat="-8.067439067487461" lon="113.6553823900039"><ele>741.1</ele><time>2026-08-14T09:52:02.000Z</time></trkpt><trkpt lat="-8.067457594154602" lon="113.65539212667049"><ele>741.1</ele><time>2026-08-14T09:52:03.000Z</time></trkpt><trkpt lat="-8.06747513415517" lon="113.65540324000376"><ele>741.1</ele><time>2026-08-14T09:52:04.000Z</time></trkpt><trkpt lat="-8.06749280082229" lon="113.65541412333707"><ele>741.1</ele><time>2026-08-14T09:52:05.000Z</time></trkpt><trkpt lat="-8.067511420822555" lon="113.65542452333708"><ele>740.5</ele><time>2026-08-14T09:52:06.000Z</time></trkpt><trkpt lat="-8.067530870822779" lon="113.65543569667041"><ele>740.5</ele><time>2026-08-14T09:52:07.000Z</time></trkpt><trkpt lat="-8.067552500822798" lon="113.6554461266705"><ele>740.5</ele><time>2026-08-14T09:52:08.000Z</time></trkpt><trkpt lat="-8.06757594082305" lon="113.65545514000394"><ele>740.5</ele><time>2026-08-14T09:52:09.000Z</time></trkpt><trkpt lat="-8.067599140823225" lon="113.65546421667071"><ele>740.5</ele><time>2026-08-14T09:52:10.000Z</time></trkpt><trkpt lat="-8.06762255415699" lon="113.65547415333756"><ele>740.1</ele><time>2026-08-14T09:52:11.000Z</time></trkpt><trkpt lat="-8.067646457490572" lon="113.65548290667107"><ele>740.1</ele><time>2026-08-14T09:52:12.000Z</time></trkpt><trkpt lat="-8.067669327491123" lon="113.65549142333793"><ele>740.1</ele><time>2026-08-14T09:52:13.000Z</time></trkpt><trkpt lat="-8.06769267082467" lon="113.6554993166715"><ele>740.1</ele><time>2026-08-14T09:52:14.000Z</time></trkpt><trkpt lat="-8.067717297491843" lon="113.65550585333828"><ele>740.1</ele><time>2026-08-14T09:52:15.000Z</time></trkpt><trkpt lat="-8.067741997492169" lon="113.65551084667163"><ele>738.7</ele><time>2026-08-14T09:52:16.000Z</time></trkpt><trkpt lat="-8.067766267492805" lon="113.65551671667174"><ele>738.7</ele><time>2026-08-14T09:52:17.000Z</time></trkpt><trkpt lat="-8.067790274159819" lon="113.65552188667182"><ele>738.7</ele><time>2026-08-14T09:52:18.000Z</time></trkpt><trkpt lat="-8.067814504160514" lon="113.6555276666719"><ele>738.7</ele><time>2026-08-14T09:52:19.000Z</time></trkpt><trkpt lat="-8.067838810827729" lon="113.65553399000528"><ele>738.7</ele><time>2026-08-14T09:52:20.000Z</time></trkpt><trkpt lat="-8.067862894161689" lon="113.65554087000541"><ele>736.5</ele><time>2026-08-14T09:52:21.000Z</time></trkpt><trkpt lat="-8.067886307495453" lon="113.65554756000554"><ele>736.5</ele><time>2026-08-14T09:52:22.000Z</time></trkpt><trkpt lat="-8.06790780416262" lon="113.65555554667239"><ele>736.5</ele><time>2026-08-14T09:52:23.000Z</time></trkpt><trkpt lat="-8.067927694162842" lon="113.65556505333932"><ele>736.5</ele><time>2026-08-14T09:52:24.000Z</time></trkpt><trkpt lat="-8.067946650829672" lon="113.65557568667296"><ele>736.5</ele><time>2026-08-14T09:52:25.000Z</time></trkpt><trkpt lat="-8.067964284162937" lon="113.65558658667328"><ele>735.3</ele><time>2026-08-14T09:52:26.000Z</time></trkpt><trkpt lat="-8.067982434162928" lon="113.65559747667353"><ele>735.3</ele><time>2026-08-14T09:52:27.000Z</time></trkpt><trkpt lat="-8.068001560829615" lon="113.65560816667372"><ele>735.3</ele><time>2026-08-14T09:52:28.000Z</time></trkpt><trkpt lat="-8.068020720829514" lon="113.65561799667371"><ele>735.3</ele><time>2026-08-14T09:52:29.000Z</time></trkpt><trkpt lat="-8.06804045082954" lon="113.65562757667371"><ele>735.3</ele><time>2026-08-14T09:52:30.000Z</time></trkpt><trkpt lat="-8.068059268102449" lon="113.65563738243131"><ele>732.9</ele><time>2026-08-14T09:52:31.000Z</time></trkpt><trkpt lat="-8.068077393254136" lon="113.65564741152225"><ele>732.9</ele><time>2026-08-14T09:52:32.000Z</time></trkpt><trkpt lat="-8.06809562598158" lon="113.65565761667378"><ele>732.9</ele><time>2026-08-14T09:52:33.000Z</time></trkpt><trkpt lat="-8.068113554163737" lon="113.65566813849208"><ele>732.9</ele><time>2026-08-14T09:52:34.000Z</time></trkpt><trkpt lat="-8.068130642042751" lon="113.65567884788611"><ele>732.9</ele><time>2026-08-14T09:52:35.000Z</time></trkpt><trkpt lat="-8.068148635073218" lon="113.6556894024315"><ele>730.6</ele><time>2026-08-14T09:52:36.000Z</time></trkpt><trkpt lat="-8.068167233558269" lon="113.6557006569771"><ele>730.6</ele><time>2026-08-14T09:52:37.000Z</time></trkpt><trkpt lat="-8.06818551537665" lon="113.65571189940148"><ele>730.6</ele><time>2026-08-14T09:52:38.000Z</time></trkpt><trkpt lat="-8.068204092649482" lon="113.65572370697738"><ele>730.6</ele><time>2026-08-14T09:52:39.000Z</time></trkpt><trkpt lat="-8.068223295073764" lon="113.65573596606842"><ele>730.6</ele><time>2026-08-14T09:52:40.000Z</time></trkpt><trkpt lat="-8.06824277083151" lon="113.65574774152317"><ele>729.5</ele><time>2026-08-14T09:52:41.000Z</time></trkpt><trkpt lat="-8.068262641134542" lon="113.65576059212938"><ele>729.5</ele><time>2026-08-14T09:52:42.000Z</time></trkpt><trkpt lat="-8.068283432043648" lon="113.65577428425077"><ele>729.5</ele><time>2026-08-14T09:52:43.000Z</time></trkpt><trkpt lat="-8.068304956589083" lon="113.65578790485696"><ele>729.5</ele><time>2026-08-14T09:52:44.000Z</time></trkpt><trkpt lat="-8.06832681749803" lon="113.65580082000858"><ele>729.5</ele><time>2026-08-14T09:52:45.000Z</time></trkpt><trkpt lat="-8.068348754164337" lon="113.65581542000855"><ele>727.2</ele><time>2026-08-14T09:52:46.000Z</time></trkpt><trkpt lat="-8.068369824164108" lon="113.65582953667524"><ele>727.2</ele><time>2026-08-14T09:52:47.000Z</time></trkpt><trkpt lat="-8.068390177497017" lon="113.65584285667515"><ele>727.2</ele><time>2026-08-14T09:52:48.000Z</time></trkpt><trkpt lat="-8.06840942082995" lon="113.65585643334165"><ele>727.2</ele><time>2026-08-14T09:52:49.000Z</time></trkpt><trkpt lat="-8.068428060829543" lon="113.65587147000815"><ele>727.2</ele><time>2026-08-14T09:52:50.000Z</time></trkpt><trkpt lat="-8.068445997495946" lon="113.65588562000804"><ele>725.0</ele><time>2026-08-14T09:52:51.000Z</time></trkpt><trkpt lat="-8.06846422749582" lon="113.65589930000799"><ele>725.0</ele><time>2026-08-14T09:52:52.000Z</time></trkpt><trkpt lat="-8.068482797495838" lon="113.6559135933414"><ele>725.0</ele><time>2026-08-14T09:52:53.000Z</time></trkpt><trkpt lat="-8.06850037082919" lon="113.65592828000827"><ele>725.0</ele><time>2026-08-14T09:52:54.000Z</time></trkpt><trkpt lat="-8.068517547496066" lon="113.65594359000866"><ele>725.0</ele><time>2026-08-14T09:52:55.000Z</time></trkpt><trkpt lat="-8.068534390829527" lon="113.65595872667568"><ele>724.0</ele><time>2026-08-14T09:52:56.000Z</time></trkpt><trkpt lat="-8.06855116082962" lon="113.65597433000922"><ele>724.0</ele><time>2026-08-14T09:52:57.000Z</time></trkpt><trkpt lat="-8.068567487496567" lon="113.65598956667618"><ele>724.0</ele><time>2026-08-14T09:52:58.000Z</time></trkpt><trkpt lat="-8.068584270830117" lon="113.65600468667633"><ele>724.0</ele><time>2026-08-14T09:52:59.000Z</time></trkpt><trkpt lat="-8.068600640830368" lon="113.65601940667644"><ele>724.0</ele><time>2026-08-14T09:53:00.000Z</time></trkpt><trkpt lat="-8.068616800830608" lon="113.65603536667672"><ele>721.6</ele><time>2026-08-14T09:53:01.000Z</time></trkpt><trkpt lat="-8.068632647497404" lon="113.65605192667718"><ele>721.6</ele><time>2026-08-14T09:53:02.000Z</time></trkpt><trkpt lat="-8.068647327497462" lon="113.65606925667753"><ele>721.6</ele><time>2026-08-14T09:53:03.000Z</time></trkpt><trkpt lat="-8.06866146416431" lon="113.65608679001136"><ele>721.6</ele><time>2026-08-14T09:53:04.000Z</time></trkpt><trkpt lat="-8.068674864164535" lon="113.65610478334538"><ele>721.6</ele><time>2026-08-14T09:53:05.000Z</time></trkpt><trkpt lat="-8.068688350831586" lon="113.6561227900127"><ele>718.9</ele><time>2026-08-14T09:53:06.000Z</time></trkpt><trkpt lat="-8.068700897498733" lon="113.65613983001319"><ele>718.9</ele><time>2026-08-14T09:53:07.000Z</time></trkpt><trkpt lat="-8.068713947499152" lon="113.65615629334692"><ele>718.9</ele><time>2026-08-14T09:53:08.000Z</time></trkpt><trkpt lat="-8.068726994166209" lon="113.65617226668067"><ele>718.9</ele><time>2026-08-14T09:53:09.000Z</time></trkpt><trkpt lat="-8.068740187499786" lon="113.65618734001426"><ele>718.9</ele><time>2026-08-14T09:53:10.000Z</time></trkpt><trkpt lat="-8.068752837499938" lon="113.65620157668108"><ele>717.3</ele><time>2026-08-14T09:53:11.000Z</time></trkpt><trkpt lat="-8.068765847499987" lon="113.65621645668139"><ele>717.3</ele><time>2026-08-14T09:53:12.000Z</time></trkpt><trkpt lat="-8.06877824749997" lon="113.65623113668187"><ele>717.3</ele><time>2026-08-14T09:53:13.000Z</time></trkpt><trkpt lat="-8.068791857499996" lon="113.65624704334917"><ele>717.3</ele><time>2026-08-14T09:53:14.000Z</time></trkpt><trkpt lat="-8.068806237500066" lon="113.65626372001641"><ele>717.3</ele><time>2026-08-14T09:53:15.000Z</time></trkpt><trkpt lat="-8.068820767500238" lon="113.65628044335028"><ele>713.8</ele><time>2026-08-14T09:53:16.000Z</time></trkpt><trkpt lat="-8.06883695750054" lon="113.65629828001738"><ele>713.8</ele><time>2026-08-14T09:53:17.000Z</time></trkpt><trkpt lat="-8.06885360750081" lon="113.65631746001766"><ele>713.8</ele><time>2026-08-14T09:53:18.000Z</time></trkpt><trkpt lat="-8.068870444167542" lon="113.65633699335118"><ele>713.8</ele><time>2026-08-14T09:53:19.000Z</time></trkpt><trkpt lat="-8.068888224167758" lon="113.65635683335145"><ele>713.8</ele><time>2026-08-14T09:53:20.000Z</time></trkpt><trkpt lat="-8.068906140834617" lon="113.6563767633518"><ele>710.3</ele><time>2026-08-14T09:53:21.000Z</time></trkpt><trkpt lat="-8.068923670834664" lon="113.6563961633522"><ele>710.3</ele><time>2026-08-14T09:53:22.000Z</time></trkpt><trkpt lat="-8.068941624168101" lon="113.65641538001917"><ele>710.3</ele><time>2026-08-14T09:53:23.000Z</time></trkpt><trkpt lat="-8.068959267501672" lon="113.65643407001949"><ele>710.3</ele><time>2026-08-14T09:53:24.000Z</time></trkpt><trkpt lat="-8.068976004168338" lon="113.65645175668647"><ele>710.3</ele><time>2026-08-14T09:53:25.000Z</time></trkpt><trkpt lat="-8.068993074168205" lon="113.65646938335344"><ele>708.5</ele><time>2026-08-14T09:53:26.000Z</time></trkpt><trkpt lat="-8.06900914416804" lon="113.65648663002051"><ele>708.5</ele><time>2026-08-14T09:53:27.000Z</time></trkpt><trkpt lat="-8.069024407501255" lon="113.65650330335441"><ele>708.5</ele><time>2026-08-14T09:53:28.000Z</time></trkpt><trkpt lat="-8.069038097501162" lon="113.6565198333548"><ele>708.5</ele><time>2026-08-14T09:53:29.000Z</time></trkpt><trkpt lat="-8.069051264167829" lon="113.65653699335505"><ele>708.5</ele><time>2026-08-14T09:53:30.000Z</time></trkpt><trkpt lat="-8.069064380834458" lon="113.65655514002181"><ele>705.3</ele><time>2026-08-14T09:53:31.000Z</time></trkpt><trkpt lat="-8.069077087501158" lon="113.65657314668852"><ele>705.3</ele><time>2026-08-14T09:53:32.000Z</time></trkpt><trkpt lat="-8.06909017416794" lon="113.65659223335506"><ele>705.3</ele><time>2026-08-14T09:53:33.000Z</time></trkpt><trkpt lat="-8.06910364750132" lon="113.65661067002156"><ele>705.3</ele><time>2026-08-14T09:53:34.000Z</time></trkpt><trkpt lat="-8.069115994168012" lon="113.65662873335486"><ele>705.3</ele><time>2026-08-14T09:53:35.000Z</time></trkpt><trkpt lat="-8.069129234167939" lon="113.6566459766882"><ele>702.5</ele><time>2026-08-14T09:53:36.000Z</time></trkpt><trkpt lat="-8.069143647501116" lon="113.65666538335476"><ele>702.5</ele><time>2026-08-14T09:53:37.000Z</time></trkpt><trkpt lat="-8.06915838083425" lon="113.65668322335475"><ele>702.5</ele><time>2026-08-14T09:53:38.000Z</time></trkpt><trkpt lat="-8.069174237500818" lon="113.6567001200215"><ele>702.5</ele><time>2026-08-14T09:53:39.000Z</time></trkpt><trkpt lat="-8.06919081083414" lon="113.65671731668809"><ele>702.5</ele><time>2026-08-14T09:53:40.000Z</time></trkpt><trkpt lat="-8.069206920834347" lon="113.65673419335477"><ele>701.3</ele><time>2026-08-14T09:53:41.000Z</time></trkpt><trkpt lat="-8.069222740834658" lon="113.65674850668816"><ele>701.3</ele><time>2026-08-14T09:53:42.000Z</time></trkpt><trkpt lat="-8.069239127501518" lon="113.65676432002165"><ele>701.3</ele><time>2026-08-14T09:53:43.000Z</time></trkpt><trkpt lat="-8.069255360835125" lon="113.65678246668847"><ele>701.3</ele><time>2026-08-14T09:53:44.000Z</time></trkpt><trkpt lat="-8.069271157501996" lon="113.65680113335527"><ele>701.3</ele><time>2026-08-14T09:53:45.000Z</time></trkpt><trkpt lat="-8.069286410835439" lon="113.65682077002207"><ele>699.3</ele><time>2026-08-14T09:53:46.000Z</time></trkpt><trkpt lat="-8.06930115416888" lon="113.65684218335562"><ele>699.3</ele><time>2026-08-14T09:53:47.000Z</time></trkpt><trkpt lat="-8.069315094169063" lon="113.65686253002252"><ele>699.3</ele><time>2026-08-14T09:53:48.000Z</time></trkpt><trkpt lat="-8.06932915083592" lon="113.65688206335612"><ele>699.3</ele><time>2026-08-14T09:53:49.000Z</time></trkpt><trkpt lat="-8.06934415750288" lon="113.65690094002312"><ele>699.3</ele><time>2026-08-14T09:53:50.000Z</time></trkpt><trkpt lat="-8.06935728083656" lon="113.65691826002333"><ele>697.8</ele><time>2026-08-14T09:53:51.000Z</time></trkpt><trkpt lat="-8.069370454170272" lon="113.65693410335673"><ele>697.8</ele><time>2026-08-14T09:53:52.000Z</time></trkpt><trkpt lat="-8.069383234170662" lon="113.65695004335669"><ele>697.8</ele><time>2026-08-14T09:53:53.000Z</time></trkpt><trkpt lat="-8.069395704170969" lon="113.65696751668983"><ele>697.8</ele><time>2026-08-14T09:53:54.000Z</time></trkpt><trkpt lat="-8.0694088041711" lon="113.65698452335634"><ele>697.8</ele><time>2026-08-14T09:53:55.000Z</time></trkpt><trkpt lat="-8.069423214171234" lon="113.65700477002277"><ele>697.2</ele><time>2026-08-14T09:53:56.000Z</time></trkpt><trkpt lat="-8.069437900838022" lon="113.65702655668936"><ele>697.2</ele><time>2026-08-14T09:53:57.000Z</time></trkpt><trkpt lat="-8.069451697504725" lon="113.65704845335597"><ele>697.2</ele><time>2026-08-14T09:53:58.000Z</time></trkpt><trkpt lat="-8.069465940838151" lon="113.65706877335602"><ele>697.2</ele><time>2026-08-14T09:53:59.000Z</time></trkpt><trkpt lat="-8.069481397505198" lon="113.65708824002267"><ele>697.2</ele><time>2026-08-14T09:54:00.000Z</time></trkpt><trkpt lat="-8.069498020838768" lon="113.65710481335611"><ele>696.1</ele><time>2026-08-14T09:54:01.000Z</time></trkpt><trkpt lat="-8.06951502083906" lon="113.65712056335592"><ele>696.1</ele><time>2026-08-14T09:54:02.000Z</time></trkpt><trkpt lat="-8.069533280839424" lon="113.65713624668913"><ele>696.1</ele><time>2026-08-14T09:54:03.000Z</time></trkpt><trkpt lat="-8.06955038083978" lon="113.65715140335563"><ele>696.1</ele><time>2026-08-14T09:54:04.000Z</time></trkpt><trkpt lat="-8.069565384173162" lon="113.65716794668899"><ele>696.1</ele><time>2026-08-14T09:54:05.000Z</time></trkpt><trkpt lat="-8.069579214173292" lon="113.65718479335578"><ele>695.1</ele><time>2026-08-14T09:54:06.000Z</time></trkpt><trkpt lat="-8.069591877506685" lon="113.65720057668932"><ele>695.1</ele><time>2026-08-14T09:54:07.000Z</time></trkpt><trkpt lat="-8.069603527506805" lon="113.65721577668958"><ele>695.1</ele><time>2026-08-14T09:54:08.000Z</time></trkpt><trkpt lat="-8.06961558084013" lon="113.65723126668982"><ele>695.1</ele><time>2026-08-14T09:54:09.000Z</time></trkpt><trkpt lat="-8.069627587506785" lon="113.65724584335666"><ele>695.1</ele><time>2026-08-14T09:54:10.000Z</time></trkpt><trkpt lat="-8.069639287506941" lon="113.65725945002353"><ele>694.6</ele><time>2026-08-14T09:54:11.000Z</time></trkpt><trkpt lat="-8.06965066084041" lon="113.65727387002376"><ele>694.6</ele><time>2026-08-14T09:54:12.000Z</time></trkpt><trkpt lat="-8.069662854173743" lon="113.65728939002379"><ele>694.6</ele><time>2026-08-14T09:54:13.000Z</time></trkpt><trkpt lat="-8.06967669417375" lon="113.65730541669075"><ele>694.6</ele><time>2026-08-14T09:54:14.000Z</time></trkpt><trkpt lat="-8.069692227507103" lon="113.65732208669097"><ele>694.6</ele><time>2026-08-14T09:54:15.000Z</time></trkpt><trkpt lat="-8.069709957507069" lon="113.6573391666911"><ele>693.4</ele><time>2026-08-14T09:54:16.000Z</time></trkpt><trkpt lat="-8.06972895750699" lon="113.6573550200247"><ele>693.4</ele><time>2026-08-14T09:54:17.000Z</time></trkpt><trkpt lat="-8.06974806750707" lon="113.65737045335842"><ele>693.4</ele><time>2026-08-14T09:54:18.000Z</time></trkpt><trkpt lat="-8.069767000840567" lon="113.65738453335851"><ele>693.4</ele><time>2026-08-14T09:54:19.000Z</time></trkpt><trkpt lat="-8.069786690840866" lon="113.65739958669204"><ele>693.4</ele><time>2026-08-14T09:54:20.000Z</time></trkpt><trkpt lat="-8.069806480841233" lon="113.65741422002557"><ele>691.6</ele><time>2026-08-14T09:54:21.000Z</time></trkpt><trkpt lat="-8.069828470841793" lon="113.657429423359"><ele>691.6</ele><time>2026-08-14T09:54:22.000Z</time></trkpt><trkpt lat="-8.069852147508755" lon="113.65744316669247"><ele>691.6</ele><time>2026-08-14T09:54:23.000Z</time></trkpt><trkpt lat="-8.06987577084232" lon="113.65745706002595"><ele>691.6</ele><time>2026-08-14T09:54:24.000Z</time></trkpt><trkpt lat="-8.069899677509264" lon="113.65747021002599"><ele>691.6</ele><time>2026-08-14T09:54:25.000Z</time></trkpt><trkpt lat="-8.06992313750927" lon="113.65748453002611"><ele>690.5</ele><time>2026-08-14T09:54:26.000Z</time></trkpt><trkpt lat="-8.06994469417592" lon="113.65749911335959"><ele>690.5</ele><time>2026-08-14T09:54:27.000Z</time></trkpt><trkpt lat="-8.069965360842916" lon="113.65751567669295"><ele>690.5</ele><time>2026-08-14T09:54:28.000Z</time></trkpt><trkpt lat="-8.069986034176639" lon="113.65753298669294"><ele>690.5</ele><time>2026-08-14T09:54:29.000Z</time></trkpt><trkpt lat="-8.070005980843407" lon="113.65754993669297"><ele>690.5</ele><time>2026-08-14T09:54:30.000Z</time></trkpt><trkpt lat="-8.07002605084379" lon="113.65756410669294"><ele>687.9</ele><time>2026-08-14T09:54:31.000Z</time></trkpt><trkpt lat="-8.070044770844124" lon="113.65757698669293"><ele>687.9</ele><time>2026-08-14T09:54:32.000Z</time></trkpt><trkpt lat="-8.07006289417763" lon="113.65758864335973"><ele>687.9</ele><time>2026-08-14T09:54:33.000Z</time></trkpt><trkpt lat="-8.070080017511108" lon="113.6575995266933"><ele>687.9</ele><time>2026-08-14T09:54:34.000Z</time></trkpt><trkpt lat="-8.07009647751155" lon="113.65761018336006"><ele>687.9</ele><time>2026-08-14T09:54:35.000Z</time></trkpt><trkpt lat="-8.070112987512024" lon="113.65762369002684"><ele>685.5</ele><time>2026-08-14T09:54:36.000Z</time></trkpt><trkpt lat="-8.070131137512659" lon="113.65763748336015"><ele>685.5</ele><time>2026-08-14T09:54:37.000Z</time></trkpt><trkpt lat="-8.070149724179926" lon="113.65765031669343"><ele>685.5</ele><time>2026-08-14T09:54:38.000Z</time></trkpt><trkpt lat="-8.07016834418062" lon="113.65766307669348"><ele>685.5</ele><time>2026-08-14T09:54:39.000Z</time></trkpt><trkpt lat="-8.070186464181194" lon="113.65767511669364"><ele>685.5</ele><time>2026-08-14T09:54:40.000Z</time></trkpt><trkpt lat="-8.070204890848268" lon="113.65768624336042"><ele>684.3</ele><time>2026-08-14T09:54:41.000Z</time></trkpt><trkpt lat="-8.070223177515334" lon="113.65769672669396"><ele>684.3</ele><time>2026-08-14T09:54:42.000Z</time></trkpt><trkpt lat="-8.070240757515842" lon="113.65770763669404"><ele>684.3</ele><time>2026-08-14T09:54:43.000Z</time></trkpt><trkpt lat="-8.070258710849492" lon="113.65771914336065"><ele>684.3</ele><time>2026-08-14T09:54:44.000Z</time></trkpt><trkpt lat="-8.070276797516424" lon="113.65773143336055"><ele>684.3</ele><time>2026-08-14T09:54:45.000Z</time></trkpt><trkpt lat="-8.07029330418332" lon="113.65774444336046"><ele>682.3</ele><time>2026-08-14T09:54:46.000Z</time></trkpt><trkpt lat="-8.070309404183435" lon="113.65775882336041"><ele>682.3</ele><time>2026-08-14T09:54:47.000Z</time></trkpt><trkpt lat="-8.070326354183479" lon="113.65777366336036"><ele>682.3</ele><time>2026-08-14T09:54:48.000Z</time></trkpt><trkpt lat="-8.07034359085048" lon="113.6577879766937"><ele>682.3</ele><time>2026-08-14T09:54:49.000Z</time></trkpt><trkpt lat="-8.070360267517449" lon="113.65780232669371"><ele>682.3</ele><time>2026-08-14T09:54:50.000Z</time></trkpt><trkpt lat="-8.070377077517698" lon="113.6578145666937"><ele>680.5</ele><time>2026-08-14T09:54:51.000Z</time></trkpt><trkpt lat="-8.070394707518027" lon="113.65782501336032"><ele>680.5</ele><time>2026-08-14T09:54:52.000Z</time></trkpt><trkpt lat="-8.070411997518425" lon="113.65783394669363"><ele>680.5</ele><time>2026-08-14T09:54:53.000Z</time></trkpt><trkpt lat="-8.070429914185286" lon="113.65784161669357"><ele>680.5</ele><time>2026-08-14T09:54:54.000Z</time></trkpt><trkpt lat="-8.070449244185472" lon="113.65784616336018"><ele>680.5</ele><time>2026-08-14T09:54:55.000Z</time></trkpt><trkpt lat="-8.07046900085241" lon="113.65784864669351"><ele>679.8</ele><time>2026-08-14T09:54:56.000Z</time></trkpt><trkpt lat="-8.070488264185743" lon="113.65784981002682"><ele>679.8</ele><time>2026-08-14T09:54:57.000Z</time></trkpt><trkpt lat="-8.070507437519101" lon="113.65785001002682"><ele>679.8</ele><time>2026-08-14T09:54:58.000Z</time></trkpt><trkpt lat="-8.070524387519143" lon="113.65784829002682"><ele>679.8</ele><time>2026-08-14T09:54:59.000Z</time></trkpt><trkpt lat="-8.070537780852586" lon="113.65784669336014"><ele>679.8</ele><time>2026-08-14T09:55:00.000Z</time></trkpt><trkpt lat="-8.070549210852658" lon="113.65784685336016"><ele>678.3</ele><time>2026-08-14T09:55:01.000Z</time></trkpt><trkpt lat="-8.070559374186136" lon="113.6578495866936"><ele>678.3</ele><time>2026-08-14T09:55:02.000Z</time></trkpt><trkpt lat="-8.070567460852825" lon="113.6578546600271"><ele>678.3</ele><time>2026-08-14T09:55:03.000Z</time></trkpt><trkpt lat="-8.070573524186145" lon="113.65786203336059"><ele>678.3</ele><time>2026-08-14T09:55:04.000Z</time></trkpt><trkpt lat="-8.07057773085283" lon="113.6578712300274"><ele>678.3</ele><time>2026-08-14T09:55:05.000Z</time></trkpt><trkpt lat="-8.070579654186185" lon="113.6578810966943"><ele>677.0</ele><time>2026-08-14T09:55:06.000Z</time></trkpt><trkpt lat="-8.070580234186215" lon="113.65788926002774"><ele>677.0</ele><time>2026-08-14T09:55:07.000Z</time></trkpt><trkpt lat="-8.07057886418622" lon="113.65789594669454"><ele>677.0</ele><time>2026-08-14T09:55:08.000Z</time></trkpt><trkpt lat="-8.070576137519527" lon="113.65790260336139"><ele>677.0</ele><time>2026-08-14T09:55:09.000Z</time></trkpt><trkpt lat="-8.07057402751947" lon="113.65790811002826"><ele>677.0</ele><time>2026-08-14T09:55:10.000Z</time></trkpt><trkpt lat="-8.070570514186176" lon="113.65791261669506"><ele>676.4</ele><time>2026-08-14T09:55:11.000Z</time></trkpt><trkpt lat="-8.070562840852787" lon="113.65791636669515"><ele>676.4</ele><time>2026-08-14T09:55:12.000Z</time></trkpt><trkpt lat="-8.070556114186083" lon="113.65791956336186"><ele>676.4</ele><time>2026-08-14T09:55:13.000Z</time></trkpt><trkpt lat="-8.07055069085273" lon="113.65792044336186"><ele>676.4</ele><time>2026-08-14T09:55:14.000Z</time></trkpt><trkpt lat="-8.070543660852593" lon="113.6579197366952"><ele>676.4</ele><time>2026-08-14T09:55:15.000Z</time></trkpt><trkpt lat="-8.070538547519028" lon="113.65791864002856"><ele>675.4</ele><time>2026-08-14T09:55:16.000Z</time></trkpt><trkpt lat="-8.070535354185534" lon="113.65791729669525"><ele>675.4</ele><time>2026-08-14T09:55:17.000Z</time></trkpt><trkpt lat="-8.07053047418537" lon="113.65791453002858"><ele>675.4</ele><time>2026-08-14T09:55:18.000Z</time></trkpt><trkpt lat="-8.070525544185212" lon="113.65791285002858"><ele>675.4</ele><time>2026-08-14T09:55:19.000Z</time></trkpt><trkpt lat="-8.070520967518547" lon="113.65791202669524"><ele>675.4</ele><time>2026-08-14T09:55:20.000Z</time></trkpt><trkpt lat="-8.070515644185196" lon="113.65791053002856"><ele>674.7</ele><time>2026-08-14T09:55:21.000Z</time></trkpt><trkpt lat="-8.070509834185183" lon="113.65790837336192"><ele>674.7</ele><time>2026-08-14T09:55:22.000Z</time></trkpt><trkpt lat="-8.070502240851848" lon="113.65790598669523"><ele>674.7</ele><time>2026-08-14T09:55:23.000Z</time></trkpt><trkpt lat="-8.070492537518387" lon="113.65790422669525"><ele>674.7</ele><time>2026-08-14T09:55:24.000Z</time></trkpt><trkpt lat="-8.070482724184876" lon="113.65790229002857"><ele>674.7</ele><time>2026-08-14T09:55:25.000Z</time></trkpt><trkpt lat="-8.070471844184695" lon="113.65790200002861"><ele>674.4</ele><time>2026-08-14T09:55:26.000Z</time></trkpt><trkpt lat="-8.070459667517753" lon="113.65790287669532"><ele>674.4</ele><time>2026-08-14T09:55:27.000Z</time></trkpt><trkpt lat="-8.070448634184" lon="113.65790509336207"><ele>674.4</ele><time>2026-08-14T09:55:28.000Z</time></trkpt><trkpt lat="-8.070436897517055" lon="113.65790603002877"><ele>674.4</ele><time>2026-08-14T09:55:29.000Z</time></trkpt><trkpt lat="-8.070424124183504" lon="113.65790581336209"><ele>674.4</ele><time>2026-08-14T09:55:30.000Z</time></trkpt><trkpt lat="-8.070410500850022" lon="113.65790527002873"><ele>674.0</ele><time>2026-08-14T09:55:31.000Z</time></trkpt><trkpt lat="-8.070396674183257" lon="113.65790437669534"><ele>674.0</ele><time>2026-08-14T09:55:32.000Z</time></trkpt><trkpt lat="-8.070383600849931" lon="113.65790330669529"><ele>674.0</ele><time>2026-08-14T09:55:33.000Z</time></trkpt><trkpt lat="-8.070372494183237" lon="113.65790258669524"><ele>674.0</ele><time>2026-08-14T09:55:34.000Z</time></trkpt><trkpt lat="-8.070362677516467" lon="113.65790275002857"><ele>674.0</ele><time>2026-08-14T09:55:35.000Z</time></trkpt><trkpt lat="-8.070354187516308" lon="113.6579023633619"><ele>673.6</ele><time>2026-08-14T09:55:36.000Z</time></trkpt><trkpt lat="-8.07034608751611" lon="113.65790191669524"><ele>673.6</ele><time>2026-08-14T09:55:37.000Z</time></trkpt><trkpt lat="-8.070337200849261" lon="113.6579001466952"><ele>673.6</ele><time>2026-08-14T09:55:38.000Z</time></trkpt><trkpt lat="-8.070326390849084" lon="113.65789845002848"><ele>673.6</ele><time>2026-08-14T09:55:39.000Z</time></trkpt><trkpt lat="-8.070314324182196" lon="113.65789747669513"><ele>673.6</ele><time>2026-08-14T09:55:40.000Z</time></trkpt><trkpt lat="-8.070301037515277" lon="113.65789575669507"><ele>673.4</ele><time>2026-08-14T09:55:41.000Z</time></trkpt><trkpt lat="-8.0702859008484" lon="113.65789563336175"><ele>673.4</ele><time>2026-08-14T09:55:42.000Z</time></trkpt><trkpt lat="-8.070269177514977" lon="113.65789622336176"><ele>673.4</ele><time>2026-08-14T09:55:43.000Z</time></trkpt><trkpt lat="-8.070251344181363" lon="113.65789646336177"><ele>673.4</ele><time>2026-08-14T09:55:44.000Z</time></trkpt><trkpt lat="-8.070231657514643" lon="113.6578948633618"><ele>673.4</ele><time>2026-08-14T09:55:45.000Z</time></trkpt><trkpt lat="-8.07021078084785" lon="113.65789381336182"><ele>673.0</ele><time>2026-08-14T09:55:46.000Z</time></trkpt><trkpt lat="-8.070189797514264" lon="113.65789118669514"><ele>673.0</ele><time>2026-08-14T09:55:47.000Z</time></trkpt><trkpt lat="-8.07016766418033" lon="113.65788885002846"><ele>673.0</ele><time>2026-08-14T09:55:48.000Z</time></trkpt><trkpt lat="-8.070144910846667" lon="113.65788687002846"><ele>673.0</ele><time>2026-08-14T09:55:49.000Z</time></trkpt><trkpt lat="-8.070120484179629" lon="113.65788508336178"><ele>673.0</ele><time>2026-08-14T09:55:50.000Z</time></trkpt><trkpt lat="-8.070095310845879" lon="113.65788298336176"><ele>672.6</ele><time>2026-08-14T09:55:51.000Z</time></trkpt><trkpt lat="-8.070069964178908" lon="113.6578808000284"><ele>672.6</ele><time>2026-08-14T09:55:52.000Z</time></trkpt><trkpt lat="-8.070045284178766" lon="113.65787801002838"><ele>672.6</ele><time>2026-08-14T09:55:53.000Z</time></trkpt><trkpt lat="-8.07002158417847" lon="113.65787449669503"><ele>672.6</ele><time>2026-08-14T09:55:54.000Z</time></trkpt><trkpt lat="-8.070000264177889" lon="113.6578711733616"><ele>672.6</ele><time>2026-08-14T09:55:55.000Z</time></trkpt><trkpt lat="-8.069979230844051" lon="113.65786734669481"><ele>672.2</ele><time>2026-08-14T09:55:56.000Z</time></trkpt><trkpt lat="-8.069959197510459" lon="113.65786315002804"><ele>672.2</ele><time>2026-08-14T09:55:57.000Z</time></trkpt><trkpt lat="-8.069937407510245" lon="113.65785871002791"><ele>672.2</ele><time>2026-08-14T09:55:58.000Z</time></trkpt><trkpt lat="-8.069913917509961" lon="113.65785461336111"><ele>672.2</ele><time>2026-08-14T09:55:59.000Z</time></trkpt><trkpt lat="-8.069889627509998" lon="113.65785048002775"><ele>672.2</ele><time>2026-08-14T09:56:00.000Z</time></trkpt><trkpt lat="-8.069865544176896" lon="113.65784643002766"><ele>671.2</ele><time>2026-08-14T09:56:01.000Z</time></trkpt><trkpt lat="-8.069840840843634" lon="113.6578416366943"><ele>671.2</ele><time>2026-08-14T09:56:02.000Z</time></trkpt><trkpt lat="-8.069817340843686" lon="113.65783651002758"><ele>671.2</ele><time>2026-08-14T09:56:03.000Z</time></trkpt><trkpt lat="-8.069794294176976" lon="113.65783134669421"><ele>671.2</ele><time>2026-08-14T09:56:04.000Z</time></trkpt><trkpt lat="-8.069770814176783" lon="113.65782671669417"><ele>671.2</ele><time>2026-08-14T09:56:05.000Z</time></trkpt><trkpt lat="-8.069746990843084" lon="113.6578199566942"><ele>669.8</ele><time>2026-08-14T09:56:06.000Z</time></trkpt><trkpt lat="-8.069722430842768" lon="113.65781385002751"><ele>669.8</ele><time>2026-08-14T09:56:07.000Z</time></trkpt><trkpt lat="-8.069699477509184" lon="113.65780832336081"><ele>669.8</ele><time>2026-08-14T09:56:08.000Z</time></trkpt><trkpt lat="-8.069677090842362" lon="113.65780333002746"><ele>669.8</ele><time>2026-08-14T09:56:09.000Z</time></trkpt><trkpt lat="-8.069654910841972" lon="113.6577993366941"><ele>669.8</ele><time>2026-08-14T09:56:10.000Z</time></trkpt><trkpt lat="-8.069633290841619" lon="113.65779724669403"><ele>669.1</ele><time>2026-08-14T09:56:11.000Z</time></trkpt><trkpt lat="-8.069612120841139" lon="113.65779599336065"><ele>669.1</ele><time>2026-08-14T09:56:12.000Z</time></trkpt><trkpt lat="-8.069588860840412" lon="113.65779477336062"><ele>669.1</ele><time>2026-08-14T09:56:13.000Z</time></trkpt><trkpt lat="-8.069564087506503" lon="113.65779036336046"><ele>669.1</ele><time>2026-08-14T09:56:14.000Z</time></trkpt><trkpt lat="-8.069539004172729" lon="113.6577844066936"><ele>669.1</ele><time>2026-08-14T09:56:15.000Z</time></trkpt><trkpt lat="-8.069512570838901" lon="113.6577785666934"><ele>667.7</ele><time>2026-08-14T09:56:16.000Z</time></trkpt><trkpt lat="-8.069485277505269" lon="113.65777091002649"><ele>667.7</ele><time>2026-08-14T09:56:17.000Z</time></trkpt><trkpt lat="-8.0694587008385" lon="113.65776312335962"><ele>667.7</ele><time>2026-08-14T09:56:18.000Z</time></trkpt><trkpt lat="-8.069432000838543" lon="113.65775682002614"><ele>667.7</ele><time>2026-08-14T09:56:19.000Z</time></trkpt><trkpt lat="-8.069405664171848" lon="113.65774928335945"><ele>667.7</ele><time>2026-08-14T09:56:20.000Z</time></trkpt><trkpt lat="-8.069380717505146" lon="113.65774188002611"><ele>666.2</ele><time>2026-08-14T09:56:21.000Z</time></trkpt><trkpt lat="-8.069356340838143" lon="113.65773498335948"><ele>666.2</ele><time>2026-08-14T09:56:22.000Z</time></trkpt><trkpt lat="-8.069331610837967" lon="113.65772747669288"><ele>666.2</ele><time>2026-08-14T09:56:23.000Z</time></trkpt><trkpt lat="-8.069307097504318" lon="113.657722096693"><ele>666.2</ele><time>2026-08-14T09:56:24.000Z</time></trkpt><trkpt lat="-8.069283490837574" lon="113.65771842669301"><ele>666.2</ele><time>2026-08-14T09:56:25.000Z</time></trkpt><trkpt lat="-8.069258427503986" lon="113.65771476335968"><ele>665.4</ele><time>2026-08-14T09:56:26.000Z</time></trkpt><trkpt lat="-8.069234130837291" lon="113.65771098335965"><ele>665.4</ele><time>2026-08-14T09:56:27.000Z</time></trkpt><trkpt lat="-8.069209157503677" lon="113.6577079366929"><ele>665.4</ele><time>2026-08-14T09:56:28.000Z</time></trkpt><trkpt lat="-8.069185120836817" lon="113.65770313002618"><ele>665.4</ele><time>2026-08-14T09:56:29.000Z</time></trkpt><trkpt lat="-8.069161364169972" lon="113.65769741335946"><ele>665.4</ele><time>2026-08-14T09:56:30.000Z</time></trkpt><trkpt lat="-8.069140264170137" lon="113.65768910002616"><ele>664.1</ele><time>2026-08-14T09:56:31.000Z</time></trkpt><trkpt lat="-8.069119807503583" lon="113.65768152669284"><ele>664.1</ele><time>2026-08-14T09:56:32.000Z</time></trkpt><trkpt lat="-8.069102180837046" lon="113.65767183669284"><ele>664.1</ele><time>2026-08-14T09:56:33.000Z</time></trkpt><trkpt lat="-8.069085450836894" lon="113.65766005669279"><ele>664.1</ele><time>2026-08-14T09:56:34.000Z</time></trkpt><trkpt lat="-8.069068417503177" lon="113.65764808669287"><ele>664.1</ele><time>2026-08-14T09:56:35.000Z</time></trkpt><trkpt lat="-8.069049874169428" lon="113.65763851335957"><ele>663.1</ele><time>2026-08-14T09:56:36.000Z</time></trkpt><trkpt lat="-8.069031324168952" lon="113.65762799002626"><ele>663.1</ele><time>2026-08-14T09:56:37.000Z</time></trkpt><trkpt lat="-8.069011744168384" lon="113.65762041669298"><ele>663.1</ele><time>2026-08-14T09:56:38.000Z</time></trkpt><trkpt lat="-8.0689937408347" lon="113.65761818002636"><ele>663.1</ele><time>2026-08-14T09:56:39.000Z</time></trkpt><trkpt lat="-8.068982177501189" lon="113.6576221000262"><ele>663.1</ele><time>2026-08-14T09:56:40.000Z</time></trkpt><trkpt lat="-8.06897579416767" lon="113.65763026669265"><ele>662.7</ele><time>2026-08-14T09:56:41.000Z</time></trkpt><trkpt lat="-8.068974944167634" lon="113.65764370335914"><ele>662.7</ele><time>2026-08-14T09:56:42.000Z</time></trkpt><trkpt lat="-8.068978934167768" lon="113.65766069002572"><ele>662.7</ele><time>2026-08-14T09:56:43.000Z</time></trkpt><trkpt lat="-8.068987004167903" lon="113.65767891335891"><ele>662.7</ele><time>2026-08-14T09:56:44.000Z</time></trkpt><trkpt lat="-8.068994244168078" lon="113.65769627002567"><ele>662.7</ele><time>2026-08-14T09:56:45.000Z</time></trkpt><trkpt lat="-8.069002107501564" lon="113.65771345669256"><ele>661.9</ele><time>2026-08-14T09:56:46.000Z</time></trkpt><trkpt lat="-8.069009407501651" lon="113.65773037669285"><ele>661.9</ele><time>2026-08-14T09:56:47.000Z</time></trkpt><trkpt lat="-8.069016327501762" lon="113.65774695669313"><ele>661.9</ele><time>2026-08-14T09:56:48.000Z</time></trkpt><trkpt lat="-8.069022677501854" lon="113.65776294336013"><ele>661.9</ele><time>2026-08-14T09:56:49.000Z</time></trkpt><trkpt lat="-8.069029517501978" lon="113.65777914336044"><ele>661.9</ele><time>2026-08-14T09:56:50.000Z</time></trkpt><trkpt lat="-8.069035787502079" lon="113.65779525669393"><ele>660.9</ele><time>2026-08-14T09:56:51.000Z</time></trkpt><trkpt lat="-8.069042047502197" lon="113.65780986002748"><ele>660.9</ele><time>2026-08-14T09:56:52.000Z</time></trkpt><trkpt lat="-8.069049094168967" lon="113.65782468336093"><ele>660.9</ele><time>2026-08-14T09:56:53.000Z</time></trkpt><trkpt lat="-8.069055757502396" lon="113.65783997669432"><ele>660.9</ele><time>2026-08-14T09:56:54.000Z</time></trkpt><trkpt lat="-8.06906103416909" lon="113.657855663361"><ele>660.9</ele><time>2026-08-14T09:56:55.000Z</time></trkpt><trkpt lat="-8.069066614169135" lon="113.65787213336095"><ele>660.3</ele><time>2026-08-14T09:56:56.000Z</time></trkpt><trkpt lat="-8.069071860835873" lon="113.65788899002746"><ele>660.3</ele><time>2026-08-14T09:56:57.000Z</time></trkpt><trkpt lat="-8.069076764169319" lon="113.65790616669383"><ele>660.3</ele><time>2026-08-14T09:56:58.000Z</time></trkpt><trkpt lat="-8.069082317502772" lon="113.65792352336034"><ele>660.3</ele><time>2026-08-14T09:56:59.000Z</time></trkpt><trkpt lat="-8.069089564169463" lon="113.65793946002677"><ele>660.3</ele><time>2026-08-14T09:57:00.000Z</time></trkpt><trkpt lat="-8.069098254169543" lon="113.65795441669339"><ele>658.5</ele><time>2026-08-14T09:57:01.000Z</time></trkpt><trkpt lat="-8.069112234169452" lon="113.65796809002663"><ele>658.5</ele><time>2026-08-14T09:57:02.000Z</time></trkpt><trkpt lat="-8.069128467502633" lon="113.65798111336012"><ele>658.5</ele><time>2026-08-14T09:57:03.000Z</time></trkpt><trkpt lat="-8.069146720836056" lon="113.65799368336029"><ele>658.5</ele><time>2026-08-14T09:57:04.000Z</time></trkpt><trkpt lat="-8.06916674750292" lon="113.6580049400272"><ele>658.5</ele><time>2026-08-14T09:57:05.000Z</time></trkpt><trkpt lat="-8.069188677502925" lon="113.65801394336071"><ele>656.4</ele><time>2026-08-14T09:57:06.000Z</time></trkpt><trkpt lat="-8.069209704169818" lon="113.65802298336094"><ele>656.4</ele><time>2026-08-14T09:57:07.000Z</time></trkpt><trkpt lat="-8.069232370836872" lon="113.65803078002766"><ele>656.4</ele><time>2026-08-14T09:57:08.000Z</time></trkpt><trkpt lat="-8.069255570837047" lon="113.65803740336096"><ele>656.4</ele><time>2026-08-14T09:57:09.000Z</time></trkpt><trkpt lat="-8.069279320837163" lon="113.65804510002768"><ele>656.4</ele><time>2026-08-14T09:57:10.000Z</time></trkpt><trkpt lat="-8.06930295417082" lon="113.65805654002766"><ele>655.2</ele><time>2026-08-14T09:57:11.000Z</time></trkpt><trkpt lat="-8.069325660837814" lon="113.65807076669448"><ele>655.2</ele><time>2026-08-14T09:57:12.000Z</time></trkpt><trkpt lat="-8.069346990838273" lon="113.65808634669474"><ele>655.2</ele><time>2026-08-14T09:57:13.000Z</time></trkpt><trkpt lat="-8.06936764083866" lon="113.65810597336163"><ele>655.2</ele><time>2026-08-14T09:57:14.000Z</time></trkpt><trkpt lat="-8.069386670839075" lon="113.65812761669497"><ele>655.2</ele><time>2026-08-14T09:57:15.000Z</time></trkpt><trkpt lat="-8.069404187506093" lon="113.6581473733618"><ele>652.8</ele><time>2026-08-14T09:57:16.000Z</time></trkpt><trkpt lat="-8.069420207506326" lon="113.65816606336175"><ele>652.8</ele><time>2026-08-14T09:57:17.000Z</time></trkpt><trkpt lat="-8.06943575417292" lon="113.65818465336159"><ele>652.8</ele><time>2026-08-14T09:57:18.000Z</time></trkpt><trkpt lat="-8.069450254172816" lon="113.65820075336144"><ele>652.8</ele><time>2026-08-14T09:57:19.000Z</time></trkpt><trkpt lat="-8.069465260839348" lon="113.65821532002808"><ele>652.8</ele><time>2026-08-14T09:57:20.000Z</time></trkpt><trkpt lat="-8.06947973083918" lon="113.65822931669463"><ele>650.3</ele><time>2026-08-14T09:57:21.000Z</time></trkpt><trkpt lat="-8.069493137505706" lon="113.65824265336119"><ele>650.3</ele><time>2026-08-14T09:57:22.000Z</time></trkpt><trkpt lat="-8.069506607505721" lon="113.65825526669445"><ele>650.3</ele><time>2026-08-14T09:57:23.000Z</time></trkpt><trkpt lat="-8.069521177506049" lon="113.65826805669458"><ele>650.3</ele><time>2026-08-14T09:57:24.000Z</time></trkpt><trkpt lat="-8.069535937506418" lon="113.65828119669462"><ele>650.3</ele><time>2026-08-14T09:57:25.000Z</time></trkpt><trkpt lat="-8.069552294173642" lon="113.65829369336132"><ele>649.1</ele><time>2026-08-14T09:57:26.000Z</time></trkpt><trkpt lat="-8.069570857507362" lon="113.65830766669487"><ele>649.1</ele><time>2026-08-14T09:57:27.000Z</time></trkpt><trkpt lat="-8.069589624174364" lon="113.65832275669518"><ele>649.1</ele><time>2026-08-14T09:57:28.000Z</time></trkpt><trkpt lat="-8.06960792417446" lon="113.65833446336205"><ele>649.1</ele><time>2026-08-14T09:57:29.000Z</time></trkpt><trkpt lat="-8.06962446417457" lon="113.6583464800289"><ele>649.1</ele><time>2026-08-14T09:57:30.000Z</time></trkpt><trkpt lat="-8.069640550841227" lon="113.65835923336253"><ele>646.7</ele><time>2026-08-14T09:57:31.000Z</time></trkpt><trkpt lat="-8.069656764174866" lon="113.65837120336269"><ele>646.7</ele><time>2026-08-14T09:57:32.000Z</time></trkpt><trkpt lat="-8.069672807508432" lon="113.65838410002941"><ele>646.7</ele><time>2026-08-14T09:57:33.000Z</time></trkpt><trkpt lat="-8.06968938084197" lon="113.65840126669627"><ele>646.7</ele><time>2026-08-14T09:57:34.000Z</time></trkpt><trkpt lat="-8.069707517508935" lon="113.65841773002981"><ele>646.7</ele><time>2026-08-14T09:57:35.000Z</time></trkpt><trkpt lat="-8.069724480842433" lon="113.6584344700299"><ele>644.1</ele><time>2026-08-14T09:57:36.000Z</time></trkpt><trkpt lat="-8.069740147509064" lon="113.6584522066967"><ele>644.1</ele><time>2026-08-14T09:57:37.000Z</time></trkpt><trkpt lat="-8.069756217509115" lon="113.65846990336368"><ele>644.1</ele><time>2026-08-14T09:57:38.000Z</time></trkpt><trkpt lat="-8.069771850842534" lon="113.65848726003055"><ele>644.1</ele><time>2026-08-14T09:57:39.000Z</time></trkpt><trkpt lat="-8.069786770842454" lon="113.65850544669749"><ele>644.1</ele><time>2026-08-14T09:57:40.000Z</time></trkpt><trkpt lat="-8.06980288417581" lon="113.65852439003115"><ele>642.7</ele><time>2026-08-14T09:57:41.000Z</time></trkpt><trkpt lat="-8.069818297509336" lon="113.65854156003134"><ele>642.7</ele><time>2026-08-14T09:57:42.000Z</time></trkpt><trkpt lat="-8.06983270750947" lon="113.65855756003148"><ele>642.7</ele><time>2026-08-14T09:57:43.000Z</time></trkpt><trkpt lat="-8.069847500842837" lon="113.65857229336484"><ele>642.7</ele><time>2026-08-14T09:57:44.000Z</time></trkpt><trkpt lat="-8.069862544176374" lon="113.65858594669817"><ele>642.7</ele><time>2026-08-14T09:57:45.000Z</time></trkpt><trkpt lat="-8.069877887510113" lon="113.65859917003141"><ele>639.7</ele><time>2026-08-14T09:57:46.000Z</time></trkpt><trkpt lat="-8.069894977510378" lon="113.65861172003137"><ele>639.7</ele><time>2026-08-14T09:57:47.000Z</time></trkpt><trkpt lat="-8.06991417084392" lon="113.65862358003119"><ele>639.7</ele><time>2026-08-14T09:57:48.000Z</time></trkpt><trkpt lat="-8.069933840844248" lon="113.65863562336449"><ele>639.7</ele><time>2026-08-14T09:57:49.000Z</time></trkpt><trkpt lat="-8.069954407511178" lon="113.65864791669796"><ele>639.7</ele><time>2026-08-14T09:57:50.000Z</time></trkpt><trkpt lat="-8.069975614178022" lon="113.65865911003148"><ele>637.1</ele><time>2026-08-14T09:57:51.000Z</time></trkpt><trkpt lat="-8.069997520844908" lon="113.65867018336499"><ele>637.1</ele><time>2026-08-14T09:57:52.000Z</time></trkpt><trkpt lat="-8.070018987512011" lon="113.65868043669859"><ele>637.1</ele><time>2026-08-14T09:57:53.000Z</time></trkpt><trkpt lat="-8.070040837512565" lon="113.65868903669875"><ele>637.1</ele><time>2026-08-14T09:57:54.000Z</time></trkpt><trkpt lat="-8.070063370846338" lon="113.65869486669877"><ele>637.1</ele><time>2026-08-14T09:57:55.000Z</time></trkpt><trkpt lat="-8.07008576084674" lon="113.65870018336545"><ele>636.0</ele><time>2026-08-14T09:57:56.000Z</time></trkpt><trkpt lat="-8.07010821418063" lon="113.65870506669876"><ele>636.0</ele><time>2026-08-14T09:57:57.000Z</time></trkpt><trkpt lat="-8.070130364180955" lon="113.65870935336531"><ele>636.0</ele><time>2026-08-14T09:57:58.000Z</time></trkpt><trkpt lat="-8.070152664181382" lon="113.6587134166986"><ele>636.0</ele><time>2026-08-14T09:57:59.000Z</time></trkpt><trkpt lat="-8.070174584181723" lon="113.65871843336518"><ele>636.0</ele><time>2026-08-14T09:58:00.000Z</time></trkpt><trkpt lat="-8.070196097515497" lon="113.65872359669852"><ele>634.3</ele><time>2026-08-14T09:58:01.000Z</time></trkpt><trkpt lat="-8.070218600848994" lon="113.65872947336518"><ele>634.3</ele><time>2026-08-14T09:58:02.000Z</time></trkpt><trkpt lat="-8.070241884182416" lon="113.6587389066988"><ele>634.3</ele><time>2026-08-14T09:58:03.000Z</time></trkpt><trkpt lat="-8.070265677515838" lon="113.65874915003243"><ele>634.3</ele><time>2026-08-14T09:58:04.000Z</time></trkpt><trkpt lat="-8.070289930849654" lon="113.65875833336614"><ele>634.3</ele><time>2026-08-14T09:58:05.000Z</time></trkpt><trkpt lat="-8.070315000849972" lon="113.6587677800331"><ele>633.0</ele><time>2026-08-14T09:58:06.000Z</time></trkpt><trkpt lat="-8.070340200850636" lon="113.65877706336673"><ele>633.0</ele><time>2026-08-14T09:58:07.000Z</time></trkpt><trkpt lat="-8.070364657517953" lon="113.65878265670017"><ele>633.0</ele><time>2026-08-14T09:58:08.000Z</time></trkpt><trkpt lat="-8.070389494184923" lon="113.65878588003349"><ele>633.0</ele><time>2026-08-14T09:58:09.000Z</time></trkpt><trkpt lat="-8.070414087518454" lon="113.65879195003363"><ele>633.0</ele><time>2026-08-14T09:58:10.000Z</time></trkpt><trkpt lat="-8.070437937518639" lon="113.65879847003376"><ele>632.3</ele><time>2026-08-14T09:58:11.000Z</time></trkpt><trkpt lat="-8.070461430851859" lon="113.6588039467006"><ele>632.3</ele><time>2026-08-14T09:58:12.000Z</time></trkpt><trkpt lat="-8.07048435751853" lon="113.65880976670078"><ele>632.3</ele><time>2026-08-14T09:58:13.000Z</time></trkpt><trkpt lat="-8.070506250852173" lon="113.65881725670094"><ele>632.3</ele><time>2026-08-14T09:58:14.000Z</time></trkpt><trkpt lat="-8.070528080852327" lon="113.65882363003433"><ele>632.3</ele><time>2026-08-14T09:58:15.000Z</time></trkpt><trkpt lat="-8.070549487519092" lon="113.65883039003441"><ele>630.8</ele><time>2026-08-14T09:58:16.000Z</time></trkpt><trkpt lat="-8.070569654185965" lon="113.65884066670105"><ele>630.8</ele><time>2026-08-14T09:58:17.000Z</time></trkpt><trkpt lat="-8.070588884186296" lon="113.65885208336763"><ele>630.8</ele><time>2026-08-14T09:58:18.000Z</time></trkpt><trkpt lat="-8.07060658085305" lon="113.65886498670095"><ele>630.8</ele><time>2026-08-14T09:58:19.000Z</time></trkpt><trkpt lat="-8.07062556751973" lon="113.65888080003447"><ele>630.8</ele><time>2026-08-14T09:58:20.000Z</time></trkpt><trkpt lat="-8.070645360853247" lon="113.65889630003463"><ele>629.3</ele><time>2026-08-14T09:58:21.000Z</time></trkpt><trkpt lat="-8.070666267520105" lon="113.6589103400349"><ele>629.3</ele><time>2026-08-14T09:58:22.000Z</time></trkpt><trkpt lat="-8.070689084187046" lon="113.6589238800353"><ele>629.3</ele><time>2026-08-14T09:58:23.000Z</time></trkpt><trkpt lat="-8.07071334418759" lon="113.65893692336893"><ele>629.3</ele><time>2026-08-14T09:58:24.000Z</time></trkpt><trkpt lat="-8.070735777521724" lon="113.65894696336902"><ele>629.3</ele><time>2026-08-14T09:58:25.000Z</time></trkpt><trkpt lat="-8.070758667522464" lon="113.6589566300358"><ele>628.6</ele><time>2026-08-14T09:58:26.000Z</time></trkpt><trkpt lat="-8.070781527523351" lon="113.6589645400359"><ele>628.6</ele><time>2026-08-14T09:58:27.000Z</time></trkpt><trkpt lat="-8.07080549419085" lon="113.6589706633692"><ele>628.6</ele><time>2026-08-14T09:58:28.000Z</time></trkpt><trkpt lat="-8.070829647525027" lon="113.65897560336923"><ele>628.6</ele><time>2026-08-14T09:58:29.000Z</time></trkpt><trkpt lat="-8.070854847525691" lon="113.65897922670258"><ele>628.6</ele><time>2026-08-14T09:58:30.000Z</time></trkpt><trkpt lat="-8.070879664192905" lon="113.65898291670256"><ele>627.9</ele><time>2026-08-14T09:58:31.000Z</time></trkpt><trkpt lat="-8.07090425419307" lon="113.6589868533692"><ele>627.9</ele><time>2026-08-14T09:58:32.000Z</time></trkpt><trkpt lat="-8.070928170859679" lon="113.6589910667025"><ele>627.9</ele><time>2026-08-14T09:58:33.000Z</time></trkpt><trkpt lat="-8.070952510859248" lon="113.65899574003579"><ele>627.9</ele><time>2026-08-14T09:58:34.000Z</time></trkpt><trkpt lat="-8.070976860858911" lon="113.65900084670243"><ele>627.9</ele><time>2026-08-14T09:58:35.000Z</time></trkpt><trkpt lat="-8.071001637525328" lon="113.6590037233691"><ele>627.2</ele><time>2026-08-14T09:58:36.000Z</time></trkpt><trkpt lat="-8.071026117525335" lon="113.65900637336915"><ele>627.2</ele><time>2026-08-14T09:58:37.000Z</time></trkpt><trkpt lat="-8.071050444192306" lon="113.65901016003588"><ele>627.2</ele><time>2026-08-14T09:58:38.000Z</time></trkpt><trkpt lat="-8.071074740859428" lon="113.65901474003599"><ele>627.2</ele><time>2026-08-14T09:58:39.000Z</time></trkpt><trkpt lat="-8.07109874752644" lon="113.65901987670273"><ele>627.2</ele><time>2026-08-14T09:58:40.000Z</time></trkpt><trkpt lat="-8.071122140860021" lon="113.65902762003611"><ele>626.6</ele><time>2026-08-14T09:58:41.000Z</time></trkpt><trkpt lat="-8.071145404193686" lon="113.65903644003622"><ele>626.6</ele><time>2026-08-14T09:58:42.000Z</time></trkpt><trkpt lat="-8.071167854193785" lon="113.65904509670304"><ele>626.6</ele><time>2026-08-14T09:58:43.000Z</time></trkpt><trkpt lat="-8.071189964193742" lon="113.65905294003646"><ele>626.6</ele><time>2026-08-14T09:58:44.000Z</time></trkpt><trkpt lat="-8.071212997526995" lon="113.65906072003656"><ele>626.6</ele><time>2026-08-14T09:58:45.000Z</time></trkpt><trkpt lat="-8.071236637526951" lon="113.65906700670332"><ele>625.1</ele><time>2026-08-14T09:58:46.000Z</time></trkpt><trkpt lat="-8.07126042752658" lon="113.65907288337007"><ele>625.1</ele><time>2026-08-14T09:58:47.000Z</time></trkpt><trkpt lat="-8.071284394192796" lon="113.65907827337017"><ele>625.1</ele><time>2026-08-14T09:58:48.000Z</time></trkpt><trkpt lat="-8.07130862085927" lon="113.65908328670359"><ele>625.1</ele><time>2026-08-14T09:58:49.000Z</time></trkpt><trkpt lat="-8.07133231752599" lon="113.65908701003703"><ele>625.1</ele><time>2026-08-14T09:58:50.000Z</time></trkpt><trkpt lat="-8.071355284192816" lon="113.65908883003715"><ele>623.8</ele><time>2026-08-14T09:58:51.000Z</time></trkpt><trkpt lat="-8.071377790859676" lon="113.65908868337051"><ele>623.8</ele><time>2026-08-14T09:58:52.000Z</time></trkpt><trkpt lat="-8.071400667526529" lon="113.65908614670381"><ele>623.8</ele><time>2026-08-14T09:58:53.000Z</time></trkpt><trkpt lat="-8.071423790859757" lon="113.6590831167038"><ele>623.8</ele><time>2026-08-14T09:58:54.000Z</time></trkpt><trkpt lat="-8.071447907526073" lon="113.65908103337044"><ele>623.8</ele><time>2026-08-14T09:58:55.000Z</time></trkpt><trkpt lat="-8.071472147525576" lon="113.65907858337039"><ele>623.3</ele><time>2026-08-14T09:58:56.000Z</time></trkpt><trkpt lat="-8.071496570858393" lon="113.6590751667037"><ele>623.3</ele><time>2026-08-14T09:58:57.000Z</time></trkpt><trkpt lat="-8.071520924191422" lon="113.6590718067037"><ele>623.3</ele><time>2026-08-14T09:58:58.000Z</time></trkpt><trkpt lat="-8.071545480857946" lon="113.659066190037"><ele>623.3</ele><time>2026-08-14T09:58:59.000Z</time></trkpt><trkpt lat="-8.071568700857878" lon="113.6590587533703"><ele>623.3</ele><time>2026-08-14T09:59:00.000Z</time></trkpt><trkpt lat="-8.07159248752457" lon="113.6590514300369"><ele>622.6</ele><time>2026-08-14T09:59:01.000Z</time></trkpt><trkpt lat="-8.071617144191592" lon="113.65904359003677"><ele>622.6</ele><time>2026-08-14T09:59:02.000Z</time></trkpt><trkpt lat="-8.071642254191852" lon="113.65903578336994"><ele>622.6</ele><time>2026-08-14T09:59:03.000Z</time></trkpt><trkpt lat="-8.071666614192035" lon="113.65902808336982"><ele>622.6</ele><time>2026-08-14T09:59:04.000Z</time></trkpt><trkpt lat="-8.071691720858931" lon="113.65902166003634"><ele>622.6</ele><time>2026-08-14T09:59:05.000Z</time></trkpt><trkpt lat="-8.071717360859376" lon="113.65901757003626"><ele>621.8</ele><time>2026-08-14T09:59:06.000Z</time></trkpt><trkpt lat="-8.071742584193158" lon="113.65901643003626"><ele>621.8</ele><time>2026-08-14T09:59:07.000Z</time></trkpt><trkpt lat="-8.071768174193569" lon="113.65901655336964"><ele>621.8</ele><time>2026-08-14T09:59:08.000Z</time></trkpt><trkpt lat="-8.071794124194307" lon="113.65901769003635"><ele>621.8</ele><time>2026-08-14T09:59:09.000Z</time></trkpt><trkpt lat="-8.071819627528535" lon="113.65901914336973"><ele>621.8</ele><time>2026-08-14T09:59:10.000Z</time></trkpt><trkpt lat="-8.07184576419595" lon="113.65901975003644"><ele>621.3</ele><time>2026-08-14T09:59:11.000Z</time></trkpt><trkpt lat="-8.071872557530103" lon="113.65902061003654"><ele>621.3</ele><time>2026-08-14T09:59:12.000Z</time></trkpt><trkpt lat="-8.071899700864488" lon="113.65902207336997"><ele>621.3</ele><time>2026-08-14T09:59:13.000Z</time></trkpt><trkpt lat="-8.071927320865235" lon="113.65902452337009"><ele>621.3</ele><time>2026-08-14T09:59:14.000Z</time></trkpt><trkpt lat="-8.071955414198978" lon="113.6590248433702"><ele>621.3</ele><time>2026-08-14T09:59:15.000Z</time></trkpt><trkpt lat="-8.071982240865916" lon="113.65902480670366"><ele>620.3</ele><time>2026-08-14T09:59:16.000Z</time></trkpt><trkpt lat="-8.07200810086582" lon="113.659022750037"><ele>620.3</ele><time>2026-08-14T09:59:17.000Z</time></trkpt><trkpt lat="-8.072033114198948" lon="113.65901993003699"><ele>620.3</ele><time>2026-08-14T09:59:18.000Z</time></trkpt><trkpt lat="-8.072057004198644" lon="113.65901654670363"><ele>620.3</ele><time>2026-08-14T09:59:19.000Z</time></trkpt><trkpt lat="-8.072080754198334" lon="113.65901485670358"><ele>620.3</ele><time>2026-08-14T09:59:20.000Z</time></trkpt><trkpt lat="-8.072105044198299" lon="113.6590117500369"><ele>619.4</ele><time>2026-08-14T09:59:21.000Z</time></trkpt><trkpt lat="-8.072130104198523" lon="113.65900846003692"><ele>619.4</ele><time>2026-08-14T09:59:22.000Z</time></trkpt><trkpt lat="-8.0721549841988" lon="113.65900503003695"><ele>619.4</ele><time>2026-08-14T09:59:23.000Z</time></trkpt><trkpt lat="-8.072179917532473" lon="113.65899945337026"><ele>619.4</ele><time>2026-08-14T09:59:24.000Z</time></trkpt><trkpt lat="-8.07220323086617" lon="113.65899122003682"><ele>619.4</ele><time>2026-08-14T09:59:25.000Z</time></trkpt><trkpt lat="-8.072225590866296" lon="113.65898242336998"><ele>619.0</ele><time>2026-08-14T09:59:26.000Z</time></trkpt><trkpt lat="-8.072246100866247" lon="113.65897214670308"><ele>619.0</ele><time>2026-08-14T09:59:27.000Z</time></trkpt><trkpt lat="-8.072264817532787" lon="113.65895818336966"><ele>619.0</ele><time>2026-08-14T09:59:28.000Z</time></trkpt><trkpt lat="-8.072284174199671" lon="113.65894435670293"><ele>619.0</ele><time>2026-08-14T09:59:29.000Z</time></trkpt><trkpt lat="-8.072305077533379" lon="113.65892995670283"><ele>619.0</ele><time>2026-08-14T09:59:30.000Z</time></trkpt><trkpt lat="-8.072326880867262" lon="113.6589157900361"><ele>618.4</ele><time>2026-08-14T09:59:31.000Z</time></trkpt><trkpt lat="-8.07234901420098" lon="113.65890210336946"><ele>618.4</ele><time>2026-08-14T09:59:32.000Z</time></trkpt><trkpt lat="-8.072370764201251" lon="113.65889088670262"><ele>618.4</ele><time>2026-08-14T09:59:33.000Z</time></trkpt><trkpt lat="-8.072392564201127" lon="113.65888015336914"><ele>618.4</ele><time>2026-08-14T09:59:34.000Z</time></trkpt><trkpt lat="-8.072413007534223" lon="113.65887102003569"><ele>618.4</ele><time>2026-08-14T09:59:35.000Z</time></trkpt><trkpt lat="-8.072432640867119" lon="113.65886213003554"><ele>617.9</ele><time>2026-08-14T09:59:36.000Z</time></trkpt><trkpt lat="-8.072451430866813" lon="113.65885148670183"><ele>617.9</ele><time>2026-08-14T09:59:37.000Z</time></trkpt><trkpt lat="-8.07247096753322" lon="113.65883837336798"><ele>617.9</ele><time>2026-08-14T09:59:38.000Z</time></trkpt><trkpt lat="-8.072490887533075" lon="113.65882559336747"><ele>617.9</ele><time>2026-08-14T09:59:39.000Z</time></trkpt><trkpt lat="-8.072511434199818" lon="113.65881288336705"><ele>617.9</ele><time>2026-08-14T09:59:40.000Z</time></trkpt><trkpt lat="-8.072532097533449" lon="113.65880277336672"><ele>617.7</ele><time>2026-08-14T09:59:41.000Z</time></trkpt><trkpt lat="-8.072554430867303" lon="113.65879753669985"><ele>617.7</ele><time>2026-08-14T09:59:42.000Z</time></trkpt><trkpt lat="-8.0725777375347" lon="113.65879520003315"><ele>617.7</ele><time>2026-08-14T09:59:43.000Z</time></trkpt><trkpt lat="-8.072598240868782" lon="113.65879219336651"><ele>617.7</ele><time>2026-08-14T09:59:44.000Z</time></trkpt><trkpt lat="-8.072619050869363" lon="113.65878753669972"><ele>617.7</ele><time>2026-08-14T09:59:45.000Z</time></trkpt><trkpt lat="-8.0726402342033" lon="113.6587807533662"><ele>617.2</ele><time>2026-08-14T09:59:46.000Z</time></trkpt><trkpt lat="-8.072662704203797" lon="113.65877289669936"><ele>617.2</ele><time>2026-08-14T09:59:47.000Z</time></trkpt><trkpt lat="-8.072687304204269" lon="113.6587674400325"><ele>617.2</ele><time>2026-08-14T09:59:48.000Z</time></trkpt><trkpt lat="-8.072714990871443" lon="113.65876607669898"><ele>617.2</ele><time>2026-08-14T09:59:49.000Z</time></trkpt><trkpt lat="-8.072742857538566" lon="113.65876913003217"><ele>617.2</ele><time>2026-08-14T09:59:50.000Z</time></trkpt><trkpt lat="-8.07277124087199" lon="113.65877610003213"><ele>616.6</ele><time>2026-08-14T09:59:51.000Z</time></trkpt><trkpt lat="-8.072798484205588" lon="113.65878550336538"><ele>616.6</ele><time>2026-08-14T09:59:52.000Z</time></trkpt><trkpt lat="-8.072824834205738" lon="113.65879704336528"><ele>616.6</ele><time>2026-08-14T09:59:53.000Z</time></trkpt><trkpt lat="-8.07285057420582" lon="113.65880734003187"><ele>616.6</ele><time>2026-08-14T09:59:54.000Z</time></trkpt><trkpt lat="-8.072875460872824" lon="113.65881758003181"><ele>616.6</ele><time>2026-08-14T09:59:55.000Z</time></trkpt><trkpt lat="-8.072900080873268" lon="113.65882547336507"><ele>616.3</ele><time>2026-08-14T09:59:56.000Z</time></trkpt><trkpt lat="-8.072924360873568" lon="113.65883071336502"><ele>616.3</ele><time>2026-08-14T09:59:57.000Z</time></trkpt><trkpt lat="-8.072947517540438" lon="113.65883386003168"><ele>616.3</ele><time>2026-08-14T09:59:58.000Z</time></trkpt><trkpt lat="-8.072971134207274" lon="113.65883689003167"><ele>616.3</ele><time>2026-08-14T09:59:59.000Z</time></trkpt><trkpt lat="-8.07299596754045" lon="113.65883954669839"><ele>616.3</ele><time>2026-08-14T10:00:00.000Z</time></trkpt><trkpt lat="-8.073020824207177" lon="113.65884341669849"><ele>615.3</ele><time>2026-08-14T10:00:01.000Z</time></trkpt><trkpt lat="-8.073047070873896" lon="113.65884908003197"><ele>615.3</ele><time>2026-08-14T10:00:02.000Z</time></trkpt><trkpt lat="-8.073074594207512" lon="113.65885528336557"><ele>615.3</ele><time>2026-08-14T10:00:03.000Z</time></trkpt><trkpt lat="-8.073102004208033" lon="113.65886180336588"><ele>615.3</ele><time>2026-08-14T10:00:04.000Z</time></trkpt><trkpt lat="-8.073128894208889" lon="113.65886746669949"><ele>615.3</ele><time>2026-08-14T10:00:05.000Z</time></trkpt><trkpt lat="-8.073155267543019" lon="113.65887190336636"><ele>614.4</ele><time>2026-08-14T10:00:06.000Z</time></trkpt><trkpt lat="-8.073180577543841" lon="113.65887437336653"><ele>614.4</ele><time>2026-08-14T10:00:07.000Z</time></trkpt><trkpt lat="-8.073204910877967" lon="113.65887370336652"><ele>614.4</ele><time>2026-08-14T10:00:08.000Z</time></trkpt><trkpt lat="-8.073228727545366" lon="113.65887274669979"><ele>614.4</ele><time>2026-08-14T10:00:09.000Z</time></trkpt><trkpt lat="-8.07325284421254" lon="113.65887287336636"><ele>614.4</ele><time>2026-08-14T10:00:10.000Z</time></trkpt><trkpt lat="-8.073277724212817" lon="113.65887380336628"><ele>614.0</ele><time>2026-08-14T10:00:11.000Z</time></trkpt><trkpt lat="-8.073302830879712" lon="113.6588753433662"><ele>614.0</ele><time>2026-08-14T10:00:12.000Z</time></trkpt><trkpt lat="-8.073328467546364" lon="113.65887862336619"><ele>614.0</ele><time>2026-08-14T10:00:13.000Z</time></trkpt><trkpt lat="-8.07335384754612" lon="113.65887818003289"><ele>614.0</ele><time>2026-08-14T10:00:14.000Z</time></trkpt><trkpt lat="-8.073378857545885" lon="113.65887593003292"><ele>614.0</ele><time>2026-08-14T10:00:15.000Z</time></trkpt><trkpt lat="-8.073403214212275" lon="113.65887213003293"><ele>613.6</ele><time>2026-08-14T10:00:16.000Z</time></trkpt><trkpt lat="-8.073425500878603" lon="113.6588675466996"><ele>613.6</ele><time>2026-08-14T10:00:17.000Z</time></trkpt><trkpt lat="-8.073443150878367" lon="113.65886459669962"><ele>613.6</ele><time>2026-08-14T10:00:18.000Z</time></trkpt><trkpt lat="-8.073460487544901" lon="113.65886480336628"><ele>613.6</ele><time>2026-08-14T10:00:19.000Z</time></trkpt><trkpt lat="-8.073477080878087" lon="113.65886525003293"><ele>613.6</ele><time>2026-08-14T10:00:20.000Z</time></trkpt><trkpt lat="-8.073494117544847" lon="113.65886752003296"><ele>613.3</ele><time>2026-08-14T10:00:21.000Z</time></trkpt><trkpt lat="-8.073512544211813" lon="113.6588698333663"><ele>613.3</ele><time>2026-08-14T10:00:22.000Z</time></trkpt><trkpt lat="-8.073535444212215" lon="113.65887025003295"><ele>613.3</ele><time>2026-08-14T10:00:23.000Z</time></trkpt><trkpt lat="-8.073558647546182" lon="113.65887291669972"><ele>613.3</ele><time>2026-08-14T10:00:24.000Z</time></trkpt><trkpt lat="-8.07358130421357" lon="113.65887830669995"><ele>613.3</ele><time>2026-08-14T10:00:25.000Z</time></trkpt><trkpt lat="-8.073603597547697" lon="113.65888582670027"><ele>613.3</ele><time>2026-08-14T10:00:26.000Z</time></trkpt><trkpt lat="-8.073626734214809" lon="113.65889494003395"><ele>613.3</ele><time>2026-08-14T10:00:27.000Z</time></trkpt><trkpt lat="-8.073650227548459" lon="113.65890442670097"><ele>613.3</ele><time>2026-08-14T10:00:28.000Z</time></trkpt><trkpt lat="-8.073673817548809" lon="113.65891378670128"><ele>613.3</ele><time>2026-08-14T10:00:29.000Z</time></trkpt><trkpt lat="-8.073698437549254" lon="113.65892281336824"><ele>613.3</ele><time>2026-08-14T10:00:30.000Z</time></trkpt><trkpt lat="-8.073722914216326" lon="113.65893063003507"><ele>613.3</ele><time>2026-08-14T10:00:31.000Z</time></trkpt><trkpt lat="-8.073747640883564" lon="113.65893960670186"><ele>613.3</ele><time>2026-08-14T10:00:32.000Z</time></trkpt><trkpt lat="-8.073770750884192" lon="113.65895179670183"><ele>613.3</ele><time>2026-08-14T10:00:33.000Z</time></trkpt><trkpt lat="-8.07379324755139" lon="113.65896333336846"><ele>613.3</ele><time>2026-08-14T10:00:34.000Z</time></trkpt><trkpt lat="-8.07381421088522" lon="113.65897406336835"><ele>613.3</ele><time>2026-08-14T10:00:35.000Z</time></trkpt><trkpt lat="-8.073836030885495" lon="113.65898718670144"><ele>613.4</ele><time>2026-08-14T10:00:36.000Z</time></trkpt><trkpt lat="-8.07385694755223" lon="113.65900115003463"><ele>613.4</ele><time>2026-08-14T10:00:37.000Z</time></trkpt><trkpt lat="-8.073878754219049" lon="113.65901458003466"><ele>613.4</ele><time>2026-08-14T10:00:38.000Z</time></trkpt><trkpt lat="-8.073899697552482" lon="113.65902876670134"><ele>613.4</ele><time>2026-08-14T10:00:39.000Z</time></trkpt><trkpt lat="-8.073922194219037" lon="113.65904505336812"><ele>613.4</ele><time>2026-08-14T10:00:40.000Z</time></trkpt><trkpt lat="-8.073942480885734" lon="113.659059120035"><ele>613.4</ele><time>2026-08-14T10:00:41.000Z</time></trkpt><trkpt lat="-8.073962397552439" lon="113.65907220003506"><ele>613.4</ele><time>2026-08-14T10:00:42.000Z</time></trkpt><trkpt lat="-8.073981757552472" lon="113.65908378336852"><ele>613.4</ele><time>2026-08-14T10:00:43.000Z</time></trkpt><trkpt lat="-8.074001910885675" lon="113.65909552670193"><ele>613.4</ele><time>2026-08-14T10:00:44.000Z</time></trkpt><trkpt lat="-8.074021994219088" lon="113.65910591670188"><ele>613.4</ele><time>2026-08-14T10:00:45.000Z</time></trkpt><trkpt lat="-8.074043310885662" lon="113.65911632336864"><ele>613.2</ele><time>2026-08-14T10:00:46.000Z</time></trkpt><trkpt lat="-8.074064264218974" lon="113.65912628670208"><ele>613.2</ele><time>2026-08-14T10:00:47.000Z</time></trkpt><trkpt lat="-8.074084647552159" lon="113.65913594670215"><ele>613.2</ele><time>2026-08-14T10:00:48.000Z</time></trkpt><trkpt lat="-8.07410454421868" lon="113.65914407336884"><ele>613.2</ele><time>2026-08-14T10:00:49.000Z</time></trkpt><trkpt lat="-8.07412305755172" lon="113.65915172003561"><ele>613.2</ele><time>2026-08-14T10:00:50.000Z</time></trkpt><trkpt lat="-8.074140764218352" lon="113.65915881003562"><ele>612.8</ele><time>2026-08-14T10:00:51.000Z</time></trkpt><trkpt lat="-8.074158257551822" lon="113.65916571336902"><ele>612.8</ele><time>2026-08-14T10:00:52.000Z</time></trkpt><trkpt lat="-8.074173810885359" lon="113.65917170670238"><ele>612.8</ele><time>2026-08-14T10:00:53.000Z</time></trkpt><trkpt lat="-8.074189517552146" lon="113.65917846670251"><ele>612.8</ele><time>2026-08-14T10:00:54.000Z</time></trkpt><trkpt lat="-8.074207017552343" lon="113.65918569670268"><ele>612.8</ele><time>2026-08-14T10:00:55.000Z</time></trkpt><trkpt lat="-8.074224137552457" lon="113.65919323670289"><ele>612.5</ele><time>2026-08-14T10:00:56.000Z</time></trkpt><trkpt lat="-8.074242690885868" lon="113.65920157336973"><ele>612.5</ele><time>2026-08-14T10:00:57.000Z</time></trkpt><trkpt lat="-8.07426397421923" lon="113.65921068003654"><ele>612.5</ele><time>2026-08-14T10:00:58.000Z</time></trkpt><trkpt lat="-8.074285784219413" lon="113.65921964670324"><ele>612.5</ele><time>2026-08-14T10:00:59.000Z</time></trkpt><trkpt lat="-8.07430701755274" lon="113.65922825003653"><ele>612.5</ele><time>2026-08-14T10:01:00.000Z</time></trkpt><trkpt lat="-8.07432878421919" lon="113.65923634003653"><ele>611.6</ele><time>2026-08-14T10:01:01.000Z</time></trkpt><trkpt lat="-8.074348167552346" lon="113.6592434033698"><ele>611.6</ele><time>2026-08-14T10:01:02.000Z</time></trkpt><trkpt lat="-8.07436825755227" lon="113.6592512933698"><ele>611.6</ele><time>2026-08-14T10:01:03.000Z</time></trkpt><trkpt lat="-8.074387947552356" lon="113.65925934336981"><ele>611.6</ele><time>2026-08-14T10:01:04.000Z</time></trkpt><trkpt lat="-8.074407157552718" lon="113.65926749670318"><ele>611.6</ele><time>2026-08-14T10:01:05.000Z</time></trkpt><trkpt lat="-8.074426950886664" lon="113.65927600670321"><ele>610.3</ele><time>2026-08-14T10:01:06.000Z</time></trkpt><trkpt lat="-8.074448550887046" lon="113.65928528336993"><ele>610.3</ele><time>2026-08-14T10:01:07.000Z</time></trkpt><trkpt lat="-8.074470720887557" lon="113.65929493670338"><ele>610.3</ele><time>2026-08-14T10:01:08.000Z</time></trkpt><trkpt lat="-8.074494987554829" lon="113.65930509670355"><ele>610.3</ele><time>2026-08-14T10:01:09.000Z</time></trkpt><trkpt lat="-8.074519820888863" lon="113.6593160167038"><ele>610.3</ele><time>2026-08-14T10:01:10.000Z</time></trkpt><trkpt lat="-8.07454446755622" lon="113.65932777670405"><ele>609.5</ele><time>2026-08-14T10:01:11.000Z</time></trkpt><trkpt lat="-8.074570160890492" lon="113.6593405100377"><ele>609.5</ele><time>2026-08-14T10:01:12.000Z</time></trkpt><trkpt lat="-8.074595944224736" lon="113.65935375003782"><ele>609.5</ele><time>2026-08-14T10:01:13.000Z</time></trkpt><trkpt lat="-8.07462023422556" lon="113.65936643337129"><ele>609.5</ele><time>2026-08-14T10:01:14.000Z</time></trkpt><trkpt lat="-8.074644484226011" lon="113.6593796600381"><ele>609.5</ele><time>2026-08-14T10:01:15.000Z</time></trkpt><trkpt lat="-8.074667854226472" lon="113.65939360670492"><ele>607.8</ele><time>2026-08-14T10:01:16.000Z</time></trkpt><trkpt lat="-8.074690484226949" lon="113.65940694670499"><ele>607.8</ele><time>2026-08-14T10:01:17.000Z</time></trkpt><trkpt lat="-8.074710540893875" lon="113.65941943670514"><ele>607.8</ele><time>2026-08-14T10:01:18.000Z</time></trkpt><trkpt lat="-8.074729214227323" lon="113.65943236670537"><ele>607.8</ele><time>2026-08-14T10:01:19.000Z</time></trkpt><trkpt lat="-8.074747084227514" lon="113.65944364003886"><ele>607.8</ele><time>2026-08-14T10:01:20.000Z</time></trkpt><trkpt lat="-8.074765014227614" lon="113.65945251003893"><ele>606.2</ele><time>2026-08-14T10:01:21.000Z</time></trkpt><trkpt lat="-8.074783547561054" lon="113.65946053337238"><ele>606.2</ele><time>2026-08-14T10:01:22.000Z</time></trkpt><trkpt lat="-8.074802670894378" lon="113.65946884003911"><ele>606.2</ele><time>2026-08-14T10:01:23.000Z</time></trkpt><trkpt lat="-8.074822704227756" lon="113.65947672670582"><ele>606.2</ele><time>2026-08-14T10:01:24.000Z</time></trkpt><trkpt lat="-8.074843314227774" lon="113.6594834767058"><ele>606.2</ele><time>2026-08-14T10:01:25.000Z</time></trkpt><trkpt lat="-8.074864890894611" lon="113.6594918733726"><ele>605.3</ele><time>2026-08-14T10:01:26.000Z</time></trkpt><trkpt lat="-8.074886557561422" lon="113.65950092337285"><ele>605.3</ele><time>2026-08-14T10:01:27.000Z</time></trkpt><trkpt lat="-8.074908594228223" lon="113.6595077200398"><ele>605.3</ele><time>2026-08-14T10:01:28.000Z</time></trkpt><trkpt lat="-8.074930940894891" lon="113.65951454670673"><ele>605.3</ele><time>2026-08-14T10:01:29.000Z</time></trkpt><trkpt lat="-8.07495235089502" lon="113.65952317337374"><ele>605.3</ele><time>2026-08-14T10:01:30.000Z</time></trkpt><trkpt lat="-8.074973640894896" lon="113.65953073337396"><ele>604.0</ele><time>2026-08-14T10:01:31.000Z</time></trkpt><trkpt lat="-8.074993777561492" lon="113.6595373033741"><ele>604.0</ele><time>2026-08-14T10:01:32.000Z</time></trkpt><trkpt lat="-8.075013660894983" lon="113.6595470733743"><ele>604.0</ele><time>2026-08-14T10:01:33.000Z</time></trkpt><trkpt lat="-8.075033960895135" lon="113.65955682004115"><ele>604.0</ele><time>2026-08-14T10:01:34.000Z</time></trkpt><trkpt lat="-8.075056544228513" lon="113.65956391670792"><ele>604.0</ele><time>2026-08-14T10:01:35.000Z</time></trkpt><trkpt lat="-8.075079377562062" lon="113.65957142004144"><ele>603.2</ele><time>2026-08-14T10:01:36.000Z</time></trkpt><trkpt lat="-8.075102750895459" lon="113.65958031670826"><ele>603.2</ele><time>2026-08-14T10:01:37.000Z</time></trkpt><trkpt lat="-8.075126357562201" lon="113.65958717004169"><ele>603.2</ele><time>2026-08-14T10:01:38.000Z</time></trkpt><trkpt lat="-8.075149674228836" lon="113.65959380670847"><ele>603.2</ele><time>2026-08-14T10:01:39.000Z</time></trkpt><trkpt lat="-8.07517129756234" lon="113.65960129670862"><ele>603.2</ele><time>2026-08-14T10:01:40.000Z</time></trkpt><trkpt lat="-8.075190087562465" lon="113.65960855670869"><ele>603.0</ele><time>2026-08-14T10:01:41.000Z</time></trkpt><trkpt lat="-8.075209450896077" lon="113.6596157767088"><ele>603.0</ele><time>2026-08-14T10:01:42.000Z</time></trkpt><trkpt lat="-8.075229764229471" lon="113.6596242433757"><ele>603.0</ele><time>2026-08-14T10:01:43.000Z</time></trkpt><trkpt lat="-8.07524861422972" lon="113.65963354004252"><ele>603.0</ele><time>2026-08-14T10:01:44.000Z</time></trkpt><trkpt lat="-8.075267884229996" lon="113.65964457337596"><ele>603.0</ele><time>2026-08-14T10:01:45.000Z</time></trkpt><trkpt lat="-8.075288524230292" lon="113.65965416337603"><ele>602.8</ele><time>2026-08-14T10:01:46.000Z</time></trkpt><trkpt lat="-8.075307640897316" lon="113.65966211004272"><ele>602.8</ele><time>2026-08-14T10:01:47.000Z</time></trkpt><trkpt lat="-8.075326087564575" lon="113.65967010004275"><ele>602.8</ele><time>2026-08-14T10:01:48.000Z</time></trkpt><trkpt lat="-8.075345400898367" lon="113.65967606004281"><ele>602.8</ele><time>2026-08-14T10:01:49.000Z</time></trkpt><trkpt lat="-8.075364747565375" lon="113.65968174004293"><ele>602.8</ele><time>2026-08-14T10:01:50.000Z</time></trkpt><trkpt lat="-8.075385244232512" lon="113.65968842004311"><ele>602.6</ele><time>2026-08-14T10:01:51.000Z</time></trkpt><trkpt lat="-8.075405260899498" lon="113.65969349670995"><ele>602.6</ele><time>2026-08-14T10:01:52.000Z</time></trkpt><trkpt lat="-8.075424560899622" lon="113.65969747337667"><ele>602.6</ele><time>2026-08-14T10:01:53.000Z</time></trkpt><trkpt lat="-8.07544415423322" lon="113.65970293671015"><ele>602.6</ele><time>2026-08-14T10:01:54.000Z</time></trkpt><trkpt lat="-8.075462800900183" lon="113.65970810337699"><ele>602.6</ele><time>2026-08-14T10:01:55.000Z</time></trkpt><trkpt lat="-8.075481494233818" lon="113.65971448004379"><ele>602.4</ele><time>2026-08-14T10:01:56.000Z</time></trkpt><trkpt lat="-8.075500774233971" lon="113.65972348671066"><ele>602.4</ele><time>2026-08-14T10:01:57.000Z</time></trkpt><trkpt lat="-8.075519164234255" lon="113.65973315337756"><ele>602.4</ele><time>2026-08-14T10:01:58.000Z</time></trkpt><trkpt lat="-8.075538854234555" lon="113.65974207337777"><ele>602.4</ele><time>2026-08-14T10:01:59.000Z</time></trkpt><trkpt lat="-8.075559537568155" lon="113.65975161004454"><ele>602.4</ele><time>2026-08-14T10:02:00.000Z</time></trkpt><trkpt lat="-8.075580000901436" lon="113.6597597933779"><ele>601.8</ele><time>2026-08-14T10:02:01.000Z</time></trkpt><trkpt lat="-8.075600724234977" lon="113.6597683433778"><ele>601.8</ele><time>2026-08-14T10:02:02.000Z</time></trkpt><trkpt lat="-8.075622297568449" lon="113.65977641671104"><ele>601.8</ele><time>2026-08-14T10:02:03.000Z</time></trkpt><trkpt lat="-8.075642210902004" lon="113.65978431004422"><ele>601.8</ele><time>2026-08-14T10:02:04.000Z</time></trkpt><trkpt lat="-8.075661257568807" lon="113.65979132671075"><ele>601.8</ele><time>2026-08-14T10:02:05.000Z</time></trkpt><trkpt lat="-8.075679614235877" lon="113.65980005004401"><ele>600.8</ele><time>2026-08-14T10:02:06.000Z</time></trkpt><trkpt lat="-8.075697964236218" lon="113.65980902337746"><ele>600.8</ele><time>2026-08-14T10:02:07.000Z</time></trkpt><trkpt lat="-8.075716070903333" lon="113.65981846004422"><ele>600.8</ele><time>2026-08-14T10:02:08.000Z</time></trkpt><trkpt lat="-8.075735854237186" lon="113.65983051004434"><ele>600.8</ele><time>2026-08-14T10:02:09.000Z</time></trkpt><trkpt lat="-8.07575570090453" lon="113.65984455004453"><ele>600.8</ele><time>2026-08-14T10:02:10.000Z</time></trkpt><trkpt lat="-8.075775874238346" lon="113.6598578667114"><ele>600.2</ele><time>2026-08-14T10:02:11.000Z</time></trkpt><trkpt lat="-8.075795714238748" lon="113.65987138337809"><ele>600.2</ele><time>2026-08-14T10:02:12.000Z</time></trkpt><trkpt lat="-8.075816267572431" lon="113.65988377004483"><ele>600.2</ele><time>2026-08-14T10:02:13.000Z</time></trkpt><trkpt lat="-8.075835760906177" lon="113.65989675004505"><ele>600.2</ele><time>2026-08-14T10:02:14.000Z</time></trkpt><trkpt lat="-8.075856230906401" lon="113.65990908337858"><ele>600.2</ele><time>2026-08-14T10:02:15.000Z</time></trkpt><trkpt lat="-8.075876857573455" lon="113.6599216600453"><ele>598.9</ele><time>2026-08-14T10:02:16.000Z</time></trkpt><trkpt lat="-8.075898170907095" lon="113.65993315671207"><ele>598.9</ele><time>2026-08-14T10:02:17.000Z</time></trkpt><trkpt lat="-8.075919354240819" lon="113.65994533004555"><ele>598.9</ele><time>2026-08-14T10:02:18.000Z</time></trkpt><trkpt lat="-8.075939607574302" lon="113.65995472004553"><ele>598.9</ele><time>2026-08-14T10:02:19.000Z</time></trkpt><trkpt lat="-8.075960220908112" lon="113.65996415337891"><ele>598.9</ele><time>2026-08-14T10:02:20.000Z</time></trkpt><trkpt lat="-8.075982264241857" lon="113.65997343671236"><ele>597.7</ele><time>2026-08-14T10:02:21.000Z</time></trkpt><trkpt lat="-8.076003214242231" lon="113.65998193004584"><ele>597.7</ele><time>2026-08-14T10:02:22.000Z</time></trkpt><trkpt lat="-8.076024747575762" lon="113.65998988671261"><ele>597.7</ele><time>2026-08-14T10:02:23.000Z</time></trkpt><trkpt lat="-8.076046600909464" lon="113.65999837337938"><ele>597.7</ele><time>2026-08-14T10:02:24.000Z</time></trkpt><trkpt lat="-8.076066940909557" lon="113.66000686671282"><ele>597.7</ele><time>2026-08-14T10:02:25.000Z</time></trkpt><trkpt lat="-8.07608599424309" lon="113.6600147967129"><ele>597.2</ele><time>2026-08-14T10:02:26.000Z</time></trkpt><trkpt lat="-8.076105190910212" lon="113.66002587337975"><ele>597.2</ele><time>2026-08-14T10:02:27.000Z</time></trkpt><trkpt lat="-8.076122764243994" lon="113.66003769671333"><ele>597.2</ele><time>2026-08-14T10:02:28.000Z</time></trkpt><trkpt lat="-8.076140267577554" lon="113.660049450047"><ele>597.2</ele><time>2026-08-14T10:02:29.000Z</time></trkpt><trkpt lat="-8.076158007577828" lon="113.66006043338066"><ele>597.2</ele><time>2026-08-14T10:02:30.000Z</time></trkpt><trkpt lat="-8.076174700911404" lon="113.66007151004774"><ele>596.3</ele><time>2026-08-14T10:02:31.000Z</time></trkpt><trkpt lat="-8.076191314244667" lon="113.66008039004805"><ele>596.3</ele><time>2026-08-14T10:02:32.000Z</time></trkpt><trkpt lat="-8.076209277577982" lon="113.6600889100483"><ele>596.3</ele><time>2026-08-14T10:02:33.000Z</time></trkpt><trkpt lat="-8.076228140911473" lon="113.66009646671515"><ele>596.3</ele><time>2026-08-14T10:02:34.000Z</time></trkpt><trkpt lat="-8.076247387578414" lon="113.66010241671525"><ele>596.3</ele><time>2026-08-14T10:02:35.000Z</time></trkpt><trkpt lat="-8.076267760911936" lon="113.66010742004866"><ele>595.2</ele><time>2026-08-14T10:02:36.000Z</time></trkpt><trkpt lat="-8.07628951091242" lon="113.66011103671539"><ele>595.2</ele><time>2026-08-14T10:02:37.000Z</time></trkpt><trkpt lat="-8.076311467579767" lon="113.66011405004883"><ele>595.2</ele><time>2026-08-14T10:02:38.000Z</time></trkpt><trkpt lat="-8.076333790913743" lon="113.66011669004892"><ele>595.2</ele><time>2026-08-14T10:02:39.000Z</time></trkpt><trkpt lat="-8.076356830914154" lon="113.66012143671567"><ele>595.2</ele><time>2026-08-14T10:02:40.000Z</time></trkpt><trkpt lat="-8.076380357581442" lon="113.66012719004907"><ele>594.6</ele><time>2026-08-14T10:02:41.000Z</time></trkpt><trkpt lat="-8.07640287758176" lon="113.66013503338255"><ele>594.6</ele><time>2026-08-14T10:02:42.000Z</time></trkpt><trkpt lat="-8.07642458424851" lon="113.66014388338256"><ele>594.6</ele><time>2026-08-14T10:02:43.000Z</time></trkpt><trkpt lat="-8.076444870915207" lon="113.66015451671589"><ele>594.6</ele><time>2026-08-14T10:02:44.000Z</time></trkpt><trkpt lat="-8.076464427582012" lon="113.66016435671595"><ele>594.6</ele><time>2026-08-14T10:02:45.000Z</time></trkpt><trkpt lat="-8.076484237581921" lon="113.66017440671612"><ele>593.4</ele><time>2026-08-14T10:02:46.000Z</time></trkpt><trkpt lat="-8.076504954248735" lon="113.66018502004968"><ele>593.4</ele><time>2026-08-14T10:02:47.000Z</time></trkpt><trkpt lat="-8.076525564248968" lon="113.66019647004995"><ele>593.4</ele><time>2026-08-14T10:02:48.000Z</time></trkpt><trkpt lat="-8.076547584249164" lon="113.66020890338373"><ele>593.4</ele><time>2026-08-14T10:02:49.000Z</time></trkpt><trkpt lat="-8.07657075758264" lon="113.66022070005081"><ele>593.4</ele><time>2026-08-14T10:02:50.000Z</time></trkpt><trkpt lat="-8.076593660916192" lon="113.66023184005114"><ele>592.3</ele><time>2026-08-14T10:02:51.000Z</time></trkpt><trkpt lat="-8.076616314249573" lon="113.66023987338467"><ele>592.3</ele><time>2026-08-14T10:02:52.000Z</time></trkpt><trkpt lat="-8.076639867582921" lon="113.66024748005148"><ele>592.3</ele><time>2026-08-14T10:02:53.000Z</time></trkpt><trkpt lat="-8.076663134249522" lon="113.66025196338482"><ele>592.3</ele><time>2026-08-14T10:02:54.000Z</time></trkpt><trkpt lat="-8.076686584249435" lon="113.66025752005154"><ele>592.3</ele><time>2026-08-14T10:02:55.000Z</time></trkpt><trkpt lat="-8.076710067582562" lon="113.66026265671819"><ele>591.8</ele><time>2026-08-14T10:02:56.000Z</time></trkpt><trkpt lat="-8.0767328209158" lon="113.66027002338492"><ele>591.8</ele><time>2026-08-14T10:02:57.000Z</time></trkpt><trkpt lat="-8.076755117582433" lon="113.66027899005162"><ele>591.8</ele><time>2026-08-14T10:02:58.000Z</time></trkpt><trkpt lat="-8.076777830915727" lon="113.66028864338496"><ele>591.8</ele><time>2026-08-14T10:02:59.000Z</time></trkpt><trkpt lat="-8.076800200915944" lon="113.66029815005155"><ele>591.8</ele><time>2026-08-14T10:03:00.000Z</time></trkpt><trkpt lat="-8.076821110916162" lon="113.66030841671821"><ele>590.8</ele><time>2026-08-14T10:03:01.000Z</time></trkpt><trkpt lat="-8.076841117583054" lon="113.66031781671818"><ele>590.8</ele><time>2026-08-14T10:03:02.000Z</time></trkpt><trkpt lat="-8.076862150916678" lon="113.66032427338496"><ele>590.8</ele><time>2026-08-14T10:03:03.000Z</time></trkpt><trkpt lat="-8.076882354250342" lon="113.66033256005184"><ele>590.8</ele><time>2026-08-14T10:03:04.000Z</time></trkpt><trkpt lat="-8.076902964250575" lon="113.66034103338555"><ele>590.8</ele><time>2026-08-14T10:03:05.000Z</time></trkpt><trkpt lat="-8.076924040917717" lon="113.66034844005253"><ele>589.9</ele><time>2026-08-14T10:03:06.000Z</time></trkpt><trkpt lat="-8.076945987584974" lon="113.66035467338614"><ele>589.9</ele><time>2026-08-14T10:03:07.000Z</time></trkpt><trkpt lat="-8.076967030918688" lon="113.66036134005303"><ele>589.9</ele><time>2026-08-14T10:03:08.000Z</time></trkpt><trkpt lat="-8.07698779758575" lon="113.66036685671993"><ele>589.9</ele><time>2026-08-14T10:03:09.000Z</time></trkpt><trkpt lat="-8.07700850758605" lon="113.6603727400533"><ele>589.9</ele><time>2026-08-14T10:03:10.000Z</time></trkpt><trkpt lat="-8.077030160919405" lon="113.66038080672001"><ele>589.5</ele><time>2026-08-14T10:03:11.000Z</time></trkpt><trkpt lat="-8.07705156425259" lon="113.66038928338673"><ele>589.5</ele><time>2026-08-14T10:03:12.000Z</time></trkpt><trkpt lat="-8.077073777585978" lon="113.66039782672013"><ele>589.5</ele><time>2026-08-14T10:03:13.000Z</time></trkpt><trkpt lat="-8.077096134252738" lon="113.66040572338679"><ele>589.5</ele><time>2026-08-14T10:03:14.000Z</time></trkpt><trkpt lat="-8.07711805425308" lon="113.66041260338689"><ele>589.5</ele><time>2026-08-14T10:03:15.000Z</time></trkpt><trkpt lat="-8.077139577586946" lon="113.66041720005364"><ele>588.5</ele><time>2026-08-14T10:03:16.000Z</time></trkpt><trkpt lat="-8.077161100920813" lon="113.66042240005375"><ele>588.5</ele><time>2026-08-14T10:03:17.000Z</time></trkpt><trkpt lat="-8.077181424254729" lon="113.66042827672052"><ele>588.5</ele><time>2026-08-14T10:03:18.000Z</time></trkpt><trkpt lat="-8.077202030922026" lon="113.66043523338733"><ele>588.5</ele><time>2026-08-14T10:03:19.000Z</time></trkpt><trkpt lat="-8.077222120922594" lon="113.66044098672076"><ele>588.5</ele><time>2026-08-14T10:03:20.000Z</time></trkpt><trkpt lat="-8.077242187589613" lon="113.66044721672081"><ele>587.5</ele><time>2026-08-14T10:03:21.000Z</time></trkpt><trkpt lat="-8.07726277092336" lon="113.6604533033875"><ele>587.5</ele><time>2026-08-14T10:03:22.000Z</time></trkpt><trkpt lat="-8.077284377590473" lon="113.66045869005413"><ele>587.5</ele><time>2026-08-14T10:03:23.000Z</time></trkpt><trkpt lat="-8.077306310924271" lon="113.66046515338749"><ele>587.5</ele><time>2026-08-14T10:03:24.000Z</time></trkpt><trkpt lat="-8.077329384257894" lon="113.66047425005415"><ele>587.5</ele><time>2026-08-14T10:03:25.000Z</time></trkpt><trkpt lat="-8.077351924258396" lon="113.66048375005421"><ele>586.9</ele><time>2026-08-14T10:03:26.000Z</time></trkpt><trkpt lat="-8.07737474759228" lon="113.66049372338757"><ele>586.9</ele><time>2026-08-14T10:03:27.000Z</time></trkpt><trkpt lat="-8.077397317592633" lon="113.66050356005437"><ele>586.9</ele><time>2026-08-14T10:03:28.000Z</time></trkpt><trkpt lat="-8.077419197593034" lon="113.66051259338778"><ele>586.9</ele><time>2026-08-14T10:03:29.000Z</time></trkpt><trkpt lat="-8.07743963759341" lon="113.66052041005453"><ele>586.9</ele><time>2026-08-14T10:03:30.000Z</time></trkpt><trkpt lat="-8.07746060759354" lon="113.66052817672126"><ele>585.9</ele><time>2026-08-14T10:03:31.000Z</time></trkpt><trkpt lat="-8.07748161426025" lon="113.66053595338808"><ele>585.9</ele><time>2026-08-14T10:03:32.000Z</time></trkpt><trkpt lat="-8.077501874260246" lon="113.66054346338817"><ele>585.9</ele><time>2026-08-14T10:03:33.000Z</time></trkpt><trkpt lat="-8.077520534260026" lon="113.66055079672162"><ele>585.9</ele><time>2026-08-14T10:03:34.000Z</time></trkpt><trkpt lat="-8.077537537593253" lon="113.66055992005522"><ele>585.9</ele><time>2026-08-14T10:03:35.000Z</time></trkpt><trkpt lat="-8.077554787593282" lon="113.66057067005559"><ele>584.9</ele><time>2026-08-14T10:03:36.000Z</time></trkpt><trkpt lat="-8.077572124259925" lon="113.66058233338921"><ele>584.9</ele><time>2026-08-14T10:03:37.000Z</time></trkpt><trkpt lat="-8.077590590926727" lon="113.66059511338945"><ele>584.9</ele><time>2026-08-14T10:03:38.000Z</time></trkpt><trkpt lat="-8.077611274260114" lon="113.6606077233896"><ele>584.9</ele><time>2026-08-14T10:03:39.000Z</time></trkpt><trkpt lat="-8.077635177593269" lon="113.66061954672298"><ele>584.9</ele><time>2026-08-14T10:03:40.000Z</time></trkpt><trkpt lat="-8.077660047593024" lon="113.66063052338959"><ele>584.4</ele><time>2026-08-14T10:03:41.000Z</time></trkpt><trkpt lat="-8.077684660926312" lon="113.66064100338944"><ele>584.4</ele><time>2026-08-14T10:03:42.000Z</time></trkpt><trkpt lat="-8.077707480926188" lon="113.660651140056"><ele>584.4</ele><time>2026-08-14T10:03:43.000Z</time></trkpt><trkpt lat="-8.07773087092619" lon="113.66066143005597"><ele>584.4</ele><time>2026-08-14T10:03:44.000Z</time></trkpt><trkpt lat="-8.077753417593206" lon="113.66067079338931"><ele>584.4</ele><time>2026-08-14T10:03:45.000Z</time></trkpt><trkpt lat="-8.07777437092716" lon="113.66068016672276"><ele>583.3</ele><time>2026-08-14T10:03:46.000Z</time></trkpt><trkpt lat="-8.077794864261147" lon="113.66068832005627"><ele>583.3</ele><time>2026-08-14T10:03:47.000Z</time></trkpt><trkpt lat="-8.077816444261774" lon="113.66069583005648"><ele>583.3</ele><time>2026-08-14T10:03:48.000Z</time></trkpt><trkpt lat="-8.077837530929223" lon="113.66070183672332"><ele>583.3</ele><time>2026-08-14T10:03:49.000Z</time></trkpt><trkpt lat="-8.077858184263189" lon="113.6607081833901"><ele>583.3</ele><time>2026-08-14T10:03:50.000Z</time></trkpt><trkpt lat="-8.077879220930175" lon="113.66071408339015"><ele>582.2</ele><time>2026-08-14T10:03:51.000Z</time></trkpt><trkpt lat="-8.077901294263555" lon="113.66072077672348"><ele>582.2</ele><time>2026-08-14T10:03:52.000Z</time></trkpt><trkpt lat="-8.077922090930253" lon="113.66072646339015"><ele>582.2</ele><time>2026-08-14T10:03:53.000Z</time></trkpt><trkpt lat="-8.07794219093027" lon="113.66073192339016"><ele>582.2</ele><time>2026-08-14T10:03:54.000Z</time></trkpt><trkpt lat="-8.07796233759696" lon="113.66073656005685"><ele>582.2</ele><time>2026-08-14T10:03:55.000Z</time></trkpt><trkpt lat="-8.07798313759702" lon="113.6607418100569"><ele>581.7</ele><time>2026-08-14T10:03:56.000Z</time></trkpt><trkpt lat="-8.078003927597416" lon="113.66074701005698"><ele>581.7</ele><time>2026-08-14T10:03:57.000Z</time></trkpt><trkpt lat="-8.078026224264478" lon="113.66075451005699"><ele>581.7</ele><time>2026-08-14T10:03:58.000Z</time></trkpt><trkpt lat="-8.078048024264783" lon="113.66076357005707"><ele>581.7</ele><time>2026-08-14T10:03:59.000Z</time></trkpt><trkpt lat="-8.078069244264869" lon="113.66077355005709"><ele>581.7</ele><time>2026-08-14T10:04:00.000Z</time></trkpt><trkpt lat="-8.07808985759825" lon="113.66078201672379"><ele>580.6</ele><time>2026-08-14T10:04:01.000Z</time></trkpt><trkpt lat="-8.07811046093154" lon="113.66078988672385"><ele>580.6</ele><time>2026-08-14T10:04:02.000Z</time></trkpt><trkpt lat="-8.078130280931543" lon="113.6607962633907"><ele>580.6</ele><time>2026-08-14T10:04:03.000Z</time></trkpt><trkpt lat="-8.078150250931431" lon="113.66080202339083"><ele>580.6</ele><time>2026-08-14T10:04:04.000Z</time></trkpt><trkpt lat="-8.078170287598173" lon="113.6608078033909"><ele>580.6</ele><time>2026-08-14T10:04:05.000Z</time></trkpt><trkpt lat="-8.078189344265072" lon="113.66081484672426"><ele>579.8</ele><time>2026-08-14T10:04:06.000Z</time></trkpt><trkpt lat="-8.078207254264989" lon="113.66082306672429"><ele>579.8</ele><time>2026-08-14T10:04:07.000Z</time></trkpt><trkpt lat="-8.078225354264948" lon="113.66083347672425"><ele>579.8</ele><time>2026-08-14T10:04:08.000Z</time></trkpt><trkpt lat="-8.078243470931728" lon="113.66084541339094"><ele>579.8</ele><time>2026-08-14T10:04:09.000Z</time></trkpt><trkpt lat="-8.078260990931899" lon="113.66085844005764"><ele>579.8</ele><time>2026-08-14T10:04:10.000Z</time></trkpt><trkpt lat="-8.078279147598831" lon="113.66086996339102"><ele>579.4</ele><time>2026-08-14T10:04:11.000Z</time></trkpt><trkpt lat="-8.078298004265807" lon="113.66088149672439"><ele>579.4</ele><time>2026-08-14T10:04:12.000Z</time></trkpt><trkpt lat="-8.078316987599337" lon="113.66089195339114"><ele>579.4</ele><time>2026-08-14T10:04:13.000Z</time></trkpt><trkpt lat="-8.078335534266234" lon="113.66090018005775"><ele>579.4</ele><time>2026-08-14T10:04:14.000Z</time></trkpt><trkpt lat="-8.078354030933097" lon="113.66090582672443"><ele>579.4</ele><time>2026-08-14T10:04:15.000Z</time></trkpt><trkpt lat="-8.078371420933136" lon="113.66091166005779"><ele>578.5</ele><time>2026-08-14T10:04:16.000Z</time></trkpt><trkpt lat="-8.078388914266606" lon="113.66091645672445"><ele>578.5</ele><time>2026-08-14T10:04:17.000Z</time></trkpt><trkpt lat="-8.078405917600046" lon="113.66092067672449"><ele>578.5</ele><time>2026-08-14T10:04:18.000Z</time></trkpt><trkpt lat="-8.078424177599983" lon="113.66092609672451"><ele>578.5</ele><time>2026-08-14T10:04:19.000Z</time></trkpt><trkpt lat="-8.078444144266507" lon="113.66093342672457"><ele>578.5</ele><time>2026-08-14T10:04:20.000Z</time></trkpt><trkpt lat="-8.078465400933169" lon="113.66094106672465"><ele>577.5</ele><time>2026-08-14T10:04:21.000Z</time></trkpt><trkpt lat="-8.078485307599781" lon="113.66095042005804"><ele>577.5</ele><time>2026-08-14T10:04:22.000Z</time></trkpt><trkpt lat="-8.078506654266633" lon="113.66096184339146"><ele>577.5</ele><time>2026-08-14T10:04:23.000Z</time></trkpt><trkpt lat="-8.078527770933501" lon="113.66097366005829"><ele>577.5</ele><time>2026-08-14T10:04:24.000Z</time></trkpt><trkpt lat="-8.078548527600471" lon="113.66098538005834"><ele>577.5</ele><time>2026-08-14T10:04:25.000Z</time></trkpt><trkpt lat="-8.078569094267399" lon="113.66099747339172"><ele>577.1</ele><time>2026-08-14T10:04:26.000Z</time></trkpt><trkpt lat="-8.078589994267741" lon="113.66100885005862"><ele>577.1</ele><time>2026-08-14T10:04:27.000Z</time></trkpt><trkpt lat="-8.078610657601372" lon="113.66101713672542"><ele>577.1</ele><time>2026-08-14T10:04:28.000Z</time></trkpt><trkpt lat="-8.078631207601907" lon="113.66102420005886"><ele>577.1</ele><time>2026-08-14T10:04:29.000Z</time></trkpt><trkpt lat="-8.078650534269158" lon="113.66103002005903"><ele>577.1</ele><time>2026-08-14T10:04:30.000Z</time></trkpt><trkpt lat="-8.078670357602954" lon="113.6610369533926"><ele>576.1</ele><time>2026-08-14T10:04:31.000Z</time></trkpt><trkpt lat="-8.07869077760336" lon="113.66104366339273"><ele>576.1</ele><time>2026-08-14T10:04:32.000Z</time></trkpt><trkpt lat="-8.078710244270189" lon="113.6610515967262"><ele>576.1</ele><time>2026-08-14T10:04:33.000Z</time></trkpt><trkpt lat="-8.078729264270082" lon="113.66106111339298"><ele>576.1</ele><time>2026-08-14T10:04:34.000Z</time></trkpt><trkpt lat="-8.078748420936618" lon="113.66107237005967"><ele>576.1</ele><time>2026-08-14T10:04:35.000Z</time></trkpt><trkpt lat="-8.078767390936477" lon="113.66108247339294"><ele>575.2</ele><time>2026-08-14T10:04:36.000Z</time></trkpt><trkpt lat="-8.07878648093659" lon="113.66109247005954"><ele>575.2</ele><time>2026-08-14T10:04:37.000Z</time></trkpt><trkpt lat="-8.07880654427003" lon="113.66110094339282"><ele>575.2</ele><time>2026-08-14T10:04:38.000Z</time></trkpt><trkpt lat="-8.078827394270125" lon="113.6611079300595"><ele>575.2</ele><time>2026-08-14T10:04:39.000Z</time></trkpt><trkpt lat="-8.07884945760341" lon="113.66111508672623"><ele>575.2</ele><time>2026-08-14T10:04:40.000Z</time></trkpt><trkpt lat="-8.078870824270018" lon="113.66112233672632"><ele>574.7</ele><time>2026-08-14T10:04:41.000Z</time></trkpt><trkpt lat="-8.078892897602968" lon="113.66112931005975"><ele>574.7</ele><time>2026-08-14T10:04:42.000Z</time></trkpt><trkpt lat="-8.078914734269208" lon="113.66113660672654"><ele>574.7</ele><time>2026-08-14T10:04:43.000Z</time></trkpt><trkpt lat="-8.078937264268761" lon="113.66114545672664"><ele>574.7</ele><time>2026-08-14T10:04:44.000Z</time></trkpt><trkpt lat="-8.078957650935097" lon="113.66115318339351"><ele>574.7</ele><time>2026-08-14T10:04:45.000Z</time></trkpt><trkpt lat="-8.078979374268027" lon="113.6611614000603"><ele>573.9</ele><time>2026-08-14T10:04:46.000Z</time></trkpt><trkpt lat="-8.079002227601116" lon="113.66117007339376"><ele>573.9</ele><time>2026-08-14T10:04:47.000Z</time></trkpt><trkpt lat="-8.079023984267687" lon="113.66117796339388"><ele>573.9</ele><time>2026-08-14T10:04:48.000Z</time></trkpt><trkpt lat="-8.079044924267755" lon="113.6611831267273"><ele>573.9</ele><time>2026-08-14T10:04:49.000Z</time></trkpt><trkpt lat="-8.079068140934323" lon="113.66118715672735"><ele>573.9</ele><time>2026-08-14T10:04:50.000Z</time></trkpt><trkpt lat="-8.079090807600949" lon="113.66119014006078"><ele>573.2</ele><time>2026-08-14T10:04:51.000Z</time></trkpt><trkpt lat="-8.079111980934151" lon="113.66119283006083"><ele>573.2</ele><time>2026-08-14T10:04:52.000Z</time></trkpt><trkpt lat="-8.079134067600558" lon="113.6611974800609"><ele>573.2</ele><time>2026-08-14T10:04:53.000Z</time></trkpt><trkpt lat="-8.07915563093351" lon="113.66120368339425"><ele>573.2</ele><time>2026-08-14T10:04:54.000Z</time></trkpt><trkpt lat="-8.079176054266636" lon="113.66121049339424"><ele>573.2</ele><time>2026-08-14T10:04:55.000Z</time></trkpt><trkpt lat="-8.079197374266576" lon="113.66121870672752"><ele>572.8</ele><time>2026-08-14T10:04:56.000Z</time></trkpt><trkpt lat="-8.079217800933067" lon="113.66122743006088"><ele>572.8</ele><time>2026-08-14T10:04:57.000Z</time></trkpt><trkpt lat="-8.079237577599764" lon="113.66123598006084"><ele>572.8</ele><time>2026-08-14T10:04:58.000Z</time></trkpt><trkpt lat="-8.079257770933122" lon="113.66124219339417"><ele>572.8</ele><time>2026-08-14T10:04:59.000Z</time></trkpt><trkpt lat="-8.079277754266466" lon="113.6612477667275"><ele>572.8</ele><time>2026-08-14T10:05:00.000Z</time></trkpt><trkpt lat="-8.07929600093316" lon="113.6612516033942"><ele>572.0</ele><time>2026-08-14T10:05:01.000Z</time></trkpt><trkpt lat="-8.079314597600092" lon="113.66125377672752"><ele>572.0</ele><time>2026-08-14T10:05:02.000Z</time></trkpt><trkpt lat="-8.079334580933866" lon="113.66125452339415"><ele>572.0</ele><time>2026-08-14T10:05:03.000Z</time></trkpt><trkpt lat="-8.079353664267675" lon="113.66125655339415"><ele>572.0</ele><time>2026-08-14T10:05:04.000Z</time></trkpt><trkpt lat="-8.079372810934762" lon="113.66125980006095"><ele>572.0</ele><time>2026-08-14T10:05:05.000Z</time></trkpt><trkpt lat="-8.079392954268515" lon="113.6612622233944"><ele>571.3</ele><time>2026-08-14T10:05:06.000Z</time></trkpt><trkpt lat="-8.079412820935614" lon="113.66126437006116"><ele>571.3</ele><time>2026-08-14T10:05:07.000Z</time></trkpt><trkpt lat="-8.079431644269164" lon="113.66126595006126"><ele>571.3</ele><time>2026-08-14T10:05:08.000Z</time></trkpt><trkpt lat="-8.079450710935939" lon="113.6612667433947"><ele>571.3</ele><time>2026-08-14T10:05:09.000Z</time></trkpt><trkpt lat="-8.079469784269444" lon="113.66126598672807"><ele>571.3</ele><time>2026-08-14T10:05:10.000Z</time></trkpt><trkpt lat="-8.079488844269491" lon="113.66126536672807"><ele>570.9</ele><time>2026-08-14T10:05:11.000Z</time></trkpt><trkpt lat="-8.079507597602822" lon="113.66126366672805"><ele>570.9</ele><time>2026-08-14T10:05:12.000Z</time></trkpt><trkpt lat="-8.079526240935994" lon="113.66126266006135"><ele>570.9</ele><time>2026-08-14T10:05:13.000Z</time></trkpt><trkpt lat="-8.079544720936038" lon="113.66126159672801"><ele>570.9</ele><time>2026-08-14T10:05:14.000Z</time></trkpt><trkpt lat="-8.079564170936047" lon="113.66126133339462"><ele>570.9</ele><time>2026-08-14T10:05:15.000Z</time></trkpt><trkpt lat="-8.079583447602834" lon="113.66126104672792"><ele>570.3</ele><time>2026-08-14T10:05:16.000Z</time></trkpt><trkpt lat="-8.07960247426967" lon="113.6612608267279"><ele>570.3</ele><time>2026-08-14T10:05:17.000Z</time></trkpt><trkpt lat="-8.079620577603423" lon="113.66125764672779"><ele>570.3</ele><time>2026-08-14T10:05:18.000Z</time></trkpt><trkpt lat="-8.079639564270531" lon="113.66125261339441"><ele>570.3</ele><time>2026-08-14T10:05:19.000Z</time></trkpt><trkpt lat="-8.079658207604131" lon="113.66124528339442"><ele>570.3</ele><time>2026-08-14T10:05:20.000Z</time></trkpt><trkpt lat="-8.079677450937707" lon="113.66123692006101"><ele>569.7</ele><time>2026-08-14T10:05:21.000Z</time></trkpt><trkpt lat="-8.079698757604403" lon="113.66122897339426"><ele>569.7</ele><time>2026-08-14T10:05:22.000Z</time></trkpt><trkpt lat="-8.079721224270894" lon="113.66122195006093"><ele>569.7</ele><time>2026-08-14T10:05:23.000Z</time></trkpt><trkpt lat="-8.079743614270868" lon="113.66121620672747"><ele>569.7</ele><time>2026-08-14T10:05:24.000Z</time></trkpt><trkpt lat="-8.07976580093777" lon="113.66121058339402"><ele>569.7</ele><time>2026-08-14T10:05:25.000Z</time></trkpt><trkpt lat="-8.079787337604664" lon="113.66120421006057"><ele>569.3</ele><time>2026-08-14T10:05:26.000Z</time></trkpt><trkpt lat="-8.079809047605208" lon="113.66119737672719"><ele>569.3</ele><time>2026-08-14T10:05:27.000Z</time></trkpt><trkpt lat="-8.079830377605667" lon="113.66119134339374"><ele>569.3</ele><time>2026-08-14T10:05:28.000Z</time></trkpt><trkpt lat="-8.079851374272712" lon="113.66118589672699"><ele>569.3</ele><time>2026-08-14T10:05:29.000Z</time></trkpt><trkpt lat="-8.079873300939783" lon="113.66118039339354"><ele>569.3</ele><time>2026-08-14T10:05:30.000Z</time></trkpt><trkpt lat="-8.079895694273548" lon="113.66117493339338"><ele>568.2</ele><time>2026-08-14T10:05:31.000Z</time></trkpt><trkpt lat="-8.079916864273816" lon="113.66116931005995"><ele>568.2</ele><time>2026-08-14T10:05:32.000Z</time></trkpt><trkpt lat="-8.079937790940857" lon="113.66116235339307"><ele>568.2</ele><time>2026-08-14T10:05:33.000Z</time></trkpt><trkpt lat="-8.079958484274549" lon="113.66115482672619"><ele>568.2</ele><time>2026-08-14T10:05:34.000Z</time></trkpt><trkpt lat="-8.07997661094142" lon="113.66114649005935"><ele>568.2</ele><time>2026-08-14T10:05:35.000Z</time></trkpt><trkpt lat="-8.079994144275046" lon="113.6611390033926"><ele>566.7</ele><time>2026-08-14T10:05:36.000Z</time></trkpt><trkpt lat="-8.080011020941935" lon="113.6611313167258"><ele>566.7</ele><time>2026-08-14T10:05:37.000Z</time></trkpt><trkpt lat="-8.080028474275464" lon="113.66112478005911"><ele>566.7</ele><time>2026-08-14T10:05:38.000Z</time></trkpt><trkpt lat="-8.080047050942426" lon="113.66111789672577"><ele>566.7</ele><time>2026-08-14T10:05:39.000Z</time></trkpt><trkpt lat="-8.080068244276243" lon="113.66111211672573"><ele>566.7</ele><time>2026-08-14T10:05:40.000Z</time></trkpt><trkpt lat="-8.080089420943237" lon="113.66110597672574"><ele>565.8</ele><time>2026-08-14T10:05:41.000Z</time></trkpt><trkpt lat="-8.080112780943605" lon="113.66109992672573"><ele>565.8</ele><time>2026-08-14T10:05:42.000Z</time></trkpt><trkpt lat="-8.080135984277572" lon="113.66109698672578"><ele>565.8</ele><time>2026-08-14T10:05:43.000Z</time></trkpt><trkpt lat="-8.080158617611412" lon="113.66109499005915"><ele>565.8</ele><time>2026-08-14T10:05:44.000Z</time></trkpt><trkpt lat="-8.080181600945059" lon="113.66109429005921"><ele>565.8</ele><time>2026-08-14T10:05:45.000Z</time></trkpt><trkpt lat="-8.08020461094562" lon="113.66109497339258"><ele>564.2</ele><time>2026-08-14T10:05:46.000Z</time></trkpt><trkpt lat="-8.080225794279343" lon="113.66109689672594"><ele>564.2</ele><time>2026-08-14T10:05:47.000Z</time></trkpt><trkpt lat="-8.080246067612798" lon="113.66109695672591"><ele>564.2</ele><time>2026-08-14T10:05:48.000Z</time></trkpt><trkpt lat="-8.080267140946361" lon="113.66109792005928"><ele>564.2</ele><time>2026-08-14T10:05:49.000Z</time></trkpt><trkpt lat="-8.080286390946664" lon="113.66110045005932"><ele>564.2</ele><time>2026-08-14T10:05:50.000Z</time></trkpt><trkpt lat="-8.080306487613319" lon="113.66110424005942"><ele>562.9</ele><time>2026-08-14T10:05:51.000Z</time></trkpt><trkpt lat="-8.080326937613572" lon="113.66110781005952"><ele>562.9</ele><time>2026-08-14T10:05:52.000Z</time></trkpt><trkpt lat="-8.080348374280613" lon="113.66111029005961"><ele>562.9</ele><time>2026-08-14T10:05:53.000Z</time></trkpt><trkpt lat="-8.08036925094762" lon="113.66111281339299"><ele>562.9</ele><time>2026-08-14T10:05:54.000Z</time></trkpt><trkpt lat="-8.080391320948062" lon="113.66111365339302"><ele>562.9</ele><time>2026-08-14T10:05:55.000Z</time></trkpt><trkpt lat="-8.080413634281943" lon="113.66111509672642"><ele>562.4</ele><time>2026-08-14T10:05:56.000Z</time></trkpt><trkpt lat="-8.080435257615662" lon="113.66111704672649"><ele>562.4</ele><time>2026-08-14T10:05:57.000Z</time></trkpt><trkpt lat="-8.080456774282585" lon="113.66111967339324"><ele>562.4</ele><time>2026-08-14T10:05:58.000Z</time></trkpt><trkpt lat="-8.080477830949544" lon="113.66112138006"><ele>562.4</ele><time>2026-08-14T10:05:59.000Z</time></trkpt><trkpt lat="-8.080498330949831" lon="113.66112318672671"><ele>562.4</ele><time>2026-08-14T10:06:00.000Z</time></trkpt><trkpt lat="-8.080519124283594" lon="113.66112282339336"><ele>561.5</ele><time>2026-08-14T10:06:01.000Z</time></trkpt><trkpt lat="-8.080540134284096" lon="113.66112200339333"><ele>561.5</ele><time>2026-08-14T10:06:02.000Z</time></trkpt><trkpt lat="-8.080562140951477" lon="113.66112135672662"><ele>561.5</ele><time>2026-08-14T10:06:03.000Z</time></trkpt><trkpt lat="-8.080583420952118" lon="113.66112222339333"><ele>561.5</ele><time>2026-08-14T10:06:04.000Z</time></trkpt><trkpt lat="-8.080606460952742" lon="113.6611216567267"><ele>561.5</ele><time>2026-08-14T10:06:05.000Z</time></trkpt><trkpt lat="-8.080627797619716" lon="113.66112198006007"><ele>560.7</ele><time>2026-08-14T10:06:06.000Z</time></trkpt><trkpt lat="-8.080650734286909" lon="113.66112246672678"><ele>560.7</ele><time>2026-08-14T10:06:07.000Z</time></trkpt><trkpt lat="-8.080673297620745" lon="113.66112225006013"><ele>560.7</ele><time>2026-08-14T10:06:08.000Z</time></trkpt><trkpt lat="-8.080696047621045" lon="113.66112217672682"><ele>560.7</ele><time>2026-08-14T10:06:09.000Z</time></trkpt><trkpt lat="-8.080718434288082" lon="113.66112275339351"><ele>560.7</ele><time>2026-08-14T10:06:10.000Z</time></trkpt><trkpt lat="-8.080742164288441" lon="113.66112394339355"><ele>560.2</ele><time>2026-08-14T10:06:11.000Z</time></trkpt><trkpt lat="-8.080764680955394" lon="113.66112490006026"><ele>560.2</ele><time>2026-08-14T10:06:12.000Z</time></trkpt><trkpt lat="-8.080788820955686" lon="113.66112731339365"><ele>560.2</ele><time>2026-08-14T10:06:13.000Z</time></trkpt><trkpt lat="-8.080814140956173" lon="113.66112914672699"><ele>560.2</ele><time>2026-08-14T10:06:14.000Z</time></trkpt><trkpt lat="-8.080839104289696" lon="113.66113120339367"><ele>560.2</ele><time>2026-08-14T10:06:15.000Z</time></trkpt><trkpt lat="-8.080865314290266" lon="113.66113121339363"><ele>559.3</ele><time>2026-08-14T10:06:16.000Z</time></trkpt><trkpt lat="-8.08089265762393" lon="113.66113200006028"><ele>559.3</ele><time>2026-08-14T10:06:17.000Z</time></trkpt><trkpt lat="-8.080919120957605" lon="113.6611335033936"><ele>559.3</ele><time>2026-08-14T10:06:18.000Z</time></trkpt><trkpt lat="-8.080944850958023" lon="113.66113605339356"><ele>559.3</ele><time>2026-08-14T10:06:19.000Z</time></trkpt><trkpt lat="-8.080969060958532" lon="113.6611377800602"><ele>559.3</ele><time>2026-08-14T10:06:20.000Z</time></trkpt><trkpt lat="-8.08099088429217" lon="113.66113915339353"><ele>558.3</ele><time>2026-08-14T10:06:21.000Z</time></trkpt><trkpt lat="-8.08101303762586" lon="113.66113837672683"><ele>558.3</ele><time>2026-08-14T10:06:22.000Z</time></trkpt><trkpt lat="-8.081034450959567" lon="113.66113618339345"><ele>558.3</ele><time>2026-08-14T10:06:23.000Z</time></trkpt><trkpt lat="-8.081055744293021" lon="113.66113235672678"><ele>558.3</ele><time>2026-08-14T10:06:24.000Z</time></trkpt><trkpt lat="-8.081078150959815" lon="113.6611307233934"><ele>558.3</ele><time>2026-08-14T10:06:25.000Z</time></trkpt><trkpt lat="-8.081100597626548" lon="113.66113076672669"><ele>557.8</ele><time>2026-08-14T10:06:26.000Z</time></trkpt><trkpt lat="-8.081120937626642" lon="113.66113295672668"><ele>557.8</ele><time>2026-08-14T10:06:27.000Z</time></trkpt><trkpt lat="-8.081140834293162" lon="113.66113603005999"><ele>557.8</ele><time>2026-08-14T10:06:28.000Z</time></trkpt><trkpt lat="-8.081160670959557" lon="113.66114032005996"><ele>557.8</ele><time>2026-08-14T10:06:29.000Z</time></trkpt><trkpt lat="-8.081179690959448" lon="113.66114408672668"><ele>557.8</ele><time>2026-08-14T10:06:30.000Z</time></trkpt><trkpt lat="-8.081198080959517" lon="113.66114743006003"><ele>556.8</ele><time>2026-08-14T10:06:31.000Z</time></trkpt><trkpt lat="-8.081216277626392" lon="113.66115133339335"><ele>556.8</ele><time>2026-08-14T10:06:32.000Z</time></trkpt><trkpt lat="-8.081236154293371" lon="113.66115500339336"><ele>556.8</ele><time>2026-08-14T10:06:33.000Z</time></trkpt><trkpt lat="-8.081256484294016" lon="113.66115897339341"><ele>556.8</ele><time>2026-08-14T10:06:34.000Z</time></trkpt><trkpt lat="-8.081274507627779" lon="113.66116421006004"><ele>556.8</ele><time>2026-08-14T10:06:35.000Z</time></trkpt><trkpt lat="-8.08129080429477" lon="113.66117164005993"><ele>555.9</ele><time>2026-08-14T10:06:36.000Z</time></trkpt><trkpt lat="-8.08130660096164" lon="113.66118094339315"><ele>555.9</ele><time>2026-08-14T10:06:37.000Z</time></trkpt><trkpt lat="-8.081317930961802" lon="113.66119228005978"><ele>555.9</ele><time>2026-08-14T10:06:38.000Z</time></trkpt><trkpt lat="-8.081325424295136" lon="113.6612045233931"><ele>555.9</ele><time>2026-08-14T10:06:39.000Z</time></trkpt><trkpt lat="-8.081331040961812" lon="113.66121749672648"><ele>555.9</ele><time>2026-08-14T10:06:40.000Z</time></trkpt><trkpt lat="-8.081335344295123" lon="113.66122993339329"><ele>555.5</ele><time>2026-08-14T10:06:41.000Z</time></trkpt><trkpt lat="-8.081337474295097" lon="113.66124061006016"><ele>555.5</ele><time>2026-08-14T10:06:42.000Z</time></trkpt><trkpt lat="-8.081339220961784" lon="113.66125051339365"><ele>555.5</ele><time>2026-08-14T10:06:43.000Z</time></trkpt><trkpt lat="-8.081340750961811" lon="113.6612592933938"><ele>555.5</ele><time>2026-08-14T10:06:44.000Z</time></trkpt><trkpt lat="-8.081343010961834" lon="113.66126745006065"><ele>555.5</ele><time>2026-08-14T10:06:45.000Z</time></trkpt><trkpt lat="-8.081345534295215" lon="113.6612743400608"><ele>555.2</ele><time>2026-08-14T10:06:46.000Z</time></trkpt><trkpt lat="-8.08134677762855" lon="113.66128160672761"><ele>555.2</ele><time>2026-08-14T10:06:47.000Z</time></trkpt><trkpt lat="-8.081347780961863" lon="113.66128818672766"><ele>555.2</ele><time>2026-08-14T10:06:48.000Z</time></trkpt><trkpt lat="-8.081348624295169" lon="113.66129467339438"><ele>555.2</ele><time>2026-08-14T10:06:49.000Z</time></trkpt><trkpt lat="-8.081349347628489" lon="113.66130069339442"><ele>555.2</ele><time>2026-08-14T10:06:50.000Z</time></trkpt><trkpt lat="-8.081349104295102" lon="113.66130830672773"><ele>555.4</ele><time>2026-08-14T10:06:51.000Z</time></trkpt><trkpt lat="-8.081348594295099" lon="113.66131772339443"><ele>555.4</ele><time>2026-08-14T10:06:52.000Z</time></trkpt><trkpt lat="-8.081347017628428" lon="113.66132911339446"><ele>555.4</ele><time>2026-08-14T10:06:53.000Z</time></trkpt><trkpt lat="-8.081344274295128" lon="113.6613419033944"><ele>555.4</ele><time>2026-08-14T10:06:54.000Z</time></trkpt><trkpt lat="-8.081339444295105" lon="113.66135576339427"><ele>555.4</ele><time>2026-08-14T10:06:55.000Z</time></trkpt><trkpt lat="-8.081333674295125" lon="113.66137082672753"><ele>555.5</ele><time>2026-08-14T10:06:56.000Z</time></trkpt><trkpt lat="-8.081327797628457" lon="113.66138581006082"><ele>555.5</ele><time>2026-08-14T10:06:57.000Z</time></trkpt><trkpt lat="-8.081322637628478" lon="113.6614018033943"><ele>555.5</ele><time>2026-08-14T10:06:58.000Z</time></trkpt><trkpt lat="-8.081318627628459" lon="113.66141946672799"><ele>555.5</ele><time>2026-08-14T10:06:59.000Z</time></trkpt><trkpt lat="-8.081315784295125" lon="113.6614386100619"><ele>555.5</ele><time>2026-08-14T10:07:00.000Z</time></trkpt><trkpt lat="-8.08131499762845" lon="113.66145939006269"><ele>555.8</ele><time>2026-08-14T10:07:01.000Z</time></trkpt><trkpt lat="-8.081316007628445" lon="113.66148067672998"><ele>555.8</ele><time>2026-08-14T10:07:02.000Z</time></trkpt><trkpt lat="-8.08131705429511" lon="113.6615015267303"><ele>555.8</ele><time>2026-08-14T10:07:03.000Z</time></trkpt><trkpt lat="-8.081319080961787" lon="113.66152101006381"><ele>555.8</ele><time>2026-08-14T10:07:04.000Z</time></trkpt><trkpt lat="-8.081320914295166" lon="113.6615404033972"><ele>555.8</ele><time>2026-08-14T10:07:05.000Z</time></trkpt><trkpt lat="-8.081321300961845" lon="113.66155936673064"><ele>555.7</ele><time>2026-08-14T10:07:06.000Z</time></trkpt><trkpt lat="-8.081321177628523" lon="113.66157840339777"><ele>555.7</ele><time>2026-08-14T10:07:07.000Z</time></trkpt><trkpt lat="-8.081321110961856" lon="113.66159764006485"><ele>555.7</ele><time>2026-08-14T10:07:08.000Z</time></trkpt><trkpt lat="-8.081321107628572" lon="113.66161970006547"><ele>555.7</ele><time>2026-08-14T10:07:09.000Z</time></trkpt><trkpt lat="-8.081322127628628" lon="113.66164146006585"><ele>555.7</ele><time>2026-08-14T10:07:10.000Z</time></trkpt><trkpt lat="-8.081324700962018" lon="113.66166276339925"><ele>555.4</ele><time>2026-08-14T10:07:11.000Z</time></trkpt><trkpt lat="-8.081327257628747" lon="113.66168400006563"><ele>555.4</ele><time>2026-08-14T10:07:12.000Z</time></trkpt><trkpt lat="-8.081330860962147" lon="113.66170408673221"><ele>555.4</ele><time>2026-08-14T10:07:13.000Z</time></trkpt><trkpt lat="-8.081333607628824" lon="113.6617216133986"><ele>555.4</ele><time>2026-08-14T10:07:14.000Z</time></trkpt><trkpt lat="-8.081337620962172" lon="113.66173842006523"><ele>555.4</ele><time>2026-08-14T10:07:15.000Z</time></trkpt><trkpt lat="-8.081343420962202" lon="113.6617541700654"><ele>554.7</ele><time>2026-08-14T10:07:16.000Z</time></trkpt><trkpt lat="-8.08135054429553" lon="113.66177006673222"><ele>554.7</ele><time>2026-08-14T10:07:17.000Z</time></trkpt><trkpt lat="-8.081358927628827" lon="113.66178543673246"><ele>554.7</ele><time>2026-08-14T10:07:18.000Z</time></trkpt><trkpt lat="-8.081370457628802" lon="113.66179946339943"><ele>554.7</ele><time>2026-08-14T10:07:19.000Z</time></trkpt><trkpt lat="-8.081384610962255" lon="113.6618126233996"><ele>554.7</ele><time>2026-08-14T10:07:20.000Z</time></trkpt><trkpt lat="-8.081399044295724" lon="113.66182567673306"><ele>553.6</ele><time>2026-08-14T10:07:21.000Z</time></trkpt><trkpt lat="-8.081414460962616" lon="113.66183691673322"><ele>553.6</ele><time>2026-08-14T10:07:22.000Z</time></trkpt><trkpt lat="-8.081430974296241" lon="113.66184942340001"><ele>553.6</ele><time>2026-08-14T10:07:23.000Z</time></trkpt><trkpt lat="-8.081447250963155" lon="113.66186444340005"><ele>553.6</ele><time>2026-08-14T10:07:24.000Z</time></trkpt><trkpt lat="-8.081462047629888" lon="113.6618810234002"><ele>553.6</ele><time>2026-08-14T10:07:25.000Z</time></trkpt><trkpt lat="-8.081476790963222" lon="113.66189749673363"><ele>553.1</ele><time>2026-08-14T10:07:26.000Z</time></trkpt><trkpt lat="-8.081491970963189" lon="113.66191471006701"><ele>553.1</ele><time>2026-08-14T10:07:27.000Z</time></trkpt><trkpt lat="-8.081505620963155" lon="113.66193282006691"><ele>553.1</ele><time>2026-08-14T10:07:28.000Z</time></trkpt><trkpt lat="-8.081518787629822" lon="113.66195138673359"><ele>553.1</ele><time>2026-08-14T10:07:29.000Z</time></trkpt><trkpt lat="-8.08153158096313" lon="113.66197119673343"><ele>553.1</ele><time>2026-08-14T10:07:30.000Z</time></trkpt><trkpt lat="-8.081543790963071" lon="113.66199218339997"><ele>551.8</ele><time>2026-08-14T10:07:31.000Z</time></trkpt><trkpt lat="-8.081554670963037" lon="113.66201325006655"><ele>551.8</ele><time>2026-08-14T10:07:32.000Z</time></trkpt><trkpt lat="-8.08156554096291" lon="113.66203333673312"><ele>551.8</ele><time>2026-08-14T10:07:33.000Z</time></trkpt><trkpt lat="-8.081576107629434" lon="113.66205263339941"><ele>551.8</ele><time>2026-08-14T10:07:34.000Z</time></trkpt><trkpt lat="-8.081587994295944" lon="113.66206927673245"><ele>551.8</ele><time>2026-08-14T10:07:35.000Z</time></trkpt><trkpt lat="-8.081600714295991" lon="113.66208338673218"><ele>550.1</ele><time>2026-08-14T10:07:36.000Z</time></trkpt><trkpt lat="-8.081614680962767" lon="113.66209687339861"><ele>550.1</ele><time>2026-08-14T10:07:37.000Z</time></trkpt><trkpt lat="-8.08163022429621" lon="113.66211009339852"><ele>550.1</ele><time>2026-08-14T10:07:38.000Z</time></trkpt><trkpt lat="-8.081647587629766" lon="113.66212176006536"><ele>550.1</ele><time>2026-08-14T10:07:39.000Z</time></trkpt><trkpt lat="-8.081666477629955" lon="113.66213334673225"><ele>550.1</ele><time>2026-08-14T10:07:40.000Z</time></trkpt><trkpt lat="-8.081687277630017" lon="113.66214493339915"><ele>549.2</ele><time>2026-08-14T10:07:41.000Z</time></trkpt><trkpt lat="-8.081708394296673" lon="113.66215445006605"><ele>549.2</ele><time>2026-08-14T10:07:42.000Z</time></trkpt><trkpt lat="-8.081730334296557" lon="113.66216143339952"><ele>549.2</ele><time>2026-08-14T10:07:43.000Z</time></trkpt><trkpt lat="-8.081752514296516" lon="113.66216716339954"><ele>549.2</ele><time>2026-08-14T10:07:44.000Z</time></trkpt><trkpt lat="-8.081773370963338" lon="113.66217143006625"><ele>549.2</ele><time>2026-08-14T10:07:45.000Z</time></trkpt><trkpt lat="-8.081793157630127" lon="113.66217406006623"><ele>547.2</ele><time>2026-08-14T10:07:46.000Z</time></trkpt><trkpt lat="-8.081813487630342" lon="113.66217477673288"><ele>547.2</ele><time>2026-08-14T10:07:47.000Z</time></trkpt><trkpt lat="-8.081834210964098" lon="113.66217479006623"><ele>547.2</ele><time>2026-08-14T10:07:48.000Z</time></trkpt><trkpt lat="-8.081854460964433" lon="113.6621727767329"><ele>547.2</ele><time>2026-08-14T10:07:49.000Z</time></trkpt><trkpt lat="-8.081873770964648" lon="113.66216884006619"><ele>547.2</ele><time>2026-08-14T10:07:50.000Z</time></trkpt><trkpt lat="-8.081893414298278" lon="113.66216550339948"><ele>545.4</ele><time>2026-08-14T10:07:51.000Z</time></trkpt><trkpt lat="-8.081913907631623" lon="113.66216380339942"><ele>545.4</ele><time>2026-08-14T10:07:52.000Z</time></trkpt><trkpt lat="-8.08193462096486" lon="113.66216078673274"><ele>545.4</ele><time>2026-08-14T10:07:53.000Z</time></trkpt><trkpt lat="-8.081955950964893" lon="113.6621594900661"><ele>545.4</ele><time>2026-08-14T10:07:54.000Z</time></trkpt><trkpt lat="-8.081977804298381" lon="113.66215859006613"><ele>545.4</ele><time>2026-08-14T10:07:55.000Z</time></trkpt><trkpt lat="-8.081998507631953" lon="113.66215785006621"><ele>544.6</ele><time>2026-08-14T10:07:56.000Z</time></trkpt><trkpt lat="-8.082018004299062" lon="113.66215713006629"><ele>544.6</ele><time>2026-08-14T10:07:57.000Z</time></trkpt><trkpt lat="-8.082036264299642" lon="113.66215827006636"><ele>544.6</ele><time>2026-08-14T10:07:58.000Z</time></trkpt><trkpt lat="-8.082054367633393" lon="113.66215857339974"><ele>544.6</ele><time>2026-08-14T10:07:59.000Z</time></trkpt><trkpt lat="-8.082073044300206" lon="113.66215870673314"><ele>544.6</ele><time>2026-08-14T10:08:00.000Z</time></trkpt><trkpt lat="-8.082093420966876" lon="113.66215918006654"><ele>543.4</ele><time>2026-08-14T10:08:01.000Z</time></trkpt><trkpt lat="-8.082114837633517" lon="113.66215911339994"><ele>543.4</ele><time>2026-08-14T10:08:02.000Z</time></trkpt><trkpt lat="-8.082135447633537" lon="113.6621582567333"><ele>543.4</ele><time>2026-08-14T10:08:03.000Z</time></trkpt><trkpt lat="-8.082155337633756" lon="113.6621575134"><ele>543.4</ele><time>2026-08-14T10:08:04.000Z</time></trkpt><trkpt lat="-8.082175414300654" lon="113.66215546673342"><ele>543.4</ele><time>2026-08-14T10:08:05.000Z</time></trkpt><trkpt lat="-8.082194287634238" lon="113.66215360673348"><ele>542.5</ele><time>2026-08-14T10:08:06.000Z</time></trkpt><trkpt lat="-8.082212730967704" lon="113.66215197006684"><ele>542.5</ele><time>2026-08-14T10:08:07.000Z</time></trkpt><trkpt lat="-8.082231854301241" lon="113.6621514634002"><ele>542.5</ele><time>2026-08-14T10:08:08.000Z</time></trkpt><trkpt lat="-8.082251077634417" lon="113.66215106006692"><ele>542.5</ele><time>2026-08-14T10:08:09.000Z</time></trkpt><trkpt lat="-8.08227054096767" lon="113.66215414673357"><ele>542.5</ele><time>2026-08-14T10:08:10.000Z</time></trkpt><trkpt lat="-8.082289557634198" lon="113.66215471673354"><ele>542.1</ele><time>2026-08-14T10:08:11.000Z</time></trkpt><trkpt lat="-8.082309757634283" lon="113.66215723340017"><ele>542.1</ele><time>2026-08-14T10:08:12.000Z</time></trkpt><trkpt lat="-8.082330594300922" lon="113.66215980673346"><ele>542.1</ele><time>2026-08-14T10:08:13.000Z</time></trkpt><trkpt lat="-8.082352494300867" lon="113.66216250673342"><ele>542.1</ele><time>2026-08-14T10:08:14.000Z</time></trkpt><trkpt lat="-8.08237521763447" lon="113.66216587340011"><ele>542.1</ele><time>2026-08-14T10:08:15.000Z</time></trkpt><trkpt lat="-8.082399870968128" lon="113.66217154340018"><ele>541.3</ele><time>2026-08-14T10:08:16.000Z</time></trkpt><trkpt lat="-8.082422270968408" lon="113.66217492006695"><ele>541.3</ele><time>2026-08-14T10:08:17.000Z</time></trkpt><trkpt lat="-8.082445577635164" lon="113.66217681340041"><ele>541.3</ele><time>2026-08-14T10:08:18.000Z</time></trkpt><trkpt lat="-8.082468364302255" lon="113.66217839006717"><ele>541.3</ele><time>2026-08-14T10:08:19.000Z</time></trkpt><trkpt lat="-8.082491264302442" lon="113.66217641006719"><ele>541.3</ele><time>2026-08-14T10:08:20.000Z</time></trkpt><trkpt lat="-8.082513447636194" lon="113.66217246673378"><ele>540.7</ele><time>2026-08-14T10:08:21.000Z</time></trkpt><trkpt lat="-8.08253648430324" lon="113.66216783673363"><ele>540.7</ele><time>2026-08-14T10:08:22.000Z</time></trkpt><trkpt lat="-8.082559844303608" lon="113.66216418340017"><ele>540.7</ele><time>2026-08-14T10:08:23.000Z</time></trkpt><trkpt lat="-8.082583267637037" lon="113.66216031673336"><ele>540.7</ele><time>2026-08-14T10:08:24.000Z</time></trkpt><trkpt lat="-8.082604527637065" lon="113.66215808673326"><ele>540.7</ele><time>2026-08-14T10:08:25.000Z</time></trkpt><trkpt lat="-8.082625597637051" lon="113.66215689673322"><ele>540.4</ele><time>2026-08-14T10:08:26.000Z</time></trkpt><trkpt lat="-8.082646440970418" lon="113.6621559900666"><ele>540.4</ele><time>2026-08-14T10:08:27.000Z</time></trkpt><trkpt lat="-8.082665804303817" lon="113.66215338006664"><ele>540.4</ele><time>2026-08-14T10:08:28.000Z</time></trkpt><trkpt lat="-8.082686540970816" lon="113.66215141340001"><ele>540.4</ele><time>2026-08-14T10:08:29.000Z</time></trkpt><trkpt lat="-8.082710717638113" lon="113.66215074673342"><ele>540.4</ele><time>2026-08-14T10:08:30.000Z</time></trkpt><trkpt lat="-8.082735377638498" lon="113.66215131006679"><ele>539.8</ele><time>2026-08-14T10:08:31.000Z</time></trkpt><trkpt lat="-8.082760910972146" lon="113.66215348673352"><ele>539.8</ele><time>2026-08-14T10:08:32.000Z</time></trkpt><trkpt lat="-8.082786304305786" lon="113.66215745006689"><ele>539.8</ele><time>2026-08-14T10:08:33.000Z</time></trkpt><trkpt lat="-8.082808174305882" lon="113.66215950673356"><ele>539.8</ele><time>2026-08-14T10:08:34.000Z</time></trkpt><trkpt lat="-8.082827744305716" lon="113.66216062673354"><ele>539.8</ele><time>2026-08-14T10:08:35.000Z</time></trkpt><trkpt lat="-8.082848534305684" lon="113.6621590700668"><ele>539.2</ele><time>2026-08-14T10:08:36.000Z</time></trkpt><trkpt lat="-8.082868660972187" lon="113.66215650006673"><ele>539.2</ele><time>2026-08-14T10:08:37.000Z</time></trkpt><trkpt lat="-8.082889157638682" lon="113.66215381006664"><ele>539.2</ele><time>2026-08-14T10:08:38.000Z</time></trkpt><trkpt lat="-8.082913390971886" lon="113.6621509433999"><ele>539.2</ele><time>2026-08-14T10:08:39.000Z</time></trkpt><trkpt lat="-8.082937467638686" lon="113.66214760006649"><ele>539.2</ele><time>2026-08-14T10:08:40.000Z</time></trkpt><trkpt lat="-8.082960637639014" lon="113.66214535339982"><ele>538.9</ele><time>2026-08-14T10:08:41.000Z</time></trkpt><trkpt lat="-8.082983797639674" lon="113.66214424673316"><ele>538.9</ele><time>2026-08-14T10:08:42.000Z</time></trkpt><trkpt lat="-8.083007717640504" lon="113.66214458339986"><ele>538.9</ele><time>2026-08-14T10:08:43.000Z</time></trkpt><trkpt lat="-8.083030890974623" lon="113.6621459600666"><ele>538.9</ele><time>2026-08-14T10:08:44.000Z</time></trkpt><trkpt lat="-8.083053574308499" lon="113.66214565340003"><ele>538.9</ele><time>2026-08-14T10:08:45.000Z</time></trkpt><trkpt lat="-8.083076887642196" lon="113.66214571340011"><ele>537.8</ele><time>2026-08-14T10:08:46.000Z</time></trkpt><trkpt lat="-8.083100524309218" lon="113.66214258006671"><ele>537.8</ele><time>2026-08-14T10:08:47.000Z</time></trkpt><trkpt lat="-8.083121514309534" lon="113.66213673006663"><ele>537.8</ele><time>2026-08-14T10:08:48.000Z</time></trkpt><trkpt lat="-8.08314288097657" lon="113.6621306433999"><ele>537.8</ele><time>2026-08-14T10:08:49.000Z</time></trkpt><trkpt lat="-8.08316600764359" lon="113.6621264633998"><ele>537.8</ele><time>2026-08-14T10:08:50.000Z</time></trkpt><trkpt lat="-8.08318898431051" lon="113.66212189006633"><ele>536.1</ele><time>2026-08-14T10:08:51.000Z</time></trkpt><trkpt lat="-8.083213507643823" lon="113.66212055006633"><ele>536.1</ele><time>2026-08-14T10:08:52.000Z</time></trkpt><trkpt lat="-8.083240530977104" lon="113.66212196673303"><ele>536.1</ele><time>2026-08-14T10:08:53.000Z</time></trkpt><trkpt lat="-8.083265727643546" lon="113.66212496673305"><ele>536.1</ele><time>2026-08-14T10:08:54.000Z</time></trkpt><trkpt lat="-8.083288974309962" lon="113.66212677006631"><ele>536.1</ele><time>2026-08-14T10:08:55.000Z</time></trkpt><trkpt lat="-8.083312047643156" lon="113.66212880006626"><ele>535.2</ele><time>2026-08-14T10:08:56.000Z</time></trkpt><trkpt lat="-8.083333170976326" lon="113.66213031006619"><ele>535.2</ele><time>2026-08-14T10:08:57.000Z</time></trkpt><trkpt lat="-8.083353640976123" lon="113.66213063339944"><ele>535.2</ele><time>2026-08-14T10:08:58.000Z</time></trkpt><trkpt lat="-8.08337536097633" lon="113.66213069339942"><ele>535.2</ele><time>2026-08-14T10:08:59.000Z</time></trkpt><trkpt lat="-8.08339781097643" lon="113.66213065673273"><ele>535.2</ele><time>2026-08-14T10:09:00.000Z</time></trkpt><trkpt lat="-8.083418890976294" lon="113.66213053006607"><ele>533.4</ele><time>2026-08-14T10:09:01.000Z</time></trkpt><trkpt lat="-8.083440494309613" lon="113.6621302933994"><ele>533.4</ele><time>2026-08-14T10:09:02.000Z</time></trkpt><trkpt lat="-8.083462697642908" lon="113.66212919339937"><ele>533.4</ele><time>2026-08-14T10:09:03.000Z</time></trkpt><trkpt lat="-8.083485614309271" lon="113.66212812339936"><ele>533.4</ele><time>2026-08-14T10:09:04.000Z</time></trkpt><trkpt lat="-8.083509434309178" lon="113.66212890673273"><ele>533.4</ele><time>2026-08-14T10:09:05.000Z</time></trkpt><trkpt lat="-8.083534330975848" lon="113.66212976339943"><ele>531.7</ele><time>2026-08-14T10:09:06.000Z</time></trkpt><trkpt lat="-8.083559954309042" lon="113.66213266673294"><ele>531.7</ele><time>2026-08-14T10:09:07.000Z</time></trkpt><trkpt lat="-8.083584570975693" lon="113.66213581339977"><ele>531.7</ele><time>2026-08-14T10:09:08.000Z</time></trkpt><trkpt lat="-8.083606244309019" lon="113.66213725339995"><ele>531.7</ele><time>2026-08-14T10:09:09.000Z</time></trkpt><trkpt lat="-8.083624967642288" lon="113.66213676006677"><ele>531.7</ele><time>2026-08-14T10:09:10.000Z</time></trkpt><trkpt lat="-8.083641914308966" lon="113.66213741673361"><ele>530.8</ele><time>2026-08-14T10:09:11.000Z</time></trkpt><trkpt lat="-8.083657874309285" lon="113.66213478006698"><ele>530.8</ele><time>2026-08-14T10:09:12.000Z</time></trkpt><trkpt lat="-8.083673757643085" lon="113.66213162340034"><ele>530.8</ele><time>2026-08-14T10:09:13.000Z</time></trkpt><trkpt lat="-8.083691804310288" lon="113.66212890673364"><ele>530.8</ele><time>2026-08-14T10:09:14.000Z</time></trkpt><trkpt lat="-8.083712197644209" lon="113.66212803006695"><ele>530.8</ele><time>2026-08-14T10:09:15.000Z</time></trkpt><trkpt lat="-8.083733537644763" lon="113.66212686673359"><ele>529.2</ele><time>2026-08-14T10:09:16.000Z</time></trkpt><trkpt lat="-8.083756040978688" lon="113.66212676340027"><ele>529.2</ele><time>2026-08-14T10:09:17.000Z</time></trkpt><trkpt lat="-8.083778207645835" lon="113.66212681006691"><ele>529.2</ele><time>2026-08-14T10:09:18.000Z</time></trkpt><trkpt lat="-8.083800544312838" lon="113.66212711673356"><ele>529.2</ele><time>2026-08-14T10:09:19.000Z</time></trkpt><trkpt lat="-8.083823090979639" lon="113.66212674673356"><ele>529.2</ele><time>2026-08-14T10:09:20.000Z</time></trkpt><trkpt lat="-8.083846207646568" lon="113.66212603340023"><ele>527.8</ele><time>2026-08-14T10:09:21.000Z</time></trkpt><trkpt lat="-8.083867764313217" lon="113.6621263434002"><ele>527.8</ele><time>2026-08-14T10:09:22.000Z</time></trkpt><trkpt lat="-8.083889570979608" lon="113.66212735340021"><ele>527.8</ele><time>2026-08-14T10:09:23.000Z</time></trkpt><trkpt lat="-8.083910060979587" lon="113.6621283334002"><ele>527.8</ele><time>2026-08-14T10:09:24.000Z</time></trkpt><trkpt lat="-8.083930040979569" lon="113.66212932340022"><ele>527.8</ele><time>2026-08-14T10:09:25.000Z</time></trkpt><trkpt lat="-8.083948604312857" lon="113.6621293900669"><ele>527.2</ele><time>2026-08-14T10:09:26.000Z</time></trkpt><trkpt lat="-8.083966837646312" lon="113.66212723006689"><ele>527.2</ele><time>2026-08-14T10:09:27.000Z</time></trkpt><trkpt lat="-8.083984650979954" lon="113.66212295340017"><ele>527.2</ele><time>2026-08-14T10:09:28.000Z</time></trkpt><trkpt lat="-8.08400455431363" lon="113.6621181334001"><ele>527.2</ele><time>2026-08-14T10:09:29.000Z</time></trkpt><trkpt lat="-8.084023837647575" lon="113.66211236340004"><ele>527.2</ele><time>2026-08-14T10:09:30.000Z</time></trkpt><trkpt lat="-8.084044727648253" lon="113.66210682673332"><ele>526.1</ele><time>2026-08-14T10:09:31.000Z</time></trkpt><trkpt lat="-8.084066880982157" lon="113.66210259673323"><ele>526.1</ele><time>2026-08-14T10:09:32.000Z</time></trkpt><trkpt lat="-8.0840893043162" lon="113.66210037339985"><ele>526.1</ele><time>2026-08-14T10:09:33.000Z</time></trkpt><trkpt lat="-8.084110167649964" lon="113.66209823006652"><ele>526.1</ele><time>2026-08-14T10:09:34.000Z</time></trkpt><trkpt lat="-8.084131577650307" lon="113.66209632339982"><ele>526.1</ele><time>2026-08-14T10:09:35.000Z</time></trkpt><trkpt lat="-8.084151617650413" lon="113.66209432006653"><ele>524.8</ele><time>2026-08-14T10:09:36.000Z</time></trkpt><trkpt lat="-8.084170870983865" lon="113.66209289339993"><ele>524.8</ele><time>2026-08-14T10:09:37.000Z</time></trkpt><trkpt lat="-8.084191324317269" lon="113.66209266340005"><ele>524.8</ele><time>2026-08-14T10:09:38.000Z</time></trkpt><trkpt lat="-8.084211350983917" lon="113.66209410340016"><ele>524.8</ele><time>2026-08-14T10:09:39.000Z</time></trkpt><trkpt lat="-8.084229714317287" lon="113.66209611006693"><ele>524.8</ele><time>2026-08-14T10:09:40.000Z</time></trkpt><trkpt lat="-8.08424819098418" lon="113.66209833006701"><ele>524.2</ele><time>2026-08-14T10:09:41.000Z</time></trkpt><trkpt lat="-8.084267810984262" lon="113.66209912340041"><ele>524.2</ele><time>2026-08-14T10:09:42.000Z</time></trkpt><trkpt lat="-8.084286084317657" lon="113.66209831006708"><ele>524.2</ele><time>2026-08-14T10:09:43.000Z</time></trkpt><trkpt lat="-8.084306150984677" lon="113.6620981134004"><ele>524.2</ele><time>2026-08-14T10:09:44.000Z</time></trkpt><trkpt lat="-8.084327530985169" lon="113.66209908006704"><ele>524.2</ele><time>2026-08-14T10:09:45.000Z</time></trkpt><trkpt lat="-8.084349317652231" lon="113.66209970340034"><ele>522.7</ele><time>2026-08-14T10:09:46.000Z</time></trkpt><trkpt lat="-8.08437023765276" lon="113.66210221006705"><ele>522.7</ele><time>2026-08-14T10:09:47.000Z</time></trkpt><trkpt lat="-8.084391334319871" lon="113.6621045134004"><ele>522.7</ele><time>2026-08-14T10:09:48.000Z</time></trkpt><trkpt lat="-8.084411237653335" lon="113.66210376006704"><ele>522.7</ele><time>2026-08-14T10:09:49.000Z</time></trkpt><trkpt lat="-8.084431300986562" lon="113.66210005340034"><ele>522.7</ele><time>2026-08-14T10:09:50.000Z</time></trkpt><trkpt lat="-8.084451174319746" lon="113.66209614340028"><ele>521.4</ele><time>2026-08-14T10:09:51.000Z</time></trkpt><trkpt lat="-8.084471327652949" lon="113.66209011340011"><ele>521.4</ele><time>2026-08-14T10:09:52.000Z</time></trkpt><trkpt lat="-8.084491500986337" lon="113.66208488673331"><ele>521.4</ele><time>2026-08-14T10:09:53.000Z</time></trkpt><trkpt lat="-8.084510320986524" lon="113.66207983673318"><ele>521.4</ele><time>2026-08-14T10:09:54.000Z</time></trkpt><trkpt lat="-8.084529137653346" lon="113.6620763067331"><ele>521.4</ele><time>2026-08-14T10:09:55.000Z</time></trkpt><trkpt lat="-8.084547177653608" lon="113.662073876733"><ele>520.9</ele><time>2026-08-14T10:09:56.000Z</time></trkpt><trkpt lat="-8.08456489765391" lon="113.66207286006632"><ele>520.9</ele><time>2026-08-14T10:09:57.000Z</time></trkpt><trkpt lat="-8.084583067654089" lon="113.66206885006628"><ele>520.9</ele><time>2026-08-14T10:09:58.000Z</time></trkpt><trkpt lat="-8.084603194320806" lon="113.66206832339951"><ele>520.9</ele><time>2026-08-14T10:09:59.000Z</time></trkpt><trkpt lat="-8.084622997654202" lon="113.66206683673275"><ele>520.9</ele><time>2026-08-14T10:10:00.000Z</time></trkpt><trkpt lat="-8.084644564320945" lon="113.6620675533994"><ele>519.7</ele><time>2026-08-14T10:10:01.000Z</time></trkpt><trkpt lat="-8.08466567432087" lon="113.66206633673269"><ele>519.7</ele><time>2026-08-14T10:10:02.000Z</time></trkpt><trkpt lat="-8.084686830987467" lon="113.66206672339922"><ele>519.7</ele><time>2026-08-14T10:10:03.000Z</time></trkpt><trkpt lat="-8.08470596432088" lon="113.66206394339915"><ele>519.7</ele><time>2026-08-14T10:10:04.000Z</time></trkpt><trkpt lat="-8.084724487654444" lon="113.66206172673242"><ele>519.7</ele><time>2026-08-14T10:10:05.000Z</time></trkpt><trkpt lat="-8.084741874321118" lon="113.66205540006561"><ele>518.6</ele><time>2026-08-14T10:10:06.000Z</time></trkpt><trkpt lat="-8.084758560987964" lon="113.66205007006552"><ele>518.6</ele><time>2026-08-14T10:10:07.000Z</time></trkpt><trkpt lat="-8.084774787654844" lon="113.6620462133988"><ele>518.6</ele><time>2026-08-14T10:10:08.000Z</time></trkpt><trkpt lat="-8.084790080988334" lon="113.66204224673206"><ele>518.6</ele><time>2026-08-14T10:10:09.000Z</time></trkpt><trkpt lat="-8.08480590765516" lon="113.66203956006537"><ele>518.6</ele><time>2026-08-14T10:10:10.000Z</time></trkpt><trkpt lat="-8.084821627655618" lon="113.66203847673198"><ele>517.9</ele><time>2026-08-14T10:10:11.000Z</time></trkpt><trkpt lat="-8.084838170989304" lon="113.66203822339864"><ele>517.9</ele><time>2026-08-14T10:10:12.000Z</time></trkpt><trkpt lat="-8.084854507656344" lon="113.66203538006528"><ele>517.9</ele><time>2026-08-14T10:10:13.000Z</time></trkpt><trkpt lat="-8.084872374323385" lon="113.66203421673193"><ele>517.9</ele><time>2026-08-14T10:10:14.000Z</time></trkpt><trkpt lat="-8.084889747657032" lon="113.66203009339847"><ele>517.9</ele><time>2026-08-14T10:10:15.000Z</time></trkpt><trkpt lat="-8.084905940990485" lon="113.66202564006502"><ele>517.0</ele><time>2026-08-14T10:10:16.000Z</time></trkpt><trkpt lat="-8.08492303099075" lon="113.66202195339831"><ele>517.0</ele><time>2026-08-14T10:10:17.000Z</time></trkpt><trkpt lat="-8.084940120991016" lon="113.66201881673166"><ele>517.0</ele><time>2026-08-14T10:10:18.000Z</time></trkpt><trkpt lat="-8.084957477657841" lon="113.6620150767317"><ele>517.0</ele><time>2026-08-14T10:10:19.000Z</time></trkpt><trkpt lat="-8.084975874324638" lon="113.6620139767318"><ele>517.0</ele><time>2026-08-14T10:10:20.000Z</time></trkpt><trkpt lat="-8.08499666765797" lon="113.66201339673191"><ele>516.0</ele><time>2026-08-14T10:10:21.000Z</time></trkpt><trkpt lat="-8.085015664324526" lon="113.6620098433986"><ele>516.0</ele><time>2026-08-14T10:10:22.000Z</time></trkpt><trkpt lat="-8.085036187657506" lon="113.66200706006525"><ele>516.0</ele><time>2026-08-14T10:10:23.000Z</time></trkpt><trkpt lat="-8.085055870990649" lon="113.66200371006525"><ele>516.0</ele><time>2026-08-14T10:10:24.000Z</time></trkpt><trkpt lat="-8.085075940990604" lon="113.66200017673191"><ele>516.0</ele><time>2026-08-14T10:10:25.000Z</time></trkpt><trkpt lat="-8.085096027657382" lon="113.66199529006526"><ele>515.5</ele><time>2026-08-14T10:10:26.000Z</time></trkpt><trkpt lat="-8.085117690991042" lon="113.66199172339859"><ele>515.5</ele><time>2026-08-14T10:10:27.000Z</time></trkpt><trkpt lat="-8.085138244324728" lon="113.66198781339854"><ele>515.5</ele><time>2026-08-14T10:10:28.000Z</time></trkpt><trkpt lat="-8.085161010991849" lon="113.66198481673185"><ele>515.5</ele><time>2026-08-14T10:10:29.000Z</time></trkpt><trkpt lat="-8.085184390992401" lon="113.6619830367318"><ele>515.5</ele><time>2026-08-14T10:10:30.000Z</time></trkpt><trkpt lat="-8.08520792432642" lon="113.66198180673169"><ele>514.9</ele><time>2026-08-14T10:10:31.000Z</time></trkpt><trkpt lat="-8.085231894326856" lon="113.66198031006495"><ele>514.9</ele><time>2026-08-14T10:10:32.000Z</time></trkpt><trkpt lat="-8.085255497660665" lon="113.66197621673159"><ele>514.9</ele><time>2026-08-14T10:10:33.000Z</time></trkpt><trkpt lat="-8.085276964327768" lon="113.6619688133981"><ele>514.9</ele><time>2026-08-14T10:10:34.000Z</time></trkpt><trkpt lat="-8.085297457661113" lon="113.66195726006461"><ele>514.9</ele><time>2026-08-14T10:10:35.000Z</time></trkpt><trkpt lat="-8.085314010994358" lon="113.66194310339776"><ele>514.4</ele><time>2026-08-14T10:10:36.000Z</time></trkpt><trkpt lat="-8.085328827660955" lon="113.66192596673088"><ele>514.4</ele><time>2026-08-14T10:10:37.000Z</time></trkpt><trkpt lat="-8.085343460994238" lon="113.66190840006414"><ele>514.4</ele><time>2026-08-14T10:10:38.000Z</time></trkpt><trkpt lat="-8.085358110994127" lon="113.66188971339741"><ele>514.4</ele><time>2026-08-14T10:10:39.000Z</time></trkpt><trkpt lat="-8.085370534327552" lon="113.66187002006382"><ele>514.4</ele><time>2026-08-14T10:10:40.000Z</time></trkpt><trkpt lat="-8.085382880994244" lon="113.6618497800634"><ele>514.1</ele><time>2026-08-14T10:10:41.000Z</time></trkpt><trkpt lat="-8.085396100994412" lon="113.66182960006316"><ele>514.1</ele><time>2026-08-14T10:10:42.000Z</time></trkpt><trkpt lat="-8.085409710994758" lon="113.6618094567292"><ele>514.1</ele><time>2026-08-14T10:10:43.000Z</time></trkpt><trkpt lat="-8.0854234009952" lon="113.6617890600618"><ele>514.1</ele><time>2026-08-14T10:10:44.000Z</time></trkpt><trkpt lat="-8.085439024329062" lon="113.66176860672776"><ele>514.1</ele><time>2026-08-14T10:10:45.000Z</time></trkpt><trkpt lat="-8.085456824329677" lon="113.66174828672729"><ele>513.5</ele><time>2026-08-14T10:10:46.000Z</time></trkpt><trkpt lat="-8.085473070996741" lon="113.6617278367265"><ele>513.5</ele><time>2026-08-14T10:10:47.000Z</time></trkpt><trkpt lat="-8.085488334330382" lon="113.66170710339262"><ele>513.5</ele><time>2026-08-14T10:10:48.000Z</time></trkpt><trkpt lat="-8.085502814330521" lon="113.6616870867256"><ele>513.5</ele><time>2026-08-14T10:10:49.000Z</time></trkpt><trkpt lat="-8.085516017663979" lon="113.66166763339193"><ele>513.5</ele><time>2026-08-14T10:10:50.000Z</time></trkpt><trkpt lat="-8.0855271309974" lon="113.66164724005833"><ele>512.9</ele><time>2026-08-14T10:10:51.000Z</time></trkpt><trkpt lat="-8.085538534330933" lon="113.66162694005841"><ele>512.9</ele><time>2026-08-14T10:10:52.000Z</time></trkpt><trkpt lat="-8.085549494331103" lon="113.6616082000584"><ele>512.9</ele><time>2026-08-14T10:10:53.000Z</time></trkpt><trkpt lat="-8.085560100998103" lon="113.66158934339157"><ele>512.9</ele><time>2026-08-14T10:10:54.000Z</time></trkpt><trkpt lat="-8.085571050998395" lon="113.66156896005823"><ele>512.9</ele><time>2026-08-14T10:10:55.000Z</time></trkpt><trkpt lat="-8.085582984332111" lon="113.66154866005793"><ele>512.8</ele><time>2026-08-14T10:10:56.000Z</time></trkpt><trkpt lat="-8.085594750999121" lon="113.66152826672412"><ele>512.8</ele><time>2026-08-14T10:10:57.000Z</time></trkpt><trkpt lat="-8.085605747666083" lon="113.66150672672362"><ele>512.8</ele><time>2026-08-14T10:10:58.000Z</time></trkpt><trkpt lat="-8.08561554433299" lon="113.66148509672311"><ele>512.8</ele><time>2026-08-14T10:10:59.000Z</time></trkpt><trkpt lat="-8.085624527666544" lon="113.66146469005608"><ele>512.8</ele><time>2026-08-14T10:11:00.000Z</time></trkpt><trkpt lat="-8.08563302766669" lon="113.66144404005581"><ele>512.8</ele><time>2026-08-14T10:11:01.000Z</time></trkpt><trkpt lat="-8.085641027666927" lon="113.66142312005555"><ele>512.8</ele><time>2026-08-14T10:11:02.000Z</time></trkpt><trkpt lat="-8.085648454333889" lon="113.66140248672207"><ele>512.8</ele><time>2026-08-14T10:11:03.000Z</time></trkpt><trkpt lat="-8.085656091000864" lon="113.66138237338866"><ele>512.8</ele><time>2026-08-14T10:11:04.000Z</time></trkpt><trkpt lat="-8.085664787667778" lon="113.66136254005508"><ele>512.8</ele><time>2026-08-14T10:11:05.000Z</time></trkpt><trkpt lat="-8.085674337668094" lon="113.66134462338815"><ele>513.0</ele><time>2026-08-14T10:11:06.000Z</time></trkpt><trkpt lat="-8.085685317668341" lon="113.66132600338801"><ele>513.0</ele><time>2026-08-14T10:11:07.000Z</time></trkpt><trkpt lat="-8.085697411001929" lon="113.66130643672105"><ele>513.0</ele><time>2026-08-14T10:11:08.000Z</time></trkpt><trkpt lat="-8.085710384335403" lon="113.6612855833873"><ele>513.0</ele><time>2026-08-14T10:11:09.000Z</time></trkpt><trkpt lat="-8.085723451002215" lon="113.66126487338684"><ele>513.0</ele><time>2026-08-14T10:11:10.000Z</time></trkpt><trkpt lat="-8.08573626766886" lon="113.6612429333866"><ele>513.0</ele><time>2026-08-14T10:11:11.000Z</time></trkpt><trkpt lat="-8.085747841002249" lon="113.66122276671949"><ele>513.0</ele><time>2026-08-14T10:11:12.000Z</time></trkpt><trkpt lat="-8.08575964433562" lon="113.66120356671931"><ele>513.0</ele><time>2026-08-14T10:11:13.000Z</time></trkpt><trkpt lat="-8.085773147669064" lon="113.66118577338582"><ele>513.0</ele><time>2026-08-14T10:11:14.000Z</time></trkpt><trkpt lat="-8.085787901002705" lon="113.66116734671917"><ele>513.0</ele><time>2026-08-14T10:11:15.000Z</time></trkpt><trkpt lat="-8.085803321003175" lon="113.66114990338579"><ele>513.1</ele><time>2026-08-14T10:11:16.000Z</time></trkpt><trkpt lat="-8.085819761003647" lon="113.66113132671919"><ele>513.1</ele><time>2026-08-14T10:11:17.000Z</time></trkpt><trkpt lat="-8.085835601004144" lon="113.66111208671899"><ele>513.1</ele><time>2026-08-14T10:11:18.000Z</time></trkpt><trkpt lat="-8.085849917671366" lon="113.66109252005197"><ele>513.1</ele><time>2026-08-14T10:11:19.000Z</time></trkpt><trkpt lat="-8.085862984338394" lon="113.66107320338502"><ele>513.1</ele><time>2026-08-14T10:11:20.000Z</time></trkpt><trkpt lat="-8.085876707671943" lon="113.66105307338478"><ele>513.2</ele><time>2026-08-14T10:11:21.000Z</time></trkpt><trkpt lat="-8.085890924338887" lon="113.66103312338453"><ele>513.2</ele><time>2026-08-14T10:11:22.000Z</time></trkpt><trkpt lat="-8.085905337672385" lon="113.66101286671756"><ele>513.2</ele><time>2026-08-14T10:11:23.000Z</time></trkpt><trkpt lat="-8.085919921005742" lon="113.66099225671728"><ele>513.2</ele><time>2026-08-14T10:11:24.000Z</time></trkpt><trkpt lat="-8.085932777672433" lon="113.6609709767167"><ele>513.2</ele><time>2026-08-14T10:11:25.000Z</time></trkpt><trkpt lat="-8.08594310767246" lon="113.66094996004911"><ele>513.2</ele><time>2026-08-14T10:11:26.000Z</time></trkpt><trkpt lat="-8.085950851005693" lon="113.66092885338148"><ele>513.2</ele><time>2026-08-14T10:11:27.000Z</time></trkpt><trkpt lat="-8.085956731005659" lon="113.66090834338074"><ele>513.2</ele><time>2026-08-14T10:11:28.000Z</time></trkpt><trkpt lat="-8.08596074433906" lon="113.66088826338039"><ele>513.2</ele><time>2026-08-14T10:11:29.000Z</time></trkpt><trkpt lat="-8.08596298433913" lon="113.66087082004692"><ele>513.2</ele><time>2026-08-14T10:11:30.000Z</time></trkpt><trkpt lat="-8.085963837672569" lon="113.66085469338036"><ele>513.1</ele><time>2026-08-14T10:11:31.000Z</time></trkpt><trkpt lat="-8.085961751005831" lon="113.66083856671375"><ele>513.1</ele><time>2026-08-14T10:11:32.000Z</time></trkpt><trkpt lat="-8.085957754339077" lon="113.66082226338048"><ele>513.1</ele><time>2026-08-14T10:11:33.000Z</time></trkpt><trkpt lat="-8.085951967672276" lon="113.66080588004718"><ele>513.1</ele><time>2026-08-14T10:11:34.000Z</time></trkpt><trkpt lat="-8.08594592100548" lon="113.66078696671374"><ele>513.1</ele><time>2026-08-14T10:11:35.000Z</time></trkpt><trkpt lat="-8.08594023433868" lon="113.66076597004704"><ele>512.9</ele><time>2026-08-14T10:11:36.000Z</time></trkpt><trkpt lat="-8.085935867671974" lon="113.66074473671344"><ele>512.9</ele><time>2026-08-14T10:11:37.000Z</time></trkpt><trkpt lat="-8.085933307671953" lon="113.66072371337991"><ele>512.9</ele><time>2026-08-14T10:11:38.000Z</time></trkpt><trkpt lat="-8.085932124338616" lon="113.66070240337953"><ele>512.9</ele><time>2026-08-14T10:11:39.000Z</time></trkpt><trkpt lat="-8.085932331005269" lon="113.66068044671256"><ele>512.9</ele><time>2026-08-14T10:11:40.000Z</time></trkpt><trkpt lat="-8.085934557671859" lon="113.66065919337868"><ele>512.8</ele><time>2026-08-14T10:11:41.000Z</time></trkpt><trkpt lat="-8.085938944338485" lon="113.66064012004497"><ele>512.8</ele><time>2026-08-14T10:11:42.000Z</time></trkpt><trkpt lat="-8.085947314338593" lon="113.66062265004454"><ele>512.8</ele><time>2026-08-14T10:11:43.000Z</time></trkpt><trkpt lat="-8.085959011005333" lon="113.66060730671082"><ele>512.8</ele><time>2026-08-14T10:11:44.000Z</time></trkpt><trkpt lat="-8.085974017671969" lon="113.66059732004378"><ele>512.8</ele><time>2026-08-14T10:11:45.000Z</time></trkpt><trkpt lat="-8.0859909243386" lon="113.66059139004365"><ele>512.9</ele><time>2026-08-14T10:11:46.000Z</time></trkpt><trkpt lat="-8.08600950767186" lon="113.6605867200436"><ele>512.9</ele><time>2026-08-14T10:11:47.000Z</time></trkpt><trkpt lat="-8.086027211004915" lon="113.66058338671023"><ele>512.9</ele><time>2026-08-14T10:11:48.000Z</time></trkpt><trkpt lat="-8.086044387671363" lon="113.66058196337687"><ele>512.9</ele><time>2026-08-14T10:11:49.000Z</time></trkpt><trkpt lat="-8.086060804337857" lon="113.6605796367102"><ele>512.9</ele><time>2026-08-14T10:11:50.000Z</time></trkpt><trkpt lat="-8.086077037671036" lon="113.6605769200435"><ele>512.7</ele><time>2026-08-14T10:11:51.000Z</time></trkpt><trkpt lat="-8.086093854337584" lon="113.66057467337677"><ele>512.7</ele><time>2026-08-14T10:11:52.000Z</time></trkpt><trkpt lat="-8.086111221004288" lon="113.66057341004344"><ele>512.7</ele><time>2026-08-14T10:11:53.000Z</time></trkpt><trkpt lat="-8.08612983433761" lon="113.66057237004343"><ele>512.7</ele><time>2026-08-14T10:11:54.000Z</time></trkpt><trkpt lat="-8.086150097670972" lon="113.66057214337677"><ele>512.7</ele><time>2026-08-14T10:11:55.000Z</time></trkpt><trkpt lat="-8.086171181004627" lon="113.66057223671014"><ele>512.5</ele><time>2026-08-14T10:11:56.000Z</time></trkpt><trkpt lat="-8.086192187671765" lon="113.6605723733768"><ele>512.5</ele><time>2026-08-14T10:11:57.000Z</time></trkpt><trkpt lat="-8.086214074338894" lon="113.66057254004345"><ele>512.5</ele><time>2026-08-14T10:11:58.000Z</time></trkpt><trkpt lat="-8.086236144339338" lon="113.66057435337686"><ele>512.5</ele><time>2026-08-14T10:11:59.000Z</time></trkpt><trkpt lat="-8.086258387673004" lon="113.66057722004366"><ele>512.5</ele><time>2026-08-14T10:12:00.000Z</time></trkpt><trkpt lat="-8.086280377673138" lon="113.6605809600438"><ele>512.3</ele><time>2026-08-14T10:12:01.000Z</time></trkpt><trkpt lat="-8.086304591006584" lon="113.66058542004399"><ele>512.3</ele><time>2026-08-14T10:12:02.000Z</time></trkpt><trkpt lat="-8.086329291006482" lon="113.66059079004413"><ele>512.3</ele><time>2026-08-14T10:12:03.000Z</time></trkpt><trkpt lat="-8.086352804339885" lon="113.66059491004421"><ele>512.3</ele><time>2026-08-14T10:12:04.000Z</time></trkpt><trkpt lat="-8.086375591006762" lon="113.66059807004426"><ele>512.3</ele><time>2026-08-14T10:12:05.000Z</time></trkpt><trkpt lat="-8.086396991007012" lon="113.66060012671093"><ele>512.3</ele><time>2026-08-14T10:12:06.000Z</time></trkpt><trkpt lat="-8.086417127673823" lon="113.66060262004427"><ele>512.3</ele><time>2026-08-14T10:12:07.000Z</time></trkpt><trkpt lat="-8.086436484340705" lon="113.66060581671101"><ele>512.3</ele><time>2026-08-14T10:12:08.000Z</time></trkpt><trkpt lat="-8.086456781007708" lon="113.66060943004439"><ele>512.3</ele><time>2026-08-14T10:12:09.000Z</time></trkpt><trkpt lat="-8.086477564341592" lon="113.6606148700444"><ele>512.3</ele><time>2026-08-14T10:12:10.000Z</time></trkpt><trkpt lat="-8.086500107675459" lon="113.66062106337775"><ele>512.2</ele><time>2026-08-14T10:12:11.000Z</time></trkpt><trkpt lat="-8.08652170434248" lon="113.66062832671108"><ele>512.2</ele><time>2026-08-14T10:12:12.000Z</time></trkpt><trkpt lat="-8.086543294342771" lon="113.66063618337778"><ele>512.2</ele><time>2026-08-14T10:12:13.000Z</time></trkpt><trkpt lat="-8.08656315434293" lon="113.6606436000445"><ele>512.2</ele><time>2026-08-14T10:12:14.000Z</time></trkpt><trkpt lat="-8.086582411009747" lon="113.66064907337788"><ele>512.2</ele><time>2026-08-14T10:12:15.000Z</time></trkpt><trkpt lat="-8.086601281009752" lon="113.66065541337794"><ele>511.9</ele><time>2026-08-14T10:12:16.000Z</time></trkpt><trkpt lat="-8.08661882767662" lon="113.6606606300447"><ele>511.9</ele><time>2026-08-14T10:12:17.000Z</time></trkpt><trkpt lat="-8.086636967677162" lon="113.66066517671148"><ele>511.9</ele><time>2026-08-14T10:12:18.000Z</time></trkpt><trkpt lat="-8.086656847677503" lon="113.66067014671152"><ele>511.9</ele><time>2026-08-14T10:12:19.000Z</time></trkpt><trkpt lat="-8.086677847677484" lon="113.66067640337826"><ele>511.9</ele><time>2026-08-14T10:12:20.000Z</time></trkpt><trkpt lat="-8.086697814344223" lon="113.66068173004501"><ele>511.1</ele><time>2026-08-14T10:12:21.000Z</time></trkpt><trkpt lat="-8.086719351010903" lon="113.66068665337839"><ele>511.1</ele><time>2026-08-14T10:12:22.000Z</time></trkpt><trkpt lat="-8.086739141010629" lon="113.66069281337846"><ele>511.1</ele><time>2026-08-14T10:12:23.000Z</time></trkpt><trkpt lat="-8.086760037676964" lon="113.66069919337853"><ele>511.1</ele><time>2026-08-14T10:12:24.000Z</time></trkpt><trkpt lat="-8.086779027676792" lon="113.66070545004534"><ele>511.1</ele><time>2026-08-14T10:12:25.000Z</time></trkpt><trkpt lat="-8.086797474343408" lon="113.66071215004551"><ele>510.7</ele><time>2026-08-14T10:12:26.000Z</time></trkpt><trkpt lat="-8.086814494343454" lon="113.66071912671237"><ele>510.7</ele><time>2026-08-14T10:12:27.000Z</time></trkpt><trkpt lat="-8.086832561010414" lon="113.66072333671248"><ele>510.7</ele><time>2026-08-14T10:12:28.000Z</time></trkpt><trkpt lat="-8.086849461011067" lon="113.66072709337928"><ele>510.7</ele><time>2026-08-14T10:12:29.000Z</time></trkpt><trkpt lat="-8.086865164345133" lon="113.66073107004597"><ele>510.7</ele><time>2026-08-14T10:12:30.000Z</time></trkpt><trkpt lat="-8.086881927678926" lon="113.66073618337933"><ele>509.7</ele><time>2026-08-14T10:12:31.000Z</time></trkpt><trkpt lat="-8.086900254345933" lon="113.660740990046"><ele>509.7</ele><time>2026-08-14T10:12:32.000Z</time></trkpt><trkpt lat="-8.08691830767965" lon="113.66074537004604"><ele>509.7</ele><time>2026-08-14T10:12:33.000Z</time></trkpt><trkpt lat="-8.086937337680062" lon="113.66074951671276"><ele>509.7</ele><time>2026-08-14T10:12:34.000Z</time></trkpt><trkpt lat="-8.086961714347495" lon="113.6607524933795"><ele>509.7</ele><time>2026-08-14T10:12:35.000Z</time></trkpt><trkpt lat="-8.0869873076817" lon="113.66075383004622"><ele>508.7</ele><time>2026-08-14T10:12:36.000Z</time></trkpt><trkpt lat="-8.087012921016086" lon="113.66075528671294"><ele>508.7</ele><time>2026-08-14T10:12:37.000Z</time></trkpt><trkpt lat="-8.087038331016974" lon="113.66075624671294"><ele>508.7</ele><time>2026-08-14T10:12:38.000Z</time></trkpt><trkpt lat="-8.087063044351186" lon="113.66075703004626"><ele>508.7</ele><time>2026-08-14T10:12:39.000Z</time></trkpt><trkpt lat="-8.087083777685034" lon="113.66075745004625"><ele>508.7</ele><time>2026-08-14T10:12:40.000Z</time></trkpt><trkpt lat="-8.087104187685561" lon="113.66075787004624"><ele>508.2</ele><time>2026-08-14T10:12:41.000Z</time></trkpt><trkpt lat="-8.087125934352683" lon="113.66076034004618"><ele>508.2</ele><time>2026-08-14T10:12:42.000Z</time></trkpt><trkpt lat="-8.08714851768649" lon="113.66076366337947"><ele>508.2</ele><time>2026-08-14T10:12:43.000Z</time></trkpt><trkpt lat="-8.087171017686623" lon="113.66076721671274"><ele>508.2</ele><time>2026-08-14T10:12:44.000Z</time></trkpt><trkpt lat="-8.087194594353516" lon="113.66077242004602"><ele>508.2</ele><time>2026-08-14T10:12:45.000Z</time></trkpt><trkpt lat="-8.087217867687276" lon="113.66077682004592"><ele>507.3</ele><time>2026-08-14T10:12:46.000Z</time></trkpt><trkpt lat="-8.087239581021183" lon="113.66077991337924"><ele>507.3</ele><time>2026-08-14T10:12:47.000Z</time></trkpt><trkpt lat="-8.087260324355125" lon="113.66078243337923"><ele>507.3</ele><time>2026-08-14T10:12:48.000Z</time></trkpt><trkpt lat="-8.087279674355923" lon="113.66078412671251"><ele>507.3</ele><time>2026-08-14T10:12:49.000Z</time></trkpt><trkpt lat="-8.087297367689956" lon="113.66078398337918"><ele>507.3</ele><time>2026-08-14T10:12:50.000Z</time></trkpt><trkpt lat="-8.087315074357017" lon="113.66078362671249"><ele>506.5</ele><time>2026-08-14T10:12:51.000Z</time></trkpt><trkpt lat="-8.08733350435724" lon="113.66078048671238"><ele>506.5</ele><time>2026-08-14T10:12:52.000Z</time></trkpt><trkpt lat="-8.08735275435733" lon="113.66077494671231"><ele>506.5</ele><time>2026-08-14T10:12:53.000Z</time></trkpt><trkpt lat="-8.087372664357305" lon="113.66076904337888"><ele>506.5</ele><time>2026-08-14T10:12:54.000Z</time></trkpt><trkpt lat="-8.087393754357262" lon="113.66076135004543"><ele>506.5</ele><time>2026-08-14T10:12:55.000Z</time></trkpt><trkpt lat="-8.08741556769081" lon="113.66075345004538"><ele>506.1</ele><time>2026-08-14T10:12:56.000Z</time></trkpt><trkpt lat="-8.087437627691163" lon="113.66074757671204"><ele>506.1</ele><time>2026-08-14T10:12:57.000Z</time></trkpt><trkpt lat="-8.087458464358228" lon="113.66074380671208"><ele>506.1</ele><time>2026-08-14T10:12:58.000Z</time></trkpt><trkpt lat="-8.087479504358793" lon="113.66073764004537"><ele>506.1</ele><time>2026-08-14T10:12:59.000Z</time></trkpt><trkpt lat="-8.087499347692557" lon="113.66073108004534"><ele>506.1</ele><time>2026-08-14T10:13:00.000Z</time></trkpt><trkpt lat="-8.087519171026136" lon="113.66072650004534"><ele>505.7</ele><time>2026-08-14T10:13:01.000Z</time></trkpt><trkpt lat="-8.087538401026041" lon="113.6607231433787"><ele>505.7</ele><time>2026-08-14T10:13:02.000Z</time></trkpt><trkpt lat="-8.087559454359205" lon="113.66072454004521"><ele>505.7</ele><time>2026-08-14T10:13:03.000Z</time></trkpt><trkpt lat="-8.08757984102554" lon="113.66072948671183"><ele>505.7</ele><time>2026-08-14T10:13:04.000Z</time></trkpt><trkpt lat="-8.08760265769184" lon="113.66073749004514"><ele>505.7</ele><time>2026-08-14T10:13:05.000Z</time></trkpt><trkpt lat="-8.087626937691713" lon="113.66074416671172"><ele>505.1</ele><time>2026-08-14T10:13:06.000Z</time></trkpt><trkpt lat="-8.0876524143586" lon="113.66074818337825"><ele>505.1</ele><time>2026-08-14T10:13:07.000Z</time></trkpt><trkpt lat="-8.087678601025619" lon="113.66074834004493"><ele>505.1</ele><time>2026-08-14T10:13:08.000Z</time></trkpt><trkpt lat="-8.087706681025903" lon="113.66074611337822"><ele>505.1</ele><time>2026-08-14T10:13:09.000Z</time></trkpt><trkpt lat="-8.087735031026542" lon="113.66074295671146"><ele>505.1</ele><time>2026-08-14T10:13:10.000Z</time></trkpt><trkpt lat="-8.087763187693772" lon="113.66073991004471"><ele>504.7</ele><time>2026-08-14T10:13:11.000Z</time></trkpt><trkpt lat="-8.08779171102763" lon="113.66073607337793"><ele>504.7</ele><time>2026-08-14T10:13:12.000Z</time></trkpt><trkpt lat="-8.087819494361508" lon="113.6607324333778"><ele>504.7</ele><time>2026-08-14T10:13:13.000Z</time></trkpt><trkpt lat="-8.087846471028975" lon="113.66073045004438"><ele>504.7</ele><time>2026-08-14T10:13:14.000Z</time></trkpt><trkpt lat="-8.087872674362817" lon="113.66072933337766"><ele>504.7</ele><time>2026-08-14T10:13:15.000Z</time></trkpt><trkpt lat="-8.087897221030106" lon="113.66072760004423"><ele>503.9</ele><time>2026-08-14T10:13:16.000Z</time></trkpt><trkpt lat="-8.087921164364058" lon="113.66072673004415"><ele>503.9</ele><time>2026-08-14T10:13:17.000Z</time></trkpt><trkpt lat="-8.087944471031456" lon="113.66072636671076"><ele>503.9</ele><time>2026-08-14T10:13:18.000Z</time></trkpt><trkpt lat="-8.087969257698822" lon="113.66072631004405"><ele>503.9</ele><time>2026-08-14T10:13:19.000Z</time></trkpt><trkpt lat="-8.08799549769967" lon="113.66072723337736"><ele>503.9</ele><time>2026-08-14T10:13:20.000Z</time></trkpt><trkpt lat="-8.088021467700163" lon="113.66072860337738"><ele>503.2</ele><time>2026-08-14T10:13:21.000Z</time></trkpt><trkpt lat="-8.088045981033812" lon="113.66073120671076"><ele>503.2</ele><time>2026-08-14T10:13:22.000Z</time></trkpt><trkpt lat="-8.088069867700572" lon="113.66073313004412"><ele>503.2</ele><time>2026-08-14T10:13:23.000Z</time></trkpt><trkpt lat="-8.088093154367359" lon="113.6607347867108"><ele>503.2</ele><time>2026-08-14T10:13:24.000Z</time></trkpt><trkpt lat="-8.08811472770083" lon="113.6607344367108"><ele>503.2</ele><time>2026-08-14T10:13:25.000Z</time></trkpt><trkpt lat="-8.088135121034536" lon="113.66073222004411"><ele>502.8</ele><time>2026-08-14T10:13:26.000Z</time></trkpt><trkpt lat="-8.08815563103513" lon="113.66072790671072"><ele>502.8</ele><time>2026-08-14T10:13:27.000Z</time></trkpt><trkpt lat="-8.088176851035858" lon="113.66072479671064"><ele>502.8</ele><time>2026-08-14T10:13:28.000Z</time></trkpt><trkpt lat="-8.088197237703264" lon="113.6607214400439"><ele>502.8</ele><time>2026-08-14T10:13:29.000Z</time></trkpt><trkpt lat="-8.088216844370745" lon="113.66071722337715"><ele>502.8</ele><time>2026-08-14T10:13:30.000Z</time></trkpt><trkpt lat="-8.088236631038177" lon="113.66071319004372"><ele>502.1</ele><time>2026-08-14T10:13:31.000Z</time></trkpt><trkpt lat="-8.088257044372067" lon="113.66071001004366"><ele>502.1</ele><time>2026-08-14T10:13:32.000Z</time></trkpt><trkpt lat="-8.088277001039357" lon="113.66070446671026"><ele>502.1</ele><time>2026-08-14T10:13:33.000Z</time></trkpt><trkpt lat="-8.088297874373215" lon="113.66069997004351"><ele>502.1</ele><time>2026-08-14T10:13:34.000Z</time></trkpt><trkpt lat="-8.088317704373523" lon="113.66069560671005"><ele>502.1</ele><time>2026-08-14T10:13:35.000Z</time></trkpt><trkpt lat="-8.088337691040447" lon="113.6606907367099"><ele>501.7</ele><time>2026-08-14T10:13:36.000Z</time></trkpt><trkpt lat="-8.088356084374093" lon="113.66068426004297"><ele>501.7</ele><time>2026-08-14T10:13:37.000Z</time></trkpt><trkpt lat="-8.088374937707705" lon="113.66067717670937"><ele>501.7</ele><time>2026-08-14T10:13:38.000Z</time></trkpt><trkpt lat="-8.08839268770807" lon="113.66066943337577"><ele>501.7</ele><time>2026-08-14T10:13:39.000Z</time></trkpt><trkpt lat="-8.088410187708485" lon="113.6606624967089"><ele>501.7</ele><time>2026-08-14T10:13:40.000Z</time></trkpt><trkpt lat="-8.088429877708785" lon="113.66065638670875"><ele>501.5</ele><time>2026-08-14T10:13:41.000Z</time></trkpt><trkpt lat="-8.088451324375919" lon="113.66065377337543"><ele>501.5</ele><time>2026-08-14T10:13:42.000Z</time></trkpt><trkpt lat="-8.08847289437624" lon="113.66065428004211"><ele>501.5</ele><time>2026-08-14T10:13:43.000Z</time></trkpt><trkpt lat="-8.088495011043138" lon="113.66065499337546"><ele>501.5</ele><time>2026-08-14T10:13:44.000Z</time></trkpt><trkpt lat="-8.088517461043452" lon="113.66065763337554"><ele>501.5</ele><time>2026-08-14T10:13:45.000Z</time></trkpt><trkpt lat="-8.088539377710644" lon="113.66066074004225"><ele>501.1</ele><time>2026-08-14T10:13:46.000Z</time></trkpt><trkpt lat="-8.088560804377591" lon="113.66066231004228"><ele>501.1</ele><time>2026-08-14T10:13:47.000Z</time></trkpt><trkpt lat="-8.088582614377989" lon="113.66066378004237"><ele>501.1</ele><time>2026-08-14T10:13:48.000Z</time></trkpt><trkpt lat="-8.088605037711819" lon="113.66066718337584"><ele>501.1</ele><time>2026-08-14T10:13:49.000Z</time></trkpt><trkpt lat="-8.088629444379098" lon="113.66067029670928"><ele>501.1</ele><time>2026-08-14T10:13:50.000Z</time></trkpt><trkpt lat="-8.088653487713117" lon="113.66067353337607"><ele>500.4</ele><time>2026-08-14T10:13:51.000Z</time></trkpt><trkpt lat="-8.088678944380675" lon="113.66067623004281"><ele>500.4</ele><time>2026-08-14T10:13:52.000Z</time></trkpt><trkpt lat="-8.088704357714928" lon="113.66067743337616"><ele>500.4</ele><time>2026-08-14T10:13:53.000Z</time></trkpt><trkpt lat="-8.088728251049274" lon="113.66067629670945"><ele>500.4</ele><time>2026-08-14T10:13:54.000Z</time></trkpt><trkpt lat="-8.088751591049887" lon="113.66067362337603"><ele>500.4</ele><time>2026-08-14T10:13:55.000Z</time></trkpt><trkpt lat="-8.088774214383635" lon="113.66067118004261"><ele>500.0</ele><time>2026-08-14T10:13:56.000Z</time></trkpt><trkpt lat="-8.088795697717131" lon="113.66066881337588"><ele>500.0</ele><time>2026-08-14T10:13:57.000Z</time></trkpt><trkpt lat="-8.088817541050528" lon="113.66066725670915"><ele>500.0</ele><time>2026-08-14T10:13:58.000Z</time></trkpt><trkpt lat="-8.088842301050551" lon="113.66066559670908"><ele>500.0</ele><time>2026-08-14T10:13:59.000Z</time></trkpt><trkpt lat="-8.088866247717439" lon="113.6606640933757"><ele>500.0</ele><time>2026-08-14T10:14:00.000Z</time></trkpt><trkpt lat="-8.08888988438446" lon="113.66066347004235"><ele>499.1</ele><time>2026-08-14T10:14:01.000Z</time></trkpt><trkpt lat="-8.088912444384933" lon="113.660663246709"><ele>499.1</ele><time>2026-08-14T10:14:02.000Z</time></trkpt><trkpt lat="-8.088929304385323" lon="113.66066247337565"><ele>499.1</ele><time>2026-08-14T10:14:03.000Z</time></trkpt><trkpt lat="-8.088940834385514" lon="113.6606613033756"><ele>499.1</ele><time>2026-08-14T10:14:04.000Z</time></trkpt><trkpt lat="-8.088949404385662" lon="113.66066004337554"><ele>499.1</ele><time>2026-08-14T10:14:05.000Z</time></trkpt><trkpt lat="-8.088955891052398" lon="113.66065772670883"><ele>498.3</ele><time>2026-08-14T10:14:06.000Z</time></trkpt><trkpt lat="-8.088963024385993" lon="113.66065517004213"><ele>498.3</ele><time>2026-08-14T10:14:07.000Z</time></trkpt><trkpt lat="-8.08897668771963" lon="113.66065070670882"><ele>498.3</ele><time>2026-08-14T10:14:08.000Z</time></trkpt><trkpt lat="-8.088994254386467" lon="113.66064649670884"><ele>498.3</ele><time>2026-08-14T10:14:09.000Z</time></trkpt><trkpt lat="-8.089017187719975" lon="113.66064033004223"><ele>498.3</ele><time>2026-08-14T10:14:10.000Z</time></trkpt><trkpt lat="-8.08904232438672" lon="113.6606335867089"><ele>498.0</ele><time>2026-08-14T10:14:11.000Z</time></trkpt><trkpt lat="-8.0890676143865" lon="113.66062688670893"><ele>498.0</ele><time>2026-08-14T10:14:12.000Z</time></trkpt><trkpt lat="-8.089091037719502" lon="113.66062001004211"><ele>498.0</ele><time>2026-08-14T10:14:13.000Z</time></trkpt><trkpt lat="-8.08911459771915" lon="113.6606116567086"><ele>498.0</ele><time>2026-08-14T10:14:14.000Z</time></trkpt><trkpt lat="-8.089136521051998" lon="113.66060116004167"><ele>498.0</ele><time>2026-08-14T10:14:15.000Z</time></trkpt><trkpt lat="-8.089158627718161" lon="113.66058947337467"><ele>497.5</ele><time>2026-08-14T10:14:16.000Z</time></trkpt><trkpt lat="-8.089181894384334" lon="113.66057639004107"><ele>497.5</ele><time>2026-08-14T10:14:17.000Z</time></trkpt><trkpt lat="-8.08920455771738" lon="113.66056309670746"><ele>497.5</ele><time>2026-08-14T10:14:18.000Z</time></trkpt><trkpt lat="-8.089225237717189" lon="113.66055123004055"><ele>497.5</ele><time>2026-08-14T10:14:19.000Z</time></trkpt><trkpt lat="-8.089246277717326" lon="113.6605430400404"><ele>497.5</ele><time>2026-08-14T10:14:20.000Z</time></trkpt><trkpt lat="-8.08926949771747" lon="113.6605384800403"><ele>497.0</ele><time>2026-08-14T10:14:21.000Z</time></trkpt><trkpt lat="-8.089292501051087" lon="113.6605373767068"><ele>497.0</ele><time>2026-08-14T10:14:22.000Z</time></trkpt><trkpt lat="-8.089315854384727" lon="113.66054000670678"><ele>497.0</ele><time>2026-08-14T10:14:23.000Z</time></trkpt><trkpt lat="-8.089339701051976" lon="113.66054443337346"><ele>497.0</ele><time>2026-08-14T10:14:24.000Z</time></trkpt><trkpt lat="-8.089363154385683" lon="113.6605499867068"><ele>497.0</ele><time>2026-08-14T10:14:25.000Z</time></trkpt><trkpt lat="-8.089385011052963" lon="113.66055431337345"><ele>496.7</ele><time>2026-08-14T10:14:26.000Z</time></trkpt><trkpt lat="-8.089406087720318" lon="113.66055712670682"><ele>496.7</ele><time>2026-08-14T10:14:27.000Z</time></trkpt><trkpt lat="-8.089428301054136" lon="113.66056023670686"><ele>496.7</ele><time>2026-08-14T10:14:28.000Z</time></trkpt><trkpt lat="-8.089450581054376" lon="113.66056077337353"><ele>496.7</ele><time>2026-08-14T10:14:29.000Z</time></trkpt><trkpt lat="-8.089473414387923" lon="113.66055895670677"><ele>496.7</ele><time>2026-08-14T10:14:30.000Z</time></trkpt><trkpt lat="-8.089496167721162" lon="113.6605543667066"><ele>496.1</ele><time>2026-08-14T10:14:31.000Z</time></trkpt><trkpt lat="-8.08951880438751" lon="113.66054707337305"><ele>496.1</ele><time>2026-08-14T10:14:32.000Z</time></trkpt><trkpt lat="-8.089540474387254" lon="113.66053482670615"><ele>496.1</ele><time>2026-08-14T10:14:33.000Z</time></trkpt><trkpt lat="-8.089561757720402" lon="113.660520646706"><ele>496.1</ele><time>2026-08-14T10:14:34.000Z</time></trkpt><trkpt lat="-8.089583131053525" lon="113.66050567337251"><ele>496.1</ele><time>2026-08-14T10:14:35.000Z</time></trkpt><trkpt lat="-8.089604654386747" lon="113.66048949003887"><ele>495.6</ele><time>2026-08-14T10:14:36.000Z</time></trkpt><trkpt lat="-8.089625574386632" lon="113.6604737267053"><ele>495.6</ele><time>2026-08-14T10:14:37.000Z</time></trkpt><trkpt lat="-8.08964654438655" lon="113.66045934003837"><ele>495.6</ele><time>2026-08-14T10:14:38.000Z</time></trkpt><trkpt lat="-8.089667614386535" lon="113.66044970003807"><ele>495.6</ele><time>2026-08-14T10:14:39.000Z</time></trkpt><trkpt lat="-8.089686871053352" lon="113.66044288003783"><ele>495.6</ele><time>2026-08-14T10:14:40.000Z</time></trkpt><trkpt lat="-8.089703764386847" lon="113.66044092337117"><ele>495.2</ele><time>2026-08-14T10:14:41.000Z</time></trkpt><trkpt lat="-8.089720517720334" lon="113.66044675003798"><ele>495.2</ele><time>2026-08-14T10:14:42.000Z</time></trkpt><trkpt lat="-8.089733641053801" lon="113.66045989670472"><ele>495.2</ele><time>2026-08-14T10:14:43.000Z</time></trkpt><trkpt lat="-8.08974279438716" lon="113.66047602670491"><ele>495.2</ele><time>2026-08-14T10:14:44.000Z</time></trkpt><trkpt lat="-8.089747931053738" lon="113.66049529670511"><ele>495.2</ele><time>2026-08-14T10:14:45.000Z</time></trkpt><trkpt lat="-8.089750524387018" lon="113.66051802003885"><ele>494.5</ele><time>2026-08-14T10:14:46.000Z</time></trkpt><trkpt lat="-8.08974841105373" lon="113.66053939337235"><ele>494.5</ele><time>2026-08-14T10:14:47.000Z</time></trkpt><trkpt lat="-8.089745384387076" lon="113.66055793670603"><ele>494.5</ele><time>2026-08-14T10:14:48.000Z</time></trkpt><trkpt lat="-8.089743297720432" lon="113.66057527003957"><ele>494.5</ele><time>2026-08-14T10:14:49.000Z</time></trkpt><trkpt lat="-8.089743287720527" lon="113.66059308003992"><ele>494.5</ele><time>2026-08-14T10:14:50.000Z</time></trkpt><trkpt lat="-8.089743574387299" lon="113.66061107004012"><ele>493.7</ele><time>2026-08-14T10:14:51.000Z</time></trkpt><trkpt lat="-8.089744954387367" lon="113.66062862004033"><ele>493.7</ele><time>2026-08-14T10:14:52.000Z</time></trkpt><trkpt lat="-8.089747827720803" lon="113.66064645004056"><ele>493.7</ele><time>2026-08-14T10:14:53.000Z</time></trkpt><trkpt lat="-8.089751314387616" lon="113.66066399004092"><ele>493.7</ele><time>2026-08-14T10:14:54.000Z</time></trkpt><trkpt lat="-8.089752441054365" lon="113.66068056670781"><ele>493.7</ele><time>2026-08-14T10:14:55.000Z</time></trkpt><trkpt lat="-8.089752981054435" lon="113.66069621670803"><ele>493.3</ele><time>2026-08-14T10:14:56.000Z</time></trkpt><trkpt lat="-8.08975300772116" lon="113.6607129500419"><ele>493.3</ele><time>2026-08-14T10:14:57.000Z</time></trkpt><trkpt lat="-8.08975205438787" lon="113.66073084337545"><ele>493.3</ele><time>2026-08-14T10:14:58.000Z</time></trkpt><trkpt lat="-8.089750464387867" lon="113.66075006004226"><ele>493.3</ele><time>2026-08-14T10:14:59.000Z</time></trkpt><trkpt lat="-8.089751534387918" lon="113.66077080337568"><ele>493.3</ele><time>2026-08-14T10:15:00.000Z</time></trkpt><trkpt lat="-8.089753961054667" lon="113.66079143670902"><ele>492.5</ele><time>2026-08-14T10:15:01.000Z</time></trkpt><trkpt lat="-8.089758831054784" lon="113.66081191004226"><ele>492.5</ele><time>2026-08-14T10:15:02.000Z</time></trkpt><trkpt lat="-8.089766631054832" lon="113.66083182337574"><ele>492.5</ele><time>2026-08-14T10:15:03.000Z</time></trkpt><trkpt lat="-8.089775661054842" lon="113.66085000670918"><ele>492.5</ele><time>2026-08-14T10:15:04.000Z</time></trkpt><trkpt lat="-8.089786994388156" lon="113.660866633376"><ele>492.5</ele><time>2026-08-14T10:15:05.000Z</time></trkpt><trkpt lat="-8.089799741054795" lon="113.66088326670953"><ele>491.7</ele><time>2026-08-14T10:15:06.000Z</time></trkpt><trkpt lat="-8.089813521054678" lon="113.6608978233763"><ele>491.7</ele><time>2026-08-14T10:15:07.000Z</time></trkpt><trkpt lat="-8.089826337721323" lon="113.66091176004306"><ele>491.7</ele><time>2026-08-14T10:15:08.000Z</time></trkpt><trkpt lat="-8.089840917721315" lon="113.66092618004332"><ele>491.7</ele><time>2026-08-14T10:15:09.000Z</time></trkpt><trkpt lat="-8.089853921054637" lon="113.66094129004357"><ele>491.7</ele><time>2026-08-14T10:15:10.000Z</time></trkpt><trkpt lat="-8.089867811054678" lon="113.66095650004388"><ele>491.4</ele><time>2026-08-14T10:15:11.000Z</time></trkpt><trkpt lat="-8.08988141438819" lon="113.6609738867108"><ele>491.4</ele><time>2026-08-14T10:15:12.000Z</time></trkpt><trkpt lat="-8.08989581772181" lon="113.66099134671103"><ele>491.4</ele><time>2026-08-14T10:15:13.000Z</time></trkpt><trkpt lat="-8.089909084388758" lon="113.66100938671138"><ele>491.4</ele><time>2026-08-14T10:15:14.000Z</time></trkpt><trkpt lat="-8.089922444389043" lon="113.6610271900452"><ele>491.4</ele><time>2026-08-14T10:15:15.000Z</time></trkpt><trkpt lat="-8.089935104389287" lon="113.66104598004559"><ele>490.6</ele><time>2026-08-14T10:15:16.000Z</time></trkpt><trkpt lat="-8.089948111056186" lon="113.66106323671269"><ele>490.6</ele><time>2026-08-14T10:15:17.000Z</time></trkpt><trkpt lat="-8.089961007722927" lon="113.66108027337982"><ele>490.6</ele><time>2026-08-14T10:15:18.000Z</time></trkpt><trkpt lat="-8.089974497723128" lon="113.66109611004666"><ele>490.6</ele><time>2026-08-14T10:15:19.000Z</time></trkpt><trkpt lat="-8.08998723772336" lon="113.66111028337998"><ele>490.6</ele><time>2026-08-14T10:15:20.000Z</time></trkpt><trkpt lat="-8.090001244390184" lon="113.66112265337998"><ele>489.7</ele><time>2026-08-14T10:15:21.000Z</time></trkpt><trkpt lat="-8.090015711056973" lon="113.66113664337976"><ele>489.7</ele><time>2026-08-14T10:15:22.000Z</time></trkpt><trkpt lat="-8.09002994105705" lon="113.66115060671288"><ele>489.7</ele><time>2026-08-14T10:15:23.000Z</time></trkpt><trkpt lat="-8.09004535439047" lon="113.66116700671284"><ele>489.7</ele><time>2026-08-14T10:15:24.000Z</time></trkpt><trkpt lat="-8.090061667723962" lon="113.66118637004612"><ele>489.7</ele><time>2026-08-14T10:15:25.000Z</time></trkpt><trkpt lat="-8.090077707724165" lon="113.66120628004612"><ele>489.3</ele><time>2026-08-14T10:15:26.000Z</time></trkpt><trkpt lat="-8.090095051057748" lon="113.66122576337975"><ele>489.3</ele><time>2026-08-14T10:15:27.000Z</time></trkpt><trkpt lat="-8.090114007724791" lon="113.66124591338007"><ele>489.3</ele><time>2026-08-14T10:15:28.000Z</time></trkpt><trkpt lat="-8.090132607725302" lon="113.66126483671363"><ele>489.3</ele><time>2026-08-14T10:15:29.000Z</time></trkpt><trkpt lat="-8.090153344392515" lon="113.6612821933805"><ele>489.3</ele><time>2026-08-14T10:15:30.000Z</time></trkpt><trkpt lat="-8.09017395105981" lon="113.6612991800475"><ele>488.5</ele><time>2026-08-14T10:15:31.000Z</time></trkpt><trkpt lat="-8.090193457727224" lon="113.66131398338095"><ele>488.5</ele><time>2026-08-14T10:15:32.000Z</time></trkpt><trkpt lat="-8.090212857727844" lon="113.66132797671439"><ele>488.5</ele><time>2026-08-14T10:15:33.000Z</time></trkpt><trkpt lat="-8.090232427728319" lon="113.66134152338108"><ele>488.5</ele><time>2026-08-14T10:15:34.000Z</time></trkpt><trkpt lat="-8.090252221062048" lon="113.66135389004792"><ele>488.5</ele><time>2026-08-14T10:15:35.000Z</time></trkpt><trkpt lat="-8.090272197729092" lon="113.66136446671469"><ele>487.3</ele><time>2026-08-14T10:15:36.000Z</time></trkpt><trkpt lat="-8.090291051062705" lon="113.6613762000483"><ele>487.3</ele><time>2026-08-14T10:15:37.000Z</time></trkpt><trkpt lat="-8.090311841063315" lon="113.6613863000485"><ele>487.3</ele><time>2026-08-14T10:15:38.000Z</time></trkpt><trkpt lat="-8.090333304397056" lon="113.6613940233821"><ele>487.3</ele><time>2026-08-14T10:15:39.000Z</time></trkpt><trkpt lat="-8.090355087730755" lon="113.66140179004901"><ele>487.3</ele><time>2026-08-14T10:15:40.000Z</time></trkpt><trkpt lat="-8.090376711064476" lon="113.66140949004924"><ele>486.7</ele><time>2026-08-14T10:15:41.000Z</time></trkpt><trkpt lat="-8.090401667731484" lon="113.66141539671601"><ele>486.7</ele><time>2026-08-14T10:15:42.000Z</time></trkpt><trkpt lat="-8.090424304398475" lon="113.66142297671611"><ele>486.7</ele><time>2026-08-14T10:15:43.000Z</time></trkpt><trkpt lat="-8.090447091065567" lon="113.66143137338284"><ele>486.7</ele><time>2026-08-14T10:15:44.000Z</time></trkpt><trkpt lat="-8.090468797732532" lon="113.66143998004952"><ele>486.7</ele><time>2026-08-14T10:15:45.000Z</time></trkpt><trkpt lat="-8.09049158439941" lon="113.66144877671624"><ele>485.2</ele><time>2026-08-14T10:15:46.000Z</time></trkpt><trkpt lat="-8.090512757733041" lon="113.661457183383"><ele>485.2</ele><time>2026-08-14T10:15:47.000Z</time></trkpt><trkpt lat="-8.090534421066488" lon="113.66146353671643"><ele>485.2</ele><time>2026-08-14T10:15:48.000Z</time></trkpt><trkpt lat="-8.090555957733383" lon="113.66147070671659"><ele>485.2</ele><time>2026-08-14T10:15:49.000Z</time></trkpt><trkpt lat="-8.090578021067097" lon="113.66147539338336"><ele>485.2</ele><time>2026-08-14T10:15:50.000Z</time></trkpt><trkpt lat="-8.09059947773411" lon="113.66147797338344"><ele>483.9</ele><time>2026-08-14T10:15:51.000Z</time></trkpt><trkpt lat="-8.090620551067675" lon="113.66148054338348"><ele>483.9</ele><time>2026-08-14T10:15:52.000Z</time></trkpt><trkpt lat="-8.090643141067781" lon="113.66148351671684"><ele>483.9</ele><time>2026-08-14T10:15:53.000Z</time></trkpt><trkpt lat="-8.09066654773439" lon="113.66148409005015"><ele>483.9</ele><time>2026-08-14T10:15:54.000Z</time></trkpt><trkpt lat="-8.090691064400975" lon="113.66148473338349"><ele>483.9</ele><time>2026-08-14T10:15:55.000Z</time></trkpt><trkpt lat="-8.090717147734138" lon="113.6614865967168"><ele>483.4</ele><time>2026-08-14T10:15:56.000Z</time></trkpt><trkpt lat="-8.090744491067374" lon="113.66148758005014"><ele>483.4</ele><time>2026-08-14T10:15:57.000Z</time></trkpt><trkpt lat="-8.090772164400663" lon="113.66148653005011"><ele>483.4</ele><time>2026-08-14T10:15:58.000Z</time></trkpt><trkpt lat="-8.090799387734076" lon="113.66148552338345"><ele>483.4</ele><time>2026-08-14T10:15:59.000Z</time></trkpt><trkpt lat="-8.090825101067674" lon="113.6614849267168"><ele>483.4</ele><time>2026-08-14T10:16:00.000Z</time></trkpt><trkpt lat="-8.090849844401305" lon="113.66148510338341"><ele>482.6</ele><time>2026-08-14T10:16:01.000Z</time></trkpt><trkpt lat="-8.090875137734878" lon="113.66148515671668"><ele>482.6</ele><time>2026-08-14T10:16:02.000Z</time></trkpt><trkpt lat="-8.090900537735246" lon="113.66148661004998"><ele>482.6</ele><time>2026-08-14T10:16:03.000Z</time></trkpt><trkpt lat="-8.090926187735784" lon="113.66148756338325"><ele>482.6</ele><time>2026-08-14T10:16:04.000Z</time></trkpt><trkpt lat="-8.090951694402948" lon="113.66148905338324"><ele>482.6</ele><time>2026-08-14T10:16:05.000Z</time></trkpt><trkpt lat="-8.090977854403484" lon="113.66148902338323"><ele>482.0</ele><time>2026-08-14T10:16:06.000Z</time></trkpt><trkpt lat="-8.091003601070724" lon="113.66148870671661"><ele>482.0</ele><time>2026-08-14T10:16:07.000Z</time></trkpt><trkpt lat="-8.091029217738049" lon="113.66148750671664"><ele>482.0</ele><time>2026-08-14T10:16:08.000Z</time></trkpt><trkpt lat="-8.091054531071807" lon="113.66148629005"><ele>482.0</ele><time>2026-08-14T10:16:09.000Z</time></trkpt><trkpt lat="-8.091081311072076" lon="113.66148347004996"><ele>482.0</ele><time>2026-08-14T10:16:10.000Z</time></trkpt><trkpt lat="-8.091107047739223" lon="113.6614806800499"><ele>481.7</ele><time>2026-08-14T10:16:11.000Z</time></trkpt><trkpt lat="-8.091131744406187" lon="113.66147773338317"><ele>481.7</ele><time>2026-08-14T10:16:12.000Z</time></trkpt><trkpt lat="-8.091154781072806" lon="113.66147559004976"><ele>481.7</ele><time>2026-08-14T10:16:13.000Z</time></trkpt><trkpt lat="-8.091177254406025" lon="113.66147382004972"><ele>481.7</ele><time>2026-08-14T10:16:14.000Z</time></trkpt><trkpt lat="-8.091199434405771" lon="113.66147185004965"><ele>481.7</ele><time>2026-08-14T10:16:15.000Z</time></trkpt><trkpt lat="-8.091222324405226" lon="113.66146964671626"><ele>480.8</ele><time>2026-08-14T10:16:16.000Z</time></trkpt><trkpt lat="-8.09124586773805" lon="113.66146718338287"><ele>480.8</ele><time>2026-08-14T10:16:17.000Z</time></trkpt><trkpt lat="-8.091269607737647" lon="113.6614645533828"><ele>480.8</ele><time>2026-08-14T10:16:18.000Z</time></trkpt><trkpt lat="-8.09129329107048" lon="113.66146180338274"><ele>480.8</ele><time>2026-08-14T10:16:19.000Z</time></trkpt><trkpt lat="-8.091316107736777" lon="113.66146054338273"><ele>480.8</ele><time>2026-08-14T10:16:20.000Z</time></trkpt><trkpt lat="-8.09133821440337" lon="113.66145893338269"><ele>479.8</ele><time>2026-08-14T10:16:21.000Z</time></trkpt><trkpt lat="-8.091359317736783" lon="113.66145689338263"><ele>479.8</ele><time>2026-08-14T10:16:22.000Z</time></trkpt><trkpt lat="-8.091380754403609" lon="113.66145459004925"><ele>479.8</ele><time>2026-08-14T10:16:23.000Z</time></trkpt><trkpt lat="-8.091403317737232" lon="113.6614524433825"><ele>479.8</ele><time>2026-08-14T10:16:24.000Z</time></trkpt><trkpt lat="-8.091425774404058" lon="113.66144931671575"><ele>479.8</ele><time>2026-08-14T10:16:25.000Z</time></trkpt><trkpt lat="-8.091447774404283" lon="113.66144536338231"><ele>479.3</ele><time>2026-08-14T10:16:26.000Z</time></trkpt><trkpt lat="-8.091469601071285" lon="113.66144110004889"><ele>479.3</ele><time>2026-08-14T10:16:27.000Z</time></trkpt><trkpt lat="-8.091489531071662" lon="113.66143602338214"><ele>479.3</ele><time>2026-08-14T10:16:28.000Z</time></trkpt><trkpt lat="-8.09150749107204" lon="113.66142921004867"><ele>479.3</ele><time>2026-08-14T10:16:29.000Z</time></trkpt><trkpt lat="-8.091524071072522" lon="113.66142081004844"><ele>479.3</ele><time>2026-08-14T10:16:30.000Z</time></trkpt><trkpt lat="-8.091539507739384" lon="113.66141237338158"><ele>478.4</ele><time>2026-08-14T10:16:31.000Z</time></trkpt><trkpt lat="-8.091554031072828" lon="113.66140362004803"><ele>478.4</ele><time>2026-08-14T10:16:32.000Z</time></trkpt><trkpt lat="-8.091568801072864" lon="113.66139369338109"><ele>478.4</ele><time>2026-08-14T10:16:33.000Z</time></trkpt><trkpt lat="-8.09158305107302" lon="113.661381763381"><ele>478.4</ele><time>2026-08-14T10:16:34.000Z</time></trkpt><trkpt lat="-8.091597901073149" lon="113.66136923004765"><ele>478.4</ele><time>2026-08-14T10:16:35.000Z</time></trkpt><trkpt lat="-8.091612937739956" lon="113.6613559500477"><ele>477.5</ele><time>2026-08-14T10:16:36.000Z</time></trkpt><trkpt lat="-8.091628811073239" lon="113.66134213671448"><ele>477.5</ele><time>2026-08-14T10:16:37.000Z</time></trkpt><trkpt lat="-8.091644894406532" lon="113.6613279967147"><ele>477.5</ele><time>2026-08-14T10:16:38.000Z</time></trkpt><trkpt lat="-8.091662374406544" lon="113.66131425004804"><ele>477.5</ele><time>2026-08-14T10:16:39.000Z</time></trkpt><trkpt lat="-8.09168096107317" lon="113.6613018767147"><ele>477.5</ele><time>2026-08-14T10:16:40.000Z</time></trkpt><trkpt lat="-8.091700571073158" lon="113.661291310048"><ele>477.0</ele><time>2026-08-14T10:16:41.000Z</time></trkpt><trkpt lat="-8.091721177740027" lon="113.66128322004798"><ele>477.0</ele><time>2026-08-14T10:16:42.000Z</time></trkpt><trkpt lat="-8.091742397740328" lon="113.66127785338122"><ele>477.0</ele><time>2026-08-14T10:16:43.000Z</time></trkpt><trkpt lat="-8.091762874407067" lon="113.6612750333812"><ele>477.0</ele><time>2026-08-14T10:16:44.000Z</time></trkpt><trkpt lat="-8.09178266440722" lon="113.66127474004789"><ele>477.0</ele><time>2026-08-14T10:16:45.000Z</time></trkpt><trkpt lat="-8.091802234407481" lon="113.6612772133813"><ele>475.9</ele><time>2026-08-14T10:16:46.000Z</time></trkpt><trkpt lat="-8.091821011074362" lon="113.66128130338136"><ele>475.9</ele><time>2026-08-14T10:16:47.000Z</time></trkpt><trkpt lat="-8.091840074407987" lon="113.66128699338147"><ele>475.9</ele><time>2026-08-14T10:16:48.000Z</time></trkpt><trkpt lat="-8.091859924408482" lon="113.66129449671489"><ele>475.9</ele><time>2026-08-14T10:16:49.000Z</time></trkpt><trkpt lat="-8.091879311075644" lon="113.66130264671501"><ele>475.9</ele><time>2026-08-14T10:16:50.000Z</time></trkpt><trkpt lat="-8.091898591076012" lon="113.66131103671508"><ele>474.9</ele><time>2026-08-14T10:16:51.000Z</time></trkpt><trkpt lat="-8.091917644409758" lon="113.66131987338187"><ele>474.9</ele><time>2026-08-14T10:16:52.000Z</time></trkpt><trkpt lat="-8.091935601076774" lon="113.66132920004868"><ele>474.9</ele><time>2026-08-14T10:16:53.000Z</time></trkpt><trkpt lat="-8.09195230774359" lon="113.66134059338216"><ele>474.9</ele><time>2026-08-14T10:16:54.000Z</time></trkpt><trkpt lat="-8.091968444410494" lon="113.66135368338239"><ele>474.9</ele><time>2026-08-14T10:16:55.000Z</time></trkpt><trkpt lat="-8.091983461077547" lon="113.66136791338263"><ele>474.5</ele><time>2026-08-14T10:16:56.000Z</time></trkpt><trkpt lat="-8.09199730107777" lon="113.66138374338281"><ele>474.5</ele><time>2026-08-14T10:16:57.000Z</time></trkpt><trkpt lat="-8.092009984411133" lon="113.66140048004976"><ele>474.5</ele><time>2026-08-14T10:16:58.000Z</time></trkpt><trkpt lat="-8.092021704411259" lon="113.6614176700501"><ele>474.5</ele><time>2026-08-14T10:16:59.000Z</time></trkpt><trkpt lat="-8.092032857744623" lon="113.66143498005029"><ele>474.5</ele><time>2026-08-14T10:17:00.000Z</time></trkpt><trkpt lat="-8.092043784411153" lon="113.66145226338384"><ele>473.9</ele><time>2026-08-14T10:17:01.000Z</time></trkpt><trkpt lat="-8.092055111077737" lon="113.66147024005053"><ele>473.9</ele><time>2026-08-14T10:17:02.000Z</time></trkpt><trkpt lat="-8.092066757744494" lon="113.6614882133839"><ele>473.9</ele><time>2026-08-14T10:17:03.000Z</time></trkpt><trkpt lat="-8.092078311077913" lon="113.66150574005071"><ele>473.9</ele><time>2026-08-14T10:17:04.000Z</time></trkpt><trkpt lat="-8.092090407744758" lon="113.6615239367175"><ele>473.9</ele><time>2026-08-14T10:17:05.000Z</time></trkpt><trkpt lat="-8.09210264107846" lon="113.6615422733843"><ele>473.5</ele><time>2026-08-14T10:17:06.000Z</time></trkpt><trkpt lat="-8.092114447745411" lon="113.661559846718"><ele>473.5</ele><time>2026-08-14T10:17:07.000Z</time></trkpt><trkpt lat="-8.092126074412198" lon="113.66157763338492"><ele>473.5</ele><time>2026-08-14T10:17:08.000Z</time></trkpt><trkpt lat="-8.092137601078917" lon="113.66159578671841"><ele>473.5</ele><time>2026-08-14T10:17:09.000Z</time></trkpt><trkpt lat="-8.09214906441236" lon="113.66161392338552"><ele>473.5</ele><time>2026-08-14T10:17:10.000Z</time></trkpt><trkpt lat="-8.092160344412274" lon="113.66163194005264"><ele>473.3</ele><time>2026-08-14T10:17:11.000Z</time></trkpt><trkpt lat="-8.092171137745524" lon="113.6616504033866"><ele>473.3</ele><time>2026-08-14T10:17:12.000Z</time></trkpt><trkpt lat="-8.092181987745535" lon="113.66166983672049"><ele>473.3</ele><time>2026-08-14T10:17:13.000Z</time></trkpt><trkpt lat="-8.092192834412183" lon="113.66168946672128"><ele>473.3</ele><time>2026-08-14T10:17:14.000Z</time></trkpt><trkpt lat="-8.092203201078679" lon="113.66170876672209"><ele>473.3</ele><time>2026-08-14T10:17:15.000Z</time></trkpt><trkpt lat="-8.092213744411975" lon="113.6617284333895"><ele>473.1</ele><time>2026-08-14T10:17:16.000Z</time></trkpt><trkpt lat="-8.092223681078675" lon="113.6617473900568"><ele>473.1</ele><time>2026-08-14T10:17:17.000Z</time></trkpt><trkpt lat="-8.092232931078682" lon="113.66176540005748"><ele>473.1</ele><time>2026-08-14T10:17:18.000Z</time></trkpt><trkpt lat="-8.092241797745455" lon="113.66178258005789"><ele>473.1</ele><time>2026-08-14T10:17:19.000Z</time></trkpt><trkpt lat="-8.092250011078963" lon="113.66179898672465"><ele>473.1</ele><time>2026-08-14T10:17:20.000Z</time></trkpt><trkpt lat="-8.092257694412393" lon="113.66181502672471"><ele>472.8</ele><time>2026-08-14T10:17:21.000Z</time></trkpt><trkpt lat="-8.09226477107917" lon="113.66183001339141"><ele>472.8</ele><time>2026-08-14T10:17:22.000Z</time></trkpt><trkpt lat="-8.092270327745936" lon="113.66184459005828"><ele>472.8</ele><time>2026-08-14T10:17:23.000Z</time></trkpt><trkpt lat="-8.092274737746015" lon="113.66185951339189"><ele>472.8</ele><time>2026-08-14T10:17:24.000Z</time></trkpt><trkpt lat="-8.092277931079378" lon="113.66187427672548"><ele>472.8</ele><time>2026-08-14T10:17:25.000Z</time></trkpt><trkpt lat="-8.092281134412726" lon="113.66189095672595"><ele>472.7</ele><time>2026-08-14T10:17:26.000Z</time></trkpt><trkpt lat="-8.092283687746058" lon="113.66190981339318"><ele>472.7</ele><time>2026-08-14T10:17:27.000Z</time></trkpt><trkpt lat="-8.092286371079387" lon="113.66192915672703"><ele>472.7</ele><time>2026-08-14T10:17:28.000Z</time></trkpt><trkpt lat="-8.092290131079398" lon="113.66194688672749"><ele>472.7</ele><time>2026-08-14T10:17:29.000Z</time></trkpt><trkpt lat="-8.092293731079405" lon="113.66196464672812"><ele>472.7</ele><time>2026-08-14T10:17:30.000Z</time></trkpt><trkpt lat="-8.092295424412772" lon="113.66198037006185"><ele>472.2</ele><time>2026-08-14T10:17:31.000Z</time></trkpt><trkpt lat="-8.09229816774616" lon="113.6619955533954"><ele>472.2</ele><time>2026-08-14T10:17:32.000Z</time></trkpt><trkpt lat="-8.092302691079627" lon="113.662011926729"><ele>472.2</ele><time>2026-08-14T10:17:33.000Z</time></trkpt><trkpt lat="-8.092308051079783" lon="113.6620303600625"><ele>472.2</ele><time>2026-08-14T10:17:34.000Z</time></trkpt><trkpt lat="-8.092314774413312" lon="113.66204918672918"><ele>472.2</ele><time>2026-08-14T10:17:35.000Z</time></trkpt><trkpt lat="-8.092322017746852" lon="113.66206884006235"><ele>470.9</ele><time>2026-08-14T10:17:36.000Z</time></trkpt><trkpt lat="-8.092329501080362" lon="113.66208806672887"><ele>470.9</ele><time>2026-08-14T10:17:37.000Z</time></trkpt><trkpt lat="-8.092336587747182" lon="113.66210633672877"><ele>470.9</ele><time>2026-08-14T10:17:38.000Z</time></trkpt><trkpt lat="-8.092341877747279" lon="113.66212451339558"><ele>470.9</ele><time>2026-08-14T10:17:39.000Z</time></trkpt><trkpt lat="-8.092345041080659" lon="113.66214501339569"><ele>470.9</ele><time>2026-08-14T10:17:40.000Z</time></trkpt><trkpt lat="-8.092347034414043" lon="113.66216530006265"><ele>469.9</ele><time>2026-08-14T10:17:41.000Z</time></trkpt><trkpt lat="-8.092345467747517" lon="113.66218493672957"><ele>469.9</ele><time>2026-08-14T10:17:42.000Z</time></trkpt><trkpt lat="-8.092339111080857" lon="113.6622039400631"><ele>469.9</ele><time>2026-08-14T10:17:43.000Z</time></trkpt><trkpt lat="-8.092328111080745" lon="113.66222201006329"><ele>469.9</ele><time>2026-08-14T10:17:44.000Z</time></trkpt><trkpt lat="-8.092314207747354" lon="113.66223464006357"><ele>469.9</ele><time>2026-08-14T10:17:45.000Z</time></trkpt><trkpt lat="-8.092297601080604" lon="113.66224518673046"><ele>467.3</ele><time>2026-08-14T10:17:46.000Z</time></trkpt><trkpt lat="-8.092280154413803" lon="113.66225331006406"><ele>467.3</ele><time>2026-08-14T10:17:47.000Z</time></trkpt><trkpt lat="-8.092263961080352" lon="113.66225929673092"><ele>467.3</ele><time>2026-08-14T10:17:48.000Z</time></trkpt><trkpt lat="-8.092249031080339" lon="113.662263126731"><ele>467.3</ele><time>2026-08-14T10:17:49.000Z</time></trkpt><trkpt lat="-8.092235077747024" lon="113.66226812339775"><ele>467.3</ele><time>2026-08-14T10:17:50.000Z</time></trkpt><trkpt lat="-8.092221957747027" lon="113.66227342673123"><ele>464.3</ele><time>2026-08-14T10:17:51.000Z</time></trkpt><trkpt lat="-8.09220932774706" lon="113.6622814567315"><ele>464.3</ele><time>2026-08-14T10:17:52.000Z</time></trkpt><trkpt lat="-8.092197517747175" lon="113.66229242006526"><ele>464.3</ele><time>2026-08-14T10:17:53.000Z</time></trkpt><trkpt lat="-8.092186584413918" lon="113.66230564673228"><ele>464.3</ele><time>2026-08-14T10:17:54.000Z</time></trkpt><trkpt lat="-8.092177561080584" lon="113.66231922673262"><ele>464.3</ele><time>2026-08-14T10:17:55.000Z</time></trkpt><trkpt lat="-8.0921712110806" lon="113.66233299673283"><ele>462.7</ele><time>2026-08-14T10:17:56.000Z</time></trkpt><trkpt lat="-8.092165817747233" lon="113.66234582339959"><ele>462.7</ele><time>2026-08-14T10:17:57.000Z</time></trkpt><trkpt lat="-8.092161147747188" lon="113.66235652006624"><ele>462.7</ele><time>2026-08-14T10:17:58.000Z</time></trkpt><trkpt lat="-8.092156904413898" lon="113.66236661006633"><ele>462.7</ele><time>2026-08-14T10:17:59.000Z</time></trkpt><trkpt lat="-8.092153211080616" lon="113.66237675006646"><ele>462.7</ele><time>2026-08-14T10:18:00.000Z</time></trkpt><trkpt lat="-8.092150294414001" lon="113.6623879067333"><ele>459.8</ele><time>2026-08-14T10:18:01.000Z</time></trkpt><trkpt lat="-8.092149911080671" lon="113.6624019634003"><ele>459.8</ele><time>2026-08-14T10:18:02.000Z</time></trkpt><trkpt lat="-8.092150271080666" lon="113.66241799673396"><ele>459.8</ele><time>2026-08-14T10:18:03.000Z</time></trkpt><trkpt lat="-8.092153867747353" lon="113.66243531340096"><ele>459.8</ele><time>2026-08-14T10:18:04.000Z</time></trkpt><trkpt lat="-8.09215812441402" lon="113.66245556006815"><ele>459.8</ele><time>2026-08-14T10:18:05.000Z</time></trkpt><trkpt lat="-8.092161554414014" lon="113.66247638006857"><ele>457.3</ele><time>2026-08-14T10:18:06.000Z</time></trkpt><trkpt lat="-8.092164774414048" lon="113.66249611673538"><ele>457.3</ele><time>2026-08-14T10:18:07.000Z</time></trkpt><trkpt lat="-8.092168847747455" lon="113.66251610673541"><ele>457.3</ele><time>2026-08-14T10:18:08.000Z</time></trkpt><trkpt lat="-8.092172987747501" lon="113.66253576340196"><ele>457.3</ele><time>2026-08-14T10:18:09.000Z</time></trkpt><trkpt lat="-8.092177487747554" lon="113.66255397673501"><ele>457.3</ele><time>2026-08-14T10:18:10.000Z</time></trkpt><trkpt lat="-8.092183517747634" lon="113.6625724400682"><ele>456.2</ele><time>2026-08-14T10:18:11.000Z</time></trkpt><trkpt lat="-8.092189771081022" lon="113.66259069673477"><ele>456.2</ele><time>2026-08-14T10:18:12.000Z</time></trkpt><trkpt lat="-8.092196287747715" lon="113.66260857673474"><ele>456.2</ele><time>2026-08-14T10:18:13.000Z</time></trkpt><trkpt lat="-8.092201694414381" lon="113.66262757006825"><ele>456.2</ele><time>2026-08-14T10:18:14.000Z</time></trkpt><trkpt lat="-8.09220554774771" lon="113.66264799340195"><ele>456.2</ele><time>2026-08-14T10:18:15.000Z</time></trkpt><trkpt lat="-8.092207754414337" lon="113.66266906673577"><ele>454.3</ele><time>2026-08-14T10:18:16.000Z</time></trkpt><trkpt lat="-8.092209151080992" lon="113.66269133006979"><ele>454.3</ele><time>2026-08-14T10:18:17.000Z</time></trkpt><trkpt lat="-8.092209464414315" lon="113.66271479673716"><ele>454.3</ele><time>2026-08-14T10:18:18.000Z</time></trkpt><trkpt lat="-8.092208324414317" lon="113.66273800673791"><ele>454.3</ele><time>2026-08-14T10:18:19.000Z</time></trkpt><trkpt lat="-8.092206944414297" lon="113.66276103340496"><ele>454.3</ele><time>2026-08-14T10:18:20.000Z</time></trkpt><trkpt lat="-8.092205164414302" lon="113.66278348673862"><ele>452.6</ele><time>2026-08-14T10:18:21.000Z</time></trkpt><trkpt lat="-8.092203084414306" lon="113.66280246340546"><ele>452.6</ele><time>2026-08-14T10:18:22.000Z</time></trkpt><trkpt lat="-8.092202817747639" lon="113.66281886340565"><ele>452.6</ele><time>2026-08-14T10:18:23.000Z</time></trkpt><trkpt lat="-8.092206971081115" lon="113.66283594340572"><ele>452.6</ele><time>2026-08-14T10:18:24.000Z</time></trkpt><trkpt lat="-8.092216274414678" lon="113.66285111007274"><ele>452.6</ele><time>2026-08-14T10:18:25.000Z</time></trkpt><trkpt lat="-8.092231217748255" lon="113.66286326007302"><ele>451.9</ele><time>2026-08-14T10:18:26.000Z</time></trkpt><trkpt lat="-8.092249491081864" lon="113.66287567340666"><ele>451.9</ele><time>2026-08-14T10:18:27.000Z</time></trkpt><trkpt lat="-8.092269127748766" lon="113.66288718007361"><ele>451.9</ele><time>2026-08-14T10:18:28.000Z</time></trkpt><trkpt lat="-8.092288987748923" lon="113.66289575007382"><ele>451.9</ele><time>2026-08-14T10:18:29.000Z</time></trkpt><trkpt lat="-8.092308064415791" lon="113.66290293007395"><ele>451.9</ele><time>2026-08-14T10:18:30.000Z</time></trkpt><trkpt lat="-8.092326411082768" lon="113.66290969674078"><ele>450.6</ele><time>2026-08-14T10:18:31.000Z</time></trkpt><trkpt lat="-8.092345231082954" lon="113.66291573340762"><ele>450.6</ele><time>2026-08-14T10:18:32.000Z</time></trkpt><trkpt lat="-8.092363641083207" lon="113.66292137674108"><ele>450.6</ele><time>2026-08-14T10:18:33.000Z</time></trkpt><trkpt lat="-8.092381821083475" lon="113.66292614340789"><ele>450.6</ele><time>2026-08-14T10:18:34.000Z</time></trkpt><trkpt lat="-8.092399324417036" lon="113.66293120340796"><ele>450.6</ele><time>2026-08-14T10:18:35.000Z</time></trkpt><trkpt lat="-8.092415911083815" lon="113.6629377200748"><ele>449.3</ele><time>2026-08-14T10:18:36.000Z</time></trkpt><trkpt lat="-8.092432054417449" lon="113.66294562340832"><ele>449.3</ele><time>2026-08-14T10:18:37.000Z</time></trkpt><trkpt lat="-8.092448564417712" lon="113.66295548340842"><ele>449.3</ele><time>2026-08-14T10:18:38.000Z</time></trkpt><trkpt lat="-8.092463187751223" lon="113.66296776340857"><ele>449.3</ele><time>2026-08-14T10:18:39.000Z</time></trkpt><trkpt lat="-8.092477274418036" lon="113.66298228340875"><ele>449.3</ele><time>2026-08-14T10:18:40.000Z</time></trkpt><trkpt lat="-8.092491657751472" lon="113.66299617007549"><ele>448.7</ele><time>2026-08-14T10:18:41.000Z</time></trkpt><trkpt lat="-8.092504187751478" lon="113.66301023007546"><ele>448.7</ele><time>2026-08-14T10:18:42.000Z</time></trkpt><trkpt lat="-8.092513991084845" lon="113.66302444007563"><ele>448.7</ele><time>2026-08-14T10:18:43.000Z</time></trkpt><trkpt lat="-8.092522297751529" lon="113.66303934674238"><ele>448.7</ele><time>2026-08-14T10:18:44.000Z</time></trkpt><trkpt lat="-8.092528541084853" lon="113.66305477340912"><ele>448.7</ele><time>2026-08-14T10:18:45.000Z</time></trkpt><trkpt lat="-8.092533117751533" lon="113.66307398340925"><ele>447.6</ele><time>2026-08-14T10:18:46.000Z</time></trkpt><trkpt lat="-8.092539987751422" lon="113.66309068674279"><ele>447.6</ele><time>2026-08-14T10:18:47.000Z</time></trkpt><trkpt lat="-8.092549391084761" lon="113.66310406674286"><ele>447.6</ele><time>2026-08-14T10:18:48.000Z</time></trkpt><trkpt lat="-8.092563044418062" lon="113.6631142634096"><ele>447.6</ele><time>2026-08-14T10:18:49.000Z</time></trkpt><trkpt lat="-8.09258113108478" lon="113.66312025007635"><ele>447.6</ele><time>2026-08-14T10:18:50.000Z</time></trkpt><trkpt lat="-8.092601997751482" lon="113.66312197340972"><ele>446.9</ele><time>2026-08-14T10:18:51.000Z</time></trkpt><trkpt lat="-8.092624294418544" lon="113.66312357007641"><ele>446.9</ele><time>2026-08-14T10:18:52.000Z</time></trkpt><trkpt lat="-8.092647527752359" lon="113.66312458340978"><ele>446.9</ele><time>2026-08-14T10:18:53.000Z</time></trkpt><trkpt lat="-8.092669767752872" lon="113.66312370007654"><ele>446.9</ele><time>2026-08-14T10:18:54.000Z</time></trkpt><trkpt lat="-8.092691017753234" lon="113.66312283007662"><ele>446.9</ele><time>2026-08-14T10:18:55.000Z</time></trkpt><trkpt lat="-8.092711687753805" lon="113.66312113674333"><ele>446.5</ele><time>2026-08-14T10:18:56.000Z</time></trkpt><trkpt lat="-8.092732231087398" lon="113.66311891007669"><ele>446.5</ele><time>2026-08-14T10:18:57.000Z</time></trkpt><trkpt lat="-8.092752947754212" lon="113.66311741007674"><ele>446.5</ele><time>2026-08-14T10:18:58.000Z</time></trkpt><trkpt lat="-8.092773777754337" lon="113.66311668674341"><ele>446.5</ele><time>2026-08-14T10:18:59.000Z</time></trkpt><trkpt lat="-8.092794704421163" lon="113.66311518007676"><ele>446.5</ele><time>2026-08-14T10:19:00.000Z</time></trkpt><trkpt lat="-8.092814691087872" lon="113.66311306341012"><ele>445.5</ele><time>2026-08-14T10:19:01.000Z</time></trkpt><trkpt lat="-8.092833364421535" lon="113.66311200341015"><ele>445.5</ele><time>2026-08-14T10:19:02.000Z</time></trkpt><trkpt lat="-8.092852104421626" lon="113.66311185674351"><ele>445.5</ele><time>2026-08-14T10:19:03.000Z</time></trkpt><trkpt lat="-8.092872474421782" lon="113.66311122674351"><ele>445.5</ele><time>2026-08-14T10:19:04.000Z</time></trkpt><trkpt lat="-8.092893994421855" lon="113.66311161007684"><ele>445.5</ele><time>2026-08-14T10:19:05.000Z</time></trkpt><trkpt lat="-8.092915927755225" lon="113.6631124167435"><ele>444.3</ele><time>2026-08-14T10:19:06.000Z</time></trkpt><trkpt lat="-8.092938807755015" lon="113.66311288007682"><ele>444.3</ele><time>2026-08-14T10:19:07.000Z</time></trkpt><trkpt lat="-8.09296132442154" lon="113.66311299674348"><ele>444.3</ele><time>2026-08-14T10:19:08.000Z</time></trkpt><trkpt lat="-8.09298241775486" lon="113.66311488007689"><ele>444.3</ele><time>2026-08-14T10:19:09.000Z</time></trkpt><trkpt lat="-8.093002664421828" lon="113.66311769341027"><ele>444.3</ele><time>2026-08-14T10:19:10.000Z</time></trkpt><trkpt lat="-8.093023267755333" lon="113.6631227167436"><ele>443.7</ele><time>2026-08-14T10:19:11.000Z</time></trkpt><trkpt lat="-8.09304288775563" lon="113.66313104674353"><ele>443.7</ele><time>2026-08-14T10:19:12.000Z</time></trkpt><trkpt lat="-8.093062251089458" lon="113.66314155674347"><ele>443.7</ele><time>2026-08-14T10:19:13.000Z</time></trkpt><trkpt lat="-8.093082147756407" lon="113.66315359341017"><ele>443.7</ele><time>2026-08-14T10:19:14.000Z</time></trkpt><trkpt lat="-8.093101904423346" lon="113.66316726674356"><ele>443.7</ele><time>2026-08-14T10:19:15.000Z</time></trkpt><trkpt lat="-8.093121347757057" lon="113.66317984341042"><ele>442.6</ele><time>2026-08-14T10:19:16.000Z</time></trkpt><trkpt lat="-8.0931420377576" lon="113.66319136341072"><ele>442.6</ele><time>2026-08-14T10:19:17.000Z</time></trkpt><trkpt lat="-8.093163201091567" lon="113.66320125341103"><ele>442.6</ele><time>2026-08-14T10:19:18.000Z</time></trkpt><trkpt lat="-8.093185251092253" lon="113.66321075007795"><ele>442.6</ele><time>2026-08-14T10:19:19.000Z</time></trkpt><trkpt lat="-8.093207797759483" lon="113.66321775007823"><ele>442.6</ele><time>2026-08-14T10:19:20.000Z</time></trkpt><trkpt lat="-8.093232174426916" lon="113.66322549341169"><ele>441.6</ele><time>2026-08-14T10:19:21.000Z</time></trkpt><trkpt lat="-8.093256391094155" lon="113.66323209674513"><ele>441.6</ele><time>2026-08-14T10:19:22.000Z</time></trkpt><trkpt lat="-8.093280554427997" lon="113.66323768007854"><ele>441.6</ele><time>2026-08-14T10:19:23.000Z</time></trkpt><trkpt lat="-8.093302951095128" lon="113.66324064341184"><ele>441.6</ele><time>2026-08-14T10:19:24.000Z</time></trkpt><trkpt lat="-8.093325264429009" lon="113.66324121674506"><ele>441.6</ele><time>2026-08-14T10:19:25.000Z</time></trkpt><trkpt lat="-8.093347101096104" lon="113.66323904007838"><ele>441.1</ele><time>2026-08-14T10:19:26.000Z</time></trkpt><trkpt lat="-8.093369767763157" lon="113.66323451674502"><ele>441.1</ele><time>2026-08-14T10:19:27.000Z</time></trkpt><trkpt lat="-8.093393841096596" lon="113.66323240341175"><ele>441.1</ele><time>2026-08-14T10:19:28.000Z</time></trkpt><trkpt lat="-8.093418544430286" lon="113.66323436007858"><ele>441.1</ele><time>2026-08-14T10:19:29.000Z</time></trkpt><trkpt lat="-8.093440724430462" lon="113.6632384700788"><ele>441.1</ele><time>2026-08-14T10:19:30.000Z</time></trkpt><trkpt lat="-8.093463211097138" lon="113.66324623341237"><ele>440.1</ele><time>2026-08-14T10:19:31.000Z</time></trkpt><trkpt lat="-8.093484667763722" lon="113.66325760341263"><ele>440.1</ele><time>2026-08-14T10:19:32.000Z</time></trkpt><trkpt lat="-8.0935043410972" lon="113.6632672600795"><ele>440.1</ele><time>2026-08-14T10:19:33.000Z</time></trkpt><trkpt lat="-8.093525311097332" lon="113.66327596341304"><ele>440.1</ele><time>2026-08-14T10:19:34.000Z</time></trkpt><trkpt lat="-8.093549064430812" lon="113.66328693341322"><ele>440.1</ele><time>2026-08-14T10:19:35.000Z</time></trkpt><trkpt lat="-8.093571071097765" lon="113.66329717007997"><ele>439.0</ele><time>2026-08-14T10:19:36.000Z</time></trkpt><trkpt lat="-8.093593351098004" lon="113.66330821008007"><ele>439.0</ele><time>2026-08-14T10:19:37.000Z</time></trkpt><trkpt lat="-8.093616477765027" lon="113.66332148341348"><ele>439.0</ele><time>2026-08-14T10:19:38.000Z</time></trkpt><trkpt lat="-8.093638421098488" lon="113.66333425341345"><ele>439.0</ele><time>2026-08-14T10:19:39.000Z</time></trkpt><trkpt lat="-8.093660447765199" lon="113.66334744008024"><ele>439.0</ele><time>2026-08-14T10:19:40.000Z</time></trkpt><trkpt lat="-8.093683384431749" lon="113.66336121341374"><ele>438.6</ele><time>2026-08-14T10:19:41.000Z</time></trkpt><trkpt lat="-8.093705361098426" lon="113.66337572341385"><ele>438.6</ele><time>2026-08-14T10:19:42.000Z</time></trkpt><trkpt lat="-8.093724781098159" lon="113.66339379341385"><ele>438.6</ele><time>2026-08-14T10:19:43.000Z</time></trkpt><trkpt lat="-8.093739837764577" lon="113.66341326008046"><ele>438.6</ele><time>2026-08-14T10:19:44.000Z</time></trkpt><trkpt lat="-8.093752384431149" lon="113.66343319008038"><ele>438.6</ele><time>2026-08-14T10:19:45.000Z</time></trkpt><trkpt lat="-8.093760137764487" lon="113.66345553674705"><ele>437.7</ele><time>2026-08-14T10:19:46.000Z</time></trkpt><trkpt lat="-8.093763724431136" lon="113.66347935341378"><ele>437.7</ele><time>2026-08-14T10:19:47.000Z</time></trkpt><trkpt lat="-8.09376686109791" lon="113.66350166008067"><ele>437.7</ele><time>2026-08-14T10:19:48.000Z</time></trkpt><trkpt lat="-8.093771134431398" lon="113.66352504008094"><ele>437.7</ele><time>2026-08-14T10:19:49.000Z</time></trkpt><trkpt lat="-8.093774057764836" lon="113.66355042674783"><ele>437.7</ele><time>2026-08-14T10:19:50.000Z</time></trkpt><trkpt lat="-8.093777961098278" lon="113.66357481008158"><ele>437.3</ele><time>2026-08-14T10:19:51.000Z</time></trkpt><trkpt lat="-8.093784714431788" lon="113.66359698341516"><ele>437.3</ele><time>2026-08-14T10:19:52.000Z</time></trkpt><trkpt lat="-8.09379082443191" lon="113.66361846008206"><ele>437.3</ele><time>2026-08-14T10:19:53.000Z</time></trkpt><trkpt lat="-8.09379677109869" lon="113.66363944341549"><ele>437.3</ele><time>2026-08-14T10:19:54.000Z</time></trkpt><trkpt lat="-8.093802981098772" lon="113.66365915341562"><ele>437.3</ele><time>2026-08-14T10:19:55.000Z</time></trkpt><trkpt lat="-8.093809931098841" lon="113.66367890008208"><ele>437.3</ele><time>2026-08-14T10:19:56.000Z</time></trkpt><trkpt lat="-8.093815014432183" lon="113.66369899341537"><ele>437.3</ele><time>2026-08-14T10:19:57.000Z</time></trkpt><trkpt lat="-8.093820977765622" lon="113.66371832674858"><ele>437.3</ele><time>2026-08-14T10:19:58.000Z</time></trkpt><trkpt lat="-8.093827597765692" lon="113.66373873674847"><ele>437.3</ele><time>2026-08-14T10:19:59.000Z</time></trkpt><trkpt lat="-8.093833884432454" lon="113.66375986674839"><ele>437.3</ele><time>2026-08-14T10:20:00.000Z</time></trkpt><trkpt lat="-8.093840331099196" lon="113.66378100341493"><ele>437.5</ele><time>2026-08-14T10:20:01.000Z</time></trkpt><trkpt lat="-8.093847777765912" lon="113.66380270674786"><ele>437.5</ele><time>2026-08-14T10:20:02.000Z</time></trkpt><trkpt lat="-8.093854207765833" lon="113.66382493008089"><ele>437.5</ele><time>2026-08-14T10:20:03.000Z</time></trkpt><trkpt lat="-8.093860511099097" lon="113.66384577674742"><ele>437.5</ele><time>2026-08-14T10:20:04.000Z</time></trkpt><trkpt lat="-8.093867497765688" lon="113.66386523008052"><ele>437.5</ele><time>2026-08-14T10:20:05.000Z</time></trkpt><trkpt lat="-8.093874101098937" lon="113.66388453674733"><ele>437.5</ele><time>2026-08-14T10:20:06.000Z</time></trkpt><trkpt lat="-8.093877384432247" lon="113.66390238008091"><ele>437.5</ele><time>2026-08-14T10:20:07.000Z</time></trkpt><trkpt lat="-8.093877274432302" lon="113.66391652341444"><ele>437.5</ele><time>2026-08-14T10:20:08.000Z</time></trkpt><trkpt lat="-8.0938699677657" lon="113.66392711674796"><ele>437.5</ele><time>2026-08-14T10:20:09.000Z</time></trkpt><trkpt lat="-8.093856574432202" lon="113.66393360341476"><ele>437.5</ele><time>2026-08-14T10:20:10.000Z</time></trkpt><trkpt lat="-8.09383750443217" lon="113.66393512341469"><ele>437.4</ele><time>2026-08-14T10:20:11.000Z</time></trkpt><trkpt lat="-8.093816367765328" lon="113.66393339008133"><ele>437.4</ele><time>2026-08-14T10:20:12.000Z</time></trkpt><trkpt lat="-8.093793304431797" lon="113.66393221674794"><ele>437.4</ele><time>2026-08-14T10:20:13.000Z</time></trkpt><trkpt lat="-8.093772144431622" lon="113.66392837341444"><ele>437.4</ele><time>2026-08-14T10:20:14.000Z</time></trkpt><trkpt lat="-8.093751971098236" lon="113.6639236200809"><ele>437.4</ele><time>2026-08-14T10:20:15.000Z</time></trkpt><trkpt lat="-8.09373222109824" lon="113.66391867674729"><ele>436.9</ele><time>2026-08-14T10:20:16.000Z</time></trkpt><trkpt lat="-8.093712434431662" lon="113.66391297008036"><ele>436.9</ele><time>2026-08-14T10:20:17.000Z</time></trkpt><trkpt lat="-8.093693107765056" lon="113.66390550674673"><ele>436.9</ele><time>2026-08-14T10:20:18.000Z</time></trkpt><trkpt lat="-8.093674361098453" lon="113.66389903674649"><ele>436.9</ele><time>2026-08-14T10:20:19.000Z</time></trkpt><trkpt lat="-8.09365517776543" lon="113.6638930367463"><ele>436.9</ele><time>2026-08-14T10:20:20.000Z</time></trkpt><trkpt lat="-8.093635657765631" lon="113.6638875900795"><ele>436.5</ele><time>2026-08-14T10:20:21.000Z</time></trkpt><trkpt lat="-8.0936158844323" lon="113.66388215674608"><ele>436.5</ele><time>2026-08-14T10:20:22.000Z</time></trkpt><trkpt lat="-8.09359578443228" lon="113.66387677007936"><ele>436.5</ele><time>2026-08-14T10:20:23.000Z</time></trkpt><trkpt lat="-8.093574557765681" lon="113.66387171007932"><ele>436.5</ele><time>2026-08-14T10:20:24.000Z</time></trkpt><trkpt lat="-8.093554107765641" lon="113.66386682674599"><ele>436.5</ele><time>2026-08-14T10:20:25.000Z</time></trkpt><trkpt lat="-8.093534251098848" lon="113.66386281007934"><ele>436.3</ele><time>2026-08-14T10:20:26.000Z</time></trkpt><trkpt lat="-8.093513827765722" lon="113.66386033007934"><ele>436.3</ele><time>2026-08-14T10:20:27.000Z</time></trkpt><trkpt lat="-8.093494157765821" lon="113.66385776007931"><ele>436.3</ele><time>2026-08-14T10:20:28.000Z</time></trkpt><trkpt lat="-8.093473564432195" lon="113.66385703674601"><ele>436.3</ele><time>2026-08-14T10:20:29.000Z</time></trkpt><trkpt lat="-8.093452627765277" lon="113.66385851007934"><ele>436.3</ele><time>2026-08-14T10:20:30.000Z</time></trkpt><trkpt lat="-8.093432047765106" lon="113.66386120674606"><ele>436.0</ele><time>2026-08-14T10:20:31.000Z</time></trkpt><trkpt lat="-8.093413511098086" lon="113.66386474674619"><ele>436.0</ele><time>2026-08-14T10:20:32.000Z</time></trkpt><trkpt lat="-8.093396347764452" lon="113.66387151007977"><ele>436.0</ele><time>2026-08-14T10:20:33.000Z</time></trkpt><trkpt lat="-8.093382044431113" lon="113.66388000341333"><ele>436.0</ele><time>2026-08-14T10:20:34.000Z</time></trkpt><trkpt lat="-8.093368554430914" lon="113.66388925008035"><ele>436.0</ele><time>2026-08-14T10:20:35.000Z</time></trkpt><trkpt lat="-8.093355217763962" lon="113.66390078341388"><ele>435.9</ele><time>2026-08-14T10:20:36.000Z</time></trkpt><trkpt lat="-8.093341281097036" lon="113.66391407008078"><ele>435.9</ele><time>2026-08-14T10:20:37.000Z</time></trkpt><trkpt lat="-8.093326937763543" lon="113.66392845341417"><ele>435.9</ele><time>2026-08-14T10:20:38.000Z</time></trkpt><trkpt lat="-8.093312821096669" lon="113.66394372341423"><ele>435.9</ele><time>2026-08-14T10:20:39.000Z</time></trkpt><trkpt lat="-8.093299014429874" lon="113.6639601834142"><ele>435.9</ele><time>2026-08-14T10:20:40.000Z</time></trkpt><trkpt lat="-8.09328724776308" lon="113.66397713341439"><ele>436.0</ele><time>2026-08-14T10:20:41.000Z</time></trkpt><trkpt lat="-8.093277587763032" lon="113.66399540674774"><ele>436.0</ele><time>2026-08-14T10:20:42.000Z</time></trkpt><trkpt lat="-8.093271231096319" lon="113.66401476341443"><ele>436.0</ele><time>2026-08-14T10:20:43.000Z</time></trkpt><trkpt lat="-8.093267964429614" lon="113.66403484008124"><ele>436.0</ele><time>2026-08-14T10:20:44.000Z</time></trkpt><trkpt lat="-8.093268677762952" lon="113.66405532341484"><ele>436.0</ele><time>2026-08-14T10:20:45.000Z</time></trkpt><trkpt lat="-8.093272081096298" lon="113.66407511341501"><ele>436.2</ele><time>2026-08-14T10:20:46.000Z</time></trkpt><trkpt lat="-8.093278014429675" lon="113.66409336341522"><ele>436.2</ele><time>2026-08-14T10:20:47.000Z</time></trkpt><trkpt lat="-8.093285437763004" lon="113.6641099867489"><ele>436.2</ele><time>2026-08-14T10:20:48.000Z</time></trkpt><trkpt lat="-8.093294654429798" lon="113.66412594674907"><ele>436.2</ele><time>2026-08-14T10:20:49.000Z</time></trkpt><trkpt lat="-8.093304521096709" lon="113.66414101674918"><ele>436.2</ele><time>2026-08-14T10:20:50.000Z</time></trkpt><trkpt lat="-8.093316651096874" lon="113.66415536674921"><ele>436.3</ele><time>2026-08-14T10:20:51.000Z</time></trkpt><trkpt lat="-8.093330971096819" lon="113.66416989341599"><ele>436.3</ele><time>2026-08-14T10:20:52.000Z</time></trkpt><trkpt lat="-8.093345987763444" lon="113.664183553416"><ele>436.3</ele><time>2026-08-14T10:20:53.000Z</time></trkpt><trkpt lat="-8.093361711096623" lon="113.6641967600827"><ele>436.3</ele><time>2026-08-14T10:20:54.000Z</time></trkpt><trkpt lat="-8.093378171096422" lon="113.66420997341602"><ele>436.3</ele><time>2026-08-14T10:20:55.000Z</time></trkpt><trkpt lat="-8.093392861096358" lon="113.66422272341603"><ele>436.2</ele><time>2026-08-14T10:20:56.000Z</time></trkpt><trkpt lat="-8.09340594442978" lon="113.6642358067493"><ele>436.2</ele><time>2026-08-14T10:20:57.000Z</time></trkpt><trkpt lat="-8.093417614429871" lon="113.66425030341597"><ele>436.2</ele><time>2026-08-14T10:20:58.000Z</time></trkpt><trkpt lat="-8.093427167763336" lon="113.66426579674946"><ele>436.2</ele><time>2026-08-14T10:20:59.000Z</time></trkpt><trkpt lat="-8.093435254430078" lon="113.6642837667496"><ele>436.2</ele><time>2026-08-14T10:21:00.000Z</time></trkpt><trkpt lat="-8.093441627763465" lon="113.66430368008317"><ele>435.7</ele><time>2026-08-14T10:21:01.000Z</time></trkpt><trkpt lat="-8.09344334443021" lon="113.66432616341679"><ele>435.7</ele><time>2026-08-14T10:21:02.000Z</time></trkpt><trkpt lat="-8.093443177763623" lon="113.66434862008376"><ele>435.7</ele><time>2026-08-14T10:21:03.000Z</time></trkpt><trkpt lat="-8.09344159109698" lon="113.66437147008386"><ele>435.7</ele><time>2026-08-14T10:21:04.000Z</time></trkpt><trkpt lat="-8.093437014430341" lon="113.66439428341748"><ele>435.7</ele><time>2026-08-14T10:21:05.000Z</time></trkpt><trkpt lat="-8.093430451097033" lon="113.6644177567509"><ele>435.0</ele><time>2026-08-14T10:21:06.000Z</time></trkpt><trkpt lat="-8.093423277763659" lon="113.66443933008415"><ele>435.0</ele><time>2026-08-14T10:21:07.000Z</time></trkpt><trkpt lat="-8.093413667763537" lon="113.6644623734172"><ele>435.0</ele><time>2026-08-14T10:21:08.000Z</time></trkpt><trkpt lat="-8.093400424430033" lon="113.66448523008371"><ele>435.0</ele><time>2026-08-14T10:21:09.000Z</time></trkpt><trkpt lat="-8.093385521096398" lon="113.66450606008343"><ele>435.0</ele><time>2026-08-14T10:21:10.000Z</time></trkpt><trkpt lat="-8.093369107762626" lon="113.66452605341662"><ele>434.7</ele><time>2026-08-14T10:21:11.000Z</time></trkpt><trkpt lat="-8.093352504428811" lon="113.66454577674992"><ele>434.7</ele><time>2026-08-14T10:21:12.000Z</time></trkpt><trkpt lat="-8.093335327761721" lon="113.66456367008331"><ele>434.7</ele><time>2026-08-14T10:21:13.000Z</time></trkpt><trkpt lat="-8.093319457761378" lon="113.66458055341673"><ele>434.7</ele><time>2026-08-14T10:21:14.000Z</time></trkpt><trkpt lat="-8.093302914427904" lon="113.6645972167501"><ele>434.7</ele><time>2026-08-14T10:21:15.000Z</time></trkpt><trkpt lat="-8.093286117761112" lon="113.66461175675019"><ele>434.3</ele><time>2026-08-14T10:21:16.000Z</time></trkpt><trkpt lat="-8.093268817760835" lon="113.66462390341698"><ele>434.3</ele><time>2026-08-14T10:21:17.000Z</time></trkpt><trkpt lat="-8.093249441093764" lon="113.6646350767506"><ele>434.3</ele><time>2026-08-14T10:21:18.000Z</time></trkpt><trkpt lat="-8.093228267760136" lon="113.66464398341748"><ele>434.3</ele><time>2026-08-14T10:21:19.000Z</time></trkpt><trkpt lat="-8.093206361093248" lon="113.66465213341783"><ele>434.3</ele><time>2026-08-14T10:21:20.000Z</time></trkpt><trkpt lat="-8.093183761093048" lon="113.66465928341813"><ele>433.3</ele><time>2026-08-14T10:21:21.000Z</time></trkpt><trkpt lat="-8.093160421092866" lon="113.66466533341843"><ele>433.3</ele><time>2026-08-14T10:21:22.000Z</time></trkpt><trkpt lat="-8.093137387759615" lon="113.6646698534186"><ele>433.3</ele><time>2026-08-14T10:21:23.000Z</time></trkpt><trkpt lat="-8.09311419442617" lon="113.6646750500854"><ele>433.3</ele><time>2026-08-14T10:21:24.000Z</time></trkpt><trkpt lat="-8.093090907759384" lon="113.66467733341874"><ele>433.3</ele><time>2026-08-14T10:21:25.000Z</time></trkpt><trkpt lat="-8.09306750442614" lon="113.66467857341873"><ele>432.6</ele><time>2026-08-14T10:21:26.000Z</time></trkpt><trkpt lat="-8.093045111093229" lon="113.66468000675206"><ele>432.6</ele><time>2026-08-14T10:21:27.000Z</time></trkpt><trkpt lat="-8.09302250442673" lon="113.66468024008536"><ele>432.6</ele><time>2026-08-14T10:21:28.000Z</time></trkpt><trkpt lat="-8.092998081093484" lon="113.664679866752"><ele>432.6</ele><time>2026-08-14T10:21:29.000Z</time></trkpt><trkpt lat="-8.092973321093458" lon="113.66467905341865"><ele>432.6</ele><time>2026-08-14T10:21:30.000Z</time></trkpt><trkpt lat="-8.092949101093284" lon="113.66467859008529"><ele>431.0</ele><time>2026-08-14T10:21:31.000Z</time></trkpt><trkpt lat="-8.092923804426345" lon="113.66467757008522"><ele>431.0</ele><time>2026-08-14T10:21:32.000Z</time></trkpt><trkpt lat="-8.09290029775967" lon="113.6646763667519"><ele>431.0</ele><time>2026-08-14T10:21:33.000Z</time></trkpt><trkpt lat="-8.09287925109302" lon="113.66467368008527"><ele>431.0</ele><time>2026-08-14T10:21:34.000Z</time></trkpt><trkpt lat="-8.092858994426386" lon="113.66467150675196"><ele>431.0</ele><time>2026-08-14T10:21:35.000Z</time></trkpt><trkpt lat="-8.092838754426575" lon="113.664669656752"><ele>429.5</ele><time>2026-08-14T10:21:36.000Z</time></trkpt><trkpt lat="-8.092819761093383" lon="113.6646683434187"><ele>429.5</ele><time>2026-08-14T10:21:37.000Z</time></trkpt><trkpt lat="-8.092800111093451" lon="113.6646674834187"><ele>429.5</ele><time>2026-08-14T10:21:38.000Z</time></trkpt><trkpt lat="-8.092780057760319" lon="113.66466651675202"><ele>429.5</ele><time>2026-08-14T10:21:39.000Z</time></trkpt><trkpt lat="-8.092759684427225" lon="113.664667286752"><ele>429.5</ele><time>2026-08-14T10:21:40.000Z</time></trkpt><trkpt lat="-8.09273881442716" lon="113.66466788008532"><ele>428.9</ele><time>2026-08-14T10:21:41.000Z</time></trkpt><trkpt lat="-8.092717547760618" lon="113.664670006752"><ele>428.9</ele><time>2026-08-14T10:21:42.000Z</time></trkpt><trkpt lat="-8.092696241094137" lon="113.66467483341883"><ele>428.9</ele><time>2026-08-14T10:21:43.000Z</time></trkpt><trkpt lat="-8.092674467760961" lon="113.6646802967523"><ele>428.9</ele><time>2026-08-14T10:21:44.000Z</time></trkpt><trkpt lat="-8.09265349776083" lon="113.66468541341915"><ele>428.9</ele><time>2026-08-14T10:21:45.000Z</time></trkpt><trkpt lat="-8.092633307760838" lon="113.66468921675263"><ele>428.1</ele><time>2026-08-14T10:21:46.000Z</time></trkpt><trkpt lat="-8.092613281093971" lon="113.66469116675276"><ele>428.1</ele><time>2026-08-14T10:21:47.000Z</time></trkpt><trkpt lat="-8.092593041093517" lon="113.66468946341938"><ele>428.1</ele><time>2026-08-14T10:21:48.000Z</time></trkpt><trkpt lat="-8.092572764426484" lon="113.66468741675267"><ele>428.1</ele><time>2026-08-14T10:21:49.000Z</time></trkpt><trkpt lat="-8.092551767759652" lon="113.66468331008598"><ele>428.1</ele><time>2026-08-14T10:21:50.000Z</time></trkpt><trkpt lat="-8.092529891092614" lon="113.66467950675266"><ele>427.9</ele><time>2026-08-14T10:21:51.000Z</time></trkpt><trkpt lat="-8.092507077758821" lon="113.66467525675266"><ele>427.9</ele><time>2026-08-14T10:21:52.000Z</time></trkpt><trkpt lat="-8.09248450775847" lon="113.664672970086"><ele>427.9</ele><time>2026-08-14T10:21:53.000Z</time></trkpt><trkpt lat="-8.092462357758146" lon="113.66467073008603"><ele>427.9</ele><time>2026-08-14T10:21:54.000Z</time></trkpt><trkpt lat="-8.09243981442428" lon="113.66466970008602"><ele>427.9</ele><time>2026-08-14T10:21:55.000Z</time></trkpt><trkpt lat="-8.092417784423779" lon="113.66466979008597"><ele>427.9</ele><time>2026-08-14T10:21:56.000Z</time></trkpt><trkpt lat="-8.092396421090106" lon="113.66467070008596"><ele>427.9</ele><time>2026-08-14T10:21:57.000Z</time></trkpt><trkpt lat="-8.092375637756223" lon="113.66466955008593"><ele>427.9</ele><time>2026-08-14T10:21:58.000Z</time></trkpt><trkpt lat="-8.092354811089034" lon="113.66466814341928"><ele>427.9</ele><time>2026-08-14T10:21:59.000Z</time></trkpt><trkpt lat="-8.092334577755523" lon="113.66466829008596"><ele>427.9</ele><time>2026-08-14T10:22:00.000Z</time></trkpt><trkpt lat="-8.092313247755492" lon="113.66466825008597"><ele>428.1</ele><time>2026-08-14T10:22:01.000Z</time></trkpt><trkpt lat="-8.09229139108864" lon="113.6646690634193"><ele>428.1</ele><time>2026-08-14T10:22:02.000Z</time></trkpt><trkpt lat="-8.092268801088533" lon="113.66467216675264"><ele>428.1</ele><time>2026-08-14T10:22:03.000Z</time></trkpt><trkpt lat="-8.09224696108807" lon="113.66467677675264"><ele>428.1</ele><time>2026-08-14T10:22:04.000Z</time></trkpt><trkpt lat="-8.09222461108761" lon="113.66467975675262"><ele>428.1</ele><time>2026-08-14T10:22:05.000Z</time></trkpt><trkpt lat="-8.092202614420321" lon="113.66468135675254"><ele>428.1</ele><time>2026-08-14T10:22:06.000Z</time></trkpt><trkpt lat="-8.09218097108663" lon="113.66468154341915"><ele>428.1</ele><time>2026-08-14T10:22:07.000Z</time></trkpt><trkpt lat="-8.092159074419838" lon="113.6646801500857"><ele>428.1</ele><time>2026-08-14T10:22:08.000Z</time></trkpt><trkpt lat="-8.09213716108665" lon="113.6646775434189"><ele>428.1</ele><time>2026-08-14T10:22:09.000Z</time></trkpt><trkpt lat="-8.092115241086738" lon="113.66467473675213"><ele>428.1</ele><time>2026-08-14T10:22:10.000Z</time></trkpt><trkpt lat="-8.092094501087017" lon="113.6646724867521"><ele>428.1</ele><time>2026-08-14T10:22:11.000Z</time></trkpt><trkpt lat="-8.092073374420485" lon="113.66466926341869"><ele>428.1</ele><time>2026-08-14T10:22:12.000Z</time></trkpt><trkpt lat="-8.092050921087022" lon="113.66466622675196"><ele>428.1</ele><time>2026-08-14T10:22:13.000Z</time></trkpt><trkpt lat="-8.092030191086753" lon="113.66466297008522"><ele>428.1</ele><time>2026-08-14T10:22:14.000Z</time></trkpt><trkpt lat="-8.092009964419754" lon="113.6646617300851"><ele>428.1</ele><time>2026-08-14T10:22:15.000Z</time></trkpt><trkpt lat="-8.091988194419297" lon="113.66466139675167"><ele>428.1</ele><time>2026-08-14T10:22:16.000Z</time></trkpt><trkpt lat="-8.091967187751948" lon="113.66466320008496"><ele>428.1</ele><time>2026-08-14T10:22:17.000Z</time></trkpt><trkpt lat="-8.091947444418036" lon="113.66466664341829"><ele>428.1</ele><time>2026-08-14T10:22:18.000Z</time></trkpt><trkpt lat="-8.091925044417543" lon="113.66467072008496"><ele>428.1</ele><time>2026-08-14T10:22:19.000Z</time></trkpt><trkpt lat="-8.091902257750238" lon="113.66467362675166"><ele>428.1</ele><time>2026-08-14T10:22:20.000Z</time></trkpt><trkpt lat="-8.091879844416287" lon="113.66467677008502"><ele>428.3</ele><time>2026-08-14T10:22:21.000Z</time></trkpt><trkpt lat="-8.09185753441577" lon="113.6646800000851"><ele>428.3</ele><time>2026-08-14T10:22:22.000Z</time></trkpt><trkpt lat="-8.091836154415276" lon="113.66468339341854"><ele>428.3</ele><time>2026-08-14T10:22:23.000Z</time></trkpt><trkpt lat="-8.091814704414563" lon="113.6646875800853"><ele>428.3</ele><time>2026-08-14T10:22:24.000Z</time></trkpt><trkpt lat="-8.091793414414044" lon="113.6646938567521"><ele>428.3</ele><time>2026-08-14T10:22:25.000Z</time></trkpt><trkpt lat="-8.091772717746771" lon="113.66470019008557"><ele>428.5</ele><time>2026-08-14T10:22:26.000Z</time></trkpt><trkpt lat="-8.091752357746278" lon="113.66470558008567"><ele>428.5</ele><time>2026-08-14T10:22:27.000Z</time></trkpt><trkpt lat="-8.091731477745693" lon="113.6647109600857"><ele>428.5</ele><time>2026-08-14T10:22:28.000Z</time></trkpt><trkpt lat="-8.091710764412028" lon="113.66471619341912"><ele>428.5</ele><time>2026-08-14T10:22:29.000Z</time></trkpt><trkpt lat="-8.091690937744868" lon="113.66471937008585"><ele>428.5</ele><time>2026-08-14T10:22:30.000Z</time></trkpt><trkpt lat="-8.091671309865907" lon="113.66472312766162"><ele>428.9</ele><time>2026-08-14T10:22:31.000Z</time></trkpt><trkpt lat="-8.091651130168728" lon="113.6647276652374"><ele>428.9</ele><time>2026-08-14T10:22:32.000Z</time></trkpt><trkpt lat="-8.091631315623166" lon="113.66473194372229"><ele>428.9</ele><time>2026-08-14T10:22:33.000Z</time></trkpt><trkpt lat="-8.091612145319946" lon="113.6647363216011"><ele>428.9</ele><time>2026-08-14T10:22:34.000Z</time></trkpt><trkpt lat="-8.091592686531916" lon="113.66474106614655"><ele>428.9</ele><time>2026-08-14T10:22:35.000Z</time></trkpt><trkpt lat="-8.091572976228576" lon="113.66474543281315"><ele>429.4</ele><time>2026-08-14T10:22:36.000Z</time></trkpt><trkpt lat="-8.091553750470744" lon="113.66474959947983"><ele>429.4</ele><time>2026-08-14T10:22:37.000Z</time></trkpt><trkpt lat="-8.091534573197821" lon="113.66475371614652"><ele>429.4</ele><time>2026-08-14T10:22:38.000Z</time></trkpt><trkpt lat="-8.091516177743001" lon="113.66475799038898"><ele>429.4</ele><time>2026-08-14T10:22:39.000Z</time></trkpt><trkpt lat="-8.091498377439589" lon="113.66476219402534"><ele>429.4</ele><time>2026-08-14T10:22:40.000Z</time></trkpt><trkpt lat="-8.09147948168177" lon="113.66476568281323"><ele>429.6</ele><time>2026-08-14T10:22:41.000Z</time></trkpt><trkpt lat="-8.091461591681512" lon="113.66477007341932"><ele>429.6</ele><time>2026-08-14T10:22:42.000Z</time></trkpt><trkpt lat="-8.091444696226649" lon="113.66477418463148"><ele>429.6</ele><time>2026-08-14T10:22:43.000Z</time></trkpt><trkpt lat="-8.091427751680772" lon="113.66477795887394"><ele>429.6</ele><time>2026-08-14T10:22:44.000Z</time></trkpt><trkpt lat="-8.091410567741045" lon="113.66478192675272"><ele>429.6</ele><time>2026-08-14T10:22:45.000Z</time></trkpt><trkpt lat="-8.091394747740733" lon="113.66478734008608"><ele>430.1</ele><time>2026-08-14T10:22:46.000Z</time></trkpt><trkpt lat="-8.091377731073623" lon="113.66479288341948"><ele>430.1</ele><time>2026-08-14T10:22:47.000Z</time></trkpt><trkpt lat="-8.09136071440651" lon="113.66480028008621"><ele>430.1</ele><time>2026-08-14T10:22:48.000Z</time></trkpt><trkpt lat="-8.091343441072931" lon="113.66480824008632"><ele>430.1</ele><time>2026-08-14T10:22:49.000Z</time></trkpt><trkpt lat="-8.09132660107262" lon="113.6648166267531"><ele>430.1</ele><time>2026-08-14T10:22:50.000Z</time></trkpt><trkpt lat="-8.091308991072262" lon="113.66482418008654"><ele>430.8</ele><time>2026-08-14T10:22:51.000Z</time></trkpt><trkpt lat="-8.091291681072105" lon="113.66483101341994"><ele>430.8</ele><time>2026-08-14T10:22:52.000Z</time></trkpt><trkpt lat="-8.091274631071997" lon="113.6648362900867"><ele>430.8</ele><time>2026-08-14T10:22:53.000Z</time></trkpt><trkpt lat="-8.091258687738499" lon="113.6648413634201"><ele>430.8</ele><time>2026-08-14T10:22:54.000Z</time></trkpt><trkpt lat="-8.091242487738317" lon="113.66484560008686"><ele>430.8</ele><time>2026-08-14T10:22:55.000Z</time></trkpt><trkpt lat="-8.09122638440484" lon="113.66485069008698"><ele>431.1</ele><time>2026-08-14T10:22:56.000Z</time></trkpt><trkpt lat="-8.091211484404676" lon="113.6648563367537"><ele>431.1</ele><time>2026-08-14T10:22:57.000Z</time></trkpt><trkpt lat="-8.091195317737707" lon="113.66486346008722"><ele>431.1</ele><time>2026-08-14T10:22:58.000Z</time></trkpt><trkpt lat="-8.091179337737417" lon="113.66487186342074"><ele>431.1</ele><time>2026-08-14T10:22:59.000Z</time></trkpt><trkpt lat="-8.091164421070433" lon="113.66488113342093"><ele>431.1</ele><time>2026-08-14T10:23:00.000Z</time></trkpt><trkpt lat="-8.09115100107002" lon="113.6648905100878"><ele>431.8</ele><time>2026-08-14T10:23:01.000Z</time></trkpt><trkpt lat="-8.091138704402933" lon="113.66489998675463"><ele>431.8</ele><time>2026-08-14T10:23:02.000Z</time></trkpt><trkpt lat="-8.091127677736015" lon="113.66490711675468"><ele>431.8</ele><time>2026-08-14T10:23:03.000Z</time></trkpt><trkpt lat="-8.091119111069123" lon="113.66491744342126"><ele>431.8</ele><time>2026-08-14T10:23:04.000Z</time></trkpt><trkpt lat="-8.091107494402214" lon="113.66491756008793"><ele>431.8</ele><time>2026-08-14T10:23:05.000Z</time></trkpt></trkseg></trk></gpx>